audit_id,fecha,linea,turno,auditor,operador_id,operador_fuera_de_matriz,medicion_vernier_mm,nominal_mm,comentario_auditor,score_cumplimiento,P1_EPP,P2_VERNIER,P3_IT,P4_POLIVALENCIA,P5_5S,P6_REGISTRO,P7_TIEMPO_CICLO,P8_NO_CONFORME
1,2025-06-01,Línea 1,Nocturno,A. Torres,OP022,False,24.997,25.0,"Certificación vigente pero próxima a vencer, requiere recertificación.",0.938,OK,OK,OK,No OK con acción,OK,OK,OK,OK
2,2025-06-01,Línea 2,Nocturno,J. Ramírez,OP030,False,24.981,25.0,"Operador se adelanta al tiempo estándar, riesgo de omitir pasos.",0.938,OK,OK,OK,OK,OK,OK,No OK con acción,OK
3,2025-06-01,Línea 4,Vespertino,M. Hernández,OP016,False,25.003,25.0,Omite paso de verificación intermedio marcado en la IT. Acumulación de material en pasillo de evacuación. Pieza no conforme detectada sin segregar en área roja.,0.75,OK,OK,No OK con acción,OK,No OK con acción,OK,OK,No OK sin acción
4,2025-06-02,Línea 1,Vespertino,L. Cruz,OP001,False,24.996,25.0,No se registró la hora de la medición.,0.938,OK,OK,OK,OK,OK,No OK con acción,OK,OK
7,2025-06-02,Línea 2,Matutino,L. Cruz,OP017,False,25.006,25.0,"Registro de calidad incompleto en el turno. Tiempo de ciclo por encima del estándar, genera cuello de botella.",0.812,OK,OK,OK,OK,OK,No OK con acción,No OK sin acción,OK
6,2025-06-02,Línea 2,Vespertino,M. Hernández,OP015,False,25.011,25.0,Registro de calidad incompleto en el turno.,0.938,OK,OK,OK,OK,OK,No OK con acción,OK,OK
5,2025-06-02,Línea 3,Vespertino,J. Ramírez,OP003,False,24.959,25.0,Operador realiza secuencia distinta a la instrucción de trabajo vigente.,0.938,OK,OK,No OK con acción,OK,OK,OK,OK,OK
9,2025-06-03,Línea 1,Vespertino,L. Cruz,OP029,True,24.995,25.0,Operador de otra línea cubre ausentismo sin entrenamiento formal. Herramientas fuera de su lugar identificado.,0.875,OK,OK,OK,No OK con acción,No OK con acción,OK,OK,OK
10,2025-06-03,Línea 3,Matutino,J. Ramírez,OP020,True,25.008,25.0,"Certificación vigente pero próxima a vencer, requiere recertificación. Acumulación de material en pasillo de evacuación.",0.812,OK,OK,OK,No OK sin acción,No OK con acción,OK,OK,OK
8,2025-06-03,Línea 3,Nocturno,J. Ramírez,OP015,False,24.974,25.0,Operador realiza secuencia distinta a la instrucción de trabajo vigente. Etiqueta de no conformidad mal llenada.,0.812,OK,OK,No OK sin acción,OK,OK,OK,OK,No OK con acción
11,2025-06-04,Línea 2,Matutino,J. Ramírez,OP030,False,24.998,25.0,Operador realiza secuencia distinta a la instrucción de trabajo vigente. Herramientas fuera de su lugar identificado.,0.812,OK,OK,No OK con acción,OK,No OK sin acción,OK,OK,OK
12,2025-06-04,Línea 4,Vespertino,A. Torres,OP022,False,25.017,25.0,Operación conforme al estándar de la operación.,1.0,OK,OK,OK,OK,OK,OK,OK,OK
14,2025-06-05,Línea 1,Vespertino,A. Torres,OP026,False,25.013,25.0,"Operador se adelanta al tiempo estándar, riesgo de omitir pasos. Etiqueta de no conformidad mal llenada.",0.812,OK,OK,OK,OK,OK,OK,No OK con acción,No OK sin acción
13,2025-06-05,Línea 3,Matutino,A. Torres,OP010,False,25.001,25.0,"Falta guantes de protección, se corrigió en el momento.",0.875,No OK sin acción,OK,OK,OK,OK,OK,OK,OK
15,2025-06-05,Línea 3,Nocturno,L. Cruz,OP032,False,25.008,25.0,Todo en orden durante la auditoría.,1.0,OK,OK,OK,OK,OK,OK,OK,OK
19,2025-06-06,Línea 1,Nocturno,M. Hernández,OP016,False,24.984,25.0,"Operador no verifica cero del vernier antes de medir. Certificación vigente pero próxima a vencer, requiere recertificación. Tiempo de ciclo por encima del estándar, genera cuello de botella.",0.75,OK,No OK sin acción,OK,No OK con acción,OK,OK,No OK con acción,OK
16,2025-06-06,Línea 3,Vespertino,A. Torres,OP030,False,25.005,25.0,Pieza no conforme detectada sin segregar en área roja.,0.875,OK,OK,OK,OK,OK,OK,OK,No OK sin acción
17,2025-06-06,Línea 4,Matutino,A. Torres,OP040,False,24.996,25.0,"Operador sin lentes de seguridad al momento de la auditoría. Acumulación de material en pasillo de evacuación. Tiempo de ciclo por encima del estándar, genera cuello de botella. Pieza no conforme detectada sin segregar en área roja.",0.625,No OK con acción,OK,OK,OK,No OK sin acción,OK,No OK sin acción,No OK con acción
18,2025-06-06,Línea 4,Matutino,A. Torres,OP024,False,24.954,25.0,Etiqueta de no conformidad mal llenada.,0.875,OK,OK,OK,OK,OK,OK,OK,No OK sin acción
20,2025-06-06,Línea 4,Matutino,J. Ramírez,OP003,False,25.027,25.0,"Omite paso de verificación intermedio marcado en la IT. Operador se adelanta al tiempo estándar, riesgo de omitir pasos.",0.875,OK,OK,No OK con acción,OK,OK,OK,No OK con acción,OK
24,2025-06-07,Línea 3,Matutino,A. Torres,OP015,False,24.977,25.0,Operación conforme al estándar de la operación.,1.0,OK,OK,OK,OK,OK,OK,OK,OK
21,2025-06-07,Línea 3,Nocturno,A. Torres,OP008,False,24.988,25.0,"Omite paso de verificación intermedio marcado en la IT. Operador se adelanta al tiempo estándar, riesgo de omitir pasos.",0.75,OK,OK,No OK sin acción,OK,OK,OK,No OK sin acción,OK
23,2025-06-07,Línea 3,Vespertino,J. Ramírez,OP007,False,24.978,25.0,Todo en orden durante la auditoría.,1.0,OK,OK,OK,OK,OK,OK,OK,OK
22,2025-06-07,Línea 4,Nocturno,J. Ramírez,OP024,False,25.007,25.0,Operador de otra línea cubre ausentismo sin entrenamiento formal. Etiqueta de no conformidad mal llenada.,0.875,OK,OK,OK,No OK con acción,OK,OK,OK,No OK con acción
28,2025-06-08,Línea 2,Nocturno,L. Cruz,OP009,False,24.969,25.0,"Bata y calzado de seguridad correctos, pero sin cofia. Acumulación de material en pasillo de evacuación. Etiqueta de no conformidad mal llenada.",0.812,No OK con acción,OK,OK,OK,No OK con acción,OK,OK,No OK con acción
25,2025-06-08,Línea 3,Matutino,M. Hernández,OP030,False,25.013,25.0,Tapones auditivos no colocados correctamente.,0.875,No OK sin acción,OK,OK,OK,OK,OK,OK,OK
27,2025-06-08,Línea 3,Nocturno,A. Torres,OP015,False,24.959,25.0,No registra la medición en el formato de control.,0.875,OK,No OK sin acción,OK,OK,OK,OK,OK,OK
26,2025-06-08,Línea 4,Matutino,L. Cruz,OP024,False,24.97,25.0,Datos capturados con letra ilegible / con tachaduras.,0.938,OK,OK,OK,OK,OK,No OK con acción,OK,OK
29,2025-06-09,Línea 2,Vespertino,L. Cruz,OP019,False,25.013,25.0,Omite paso de verificación intermedio marcado en la IT.,0.875,OK,OK,No OK sin acción,OK,OK,OK,OK,OK
30,2025-06-09,Línea 3,Nocturno,A. Torres,OP017,False,25.018,25.0,"Falta guantes de protección, se corrigió en el momento. No tiene la IT disponible en el puesto de trabajo. Etiqueta de no conformidad mal llenada.",0.75,No OK con acción,OK,No OK con acción,OK,OK,OK,OK,No OK sin acción
31,2025-06-10,Línea 2,Matutino,J. Ramírez,OP025,False,24.995,25.0,"Tiempo de ciclo por encima del estándar, genera cuello de botella.",0.875,OK,OK,OK,OK,OK,OK,No OK sin acción,OK
32,2025-06-10,Línea 3,Vespertino,L. Cruz,OP021,False,24.992,25.0,"Bata y calzado de seguridad correctos, pero sin cofia. Registro de calidad incompleto en el turno.",0.812,No OK con acción,OK,OK,OK,OK,No OK sin acción,OK,OK
33,2025-06-11,Línea 1,Matutino,J. Ramírez,OP039,False,25.032,25.0,"Falta guantes de protección, se corrigió en el momento. Operador no verifica cero del vernier antes de medir. No se registró la hora de la medición.",0.75,No OK con acción,No OK con acción,OK,OK,OK,No OK sin acción,OK,OK
34,2025-06-11,Línea 2,Vespertino,J. Ramírez,OP025,False,24.988,25.0,"Operador se adelanta al tiempo estándar, riesgo de omitir pasos.",0.938,OK,OK,OK,OK,OK,OK,No OK con acción,OK
35,2025-06-11,Línea 3,Vespertino,J. Ramírez,OP021,False,24.91,25.0,"Vernier fuera de calibración vigente, se retiró de línea. Omite paso de verificación intermedio marcado en la IT. Datos capturados con letra ilegible / con tachaduras.",0.812,OK,No OK con acción,No OK con acción,OK,OK,No OK con acción,OK,OK
38,2025-06-12,Línea 1,Matutino,A. Torres,OP006,False,24.99,25.0,"Operador sin lentes de seguridad al momento de la auditoría. Tiempo de ciclo por encima del estándar, genera cuello de botella. Producto sospechoso mezclado con producto bueno.",0.688,No OK con acción,OK,OK,OK,OK,OK,No OK sin acción,No OK sin acción
37,2025-06-12,Línea 3,Vespertino,J. Ramírez,OP031,False,25.016,25.0,"Técnica de medición incorrecta, genera lecturas variables. Acumulación de material en pasillo de evacuación. Registro de calidad incompleto en el turno.",0.75,OK,No OK sin acción,OK,OK,No OK con acción,No OK con acción,OK,OK
36,2025-06-12,Línea 4,Nocturno,M. Hernández,OP014,False,25.012,25.0,Omite paso de verificación intermedio marcado en la IT. Acumulación de material en pasillo de evacuación.,0.812,OK,OK,No OK sin acción,OK,No OK con acción,OK,OK,OK
40,2025-06-13,Línea 1,Matutino,L. Cruz,OP004,False,25.0,25.0,Operación conforme al estándar de la operación.,1.0,OK,OK,OK,OK,OK,OK,OK,OK
39,2025-06-13,Línea 3,Matutino,A. Torres,OP021,False,25.022,25.0,Operador cubre la estación sin estar certificado en la matriz de polivalencia.,0.938,OK,OK,OK,No OK con acción,OK,OK,OK,OK
43,2025-06-14,Línea 1,Nocturno,M. Hernández,OP011,True,25.025,25.0,"No tiene la IT disponible en el puesto de trabajo. Certificación vigente pero próxima a vencer, requiere recertificación. Datos capturados con letra ilegible / con tachaduras. Operador se adelanta al tiempo estándar, riesgo de omitir pasos.",0.625,OK,OK,No OK sin acción,No OK sin acción,OK,No OK con acción,No OK con acción,OK
41,2025-06-14,Línea 1,Vespertino,M. Hernández,OP020,False,25.046,25.0,"Técnica de medición incorrecta, genera lecturas variables.",0.938,OK,No OK con acción,OK,OK,OK,OK,OK,OK
42,2025-06-14,Línea 2,Vespertino,J. Ramírez,OP009,False,25.024,25.0,Operador realiza secuencia distinta a la instrucción de trabajo vigente.,0.938,OK,OK,No OK con acción,OK,OK,OK,OK,OK
45,2025-06-14,Línea 3,Matutino,M. Hernández,OP007,False,24.975,25.0,No tiene la IT disponible en el puesto de trabajo. Acumulación de material en pasillo de evacuación.,0.812,OK,OK,No OK con acción,OK,No OK sin acción,OK,OK,OK
44,2025-06-14,Línea 4,Vespertino,M. Hernández,OP012,True,25.004,25.0,"Operador de otra línea cubre ausentismo sin entrenamiento formal. Operador se adelanta al tiempo estándar, riesgo de omitir pasos.",0.812,OK,OK,OK,No OK sin acción,OK,OK,No OK con acción,OK
46,2025-06-15,Línea 1,Vespertino,A. Torres,OP006,False,25.022,25.0,Operador realiza secuencia distinta a la instrucción de trabajo vigente.,0.938,OK,OK,No OK con acción,OK,OK,OK,OK,OK
49,2025-06-15,Línea 1,Vespertino,J. Ramírez,OP009,True,25.001,25.0,"No tiene la IT disponible en el puesto de trabajo. Certificación vigente pero próxima a vencer, requiere recertificación. Operador se adelanta al tiempo estándar, riesgo de omitir pasos.",0.75,OK,OK,No OK con acción,No OK sin acción,OK,OK,No OK con acción,OK
47,2025-06-15,Línea 2,Nocturno,L. Cruz,OP030,False,24.93,25.0,"Vernier fuera de calibración vigente, se retiró de línea. Herramientas fuera de su lugar identificado. Operador se adelanta al tiempo estándar, riesgo de omitir pasos.",0.812,OK,No OK con acción,OK,OK,No OK con acción,OK,No OK con acción,OK
48,2025-06-15,Línea 2,Vespertino,A. Torres,OP022,False,24.993,25.0,"Tiempo de ciclo por encima del estándar, genera cuello de botella.",0.875,OK,OK,OK,OK,OK,OK,No OK sin acción,OK
51,2025-06-16,Línea 1,Matutino,J. Ramírez,OP001,False,25.006,25.0,"Tapones auditivos no colocados correctamente. Datos capturados con letra ilegible / con tachaduras. Tiempo de ciclo por encima del estándar, genera cuello de botella.",0.625,No OK sin acción,OK,OK,OK,OK,No OK sin acción,No OK sin acción,OK
50,2025-06-16,Línea 2,Matutino,A. Torres,OP008,False,24.965,25.0,Operador no verifica cero del vernier antes de medir.,0.938,OK,No OK con acción,OK,OK,OK,OK,OK,OK
52,2025-06-16,Línea 4,Matutino,J. Ramírez,OP021,True,25.008,25.0,"Falta guantes de protección, se corrigió en el momento. Certificación vigente pero próxima a vencer, requiere recertificación.",0.75,No OK sin acción,OK,OK,No OK sin acción,OK,OK,OK,OK
54,2025-06-17,Línea 2,Matutino,A. Torres,OP010,False,25.009,25.0,Operador sin lentes de seguridad al momento de la auditoría.,0.875,No OK sin acción,OK,OK,OK,OK,OK,OK,OK
53,2025-06-17,Línea 4,Nocturno,J. Ramírez,OP010,False,25.032,25.0,"Técnica de medición incorrecta, genera lecturas variables. IT desactualizada en el puesto, no coincide con el proceso actual. Producto sospechoso mezclado con producto bueno.",0.75,OK,No OK con acción,No OK con acción,OK,OK,OK,OK,No OK sin acción
55,2025-06-18,Línea 1,Nocturno,A. Torres,OP018,False,24.993,25.0,Acumulación de material en pasillo de evacuación.,0.938,OK,OK,OK,OK,No OK con acción,OK,OK,OK
56,2025-06-18,Línea 3,Nocturno,J. Ramírez,OP030,False,24.999,25.0,"Omite paso de verificación intermedio marcado en la IT. Registro de calidad incompleto en el turno. Operador se adelanta al tiempo estándar, riesgo de omitir pasos. Pieza no conforme detectada sin segregar en área roja.",0.688,OK,OK,No OK con acción,OK,OK,No OK sin acción,No OK con acción,No OK con acción
57,2025-06-18,Línea 3,Nocturno,A. Torres,OP012,True,24.972,25.0,Operador cubre la estación sin estar certificado en la matriz de polivalencia.,0.938,OK,OK,OK,No OK con acción,OK,OK,OK,OK
59,2025-06-18,Línea 3,Vespertino,A. Torres,OP031,False,25.007,25.0,Omite paso de verificación intermedio marcado en la IT.,0.938,OK,OK,No OK con acción,OK,OK,OK,OK,OK
58,2025-06-18,Línea 4,Vespertino,M. Hernández,OP040,False,25.03,25.0,No tiene la IT disponible en el puesto de trabajo. Datos capturados con letra ilegible / con tachaduras.,0.875,OK,OK,No OK con acción,OK,OK,No OK con acción,OK,OK
61,2025-06-19,Línea 3,Nocturno,M. Hernández,OP010,False,25.0,25.0,"Vernier fuera de calibración vigente, se retiró de línea. Herramientas fuera de su lugar identificado.",0.812,OK,No OK sin acción,OK,OK,No OK con acción,OK,OK,OK
60,2025-06-19,Línea 3,Vespertino,M. Hernández,OP028,True,25.007,25.0,Operador de otra línea cubre ausentismo sin entrenamiento formal.,0.938,OK,OK,OK,No OK con acción,OK,OK,OK,OK
62,2025-06-19,Línea 4,Vespertino,M. Hernández,OP035,False,25.009,25.0,"Operador se adelanta al tiempo estándar, riesgo de omitir pasos.",0.875,OK,OK,OK,OK,OK,OK,No OK sin acción,OK
63,2025-06-20,Línea 3,Nocturno,J. Ramírez,OP029,False,25.023,25.0,Operación conforme al estándar de la operación.,1.0,OK,OK,OK,OK,OK,OK,OK,OK
64,2025-06-20,Línea 4,Matutino,A. Torres,OP003,False,24.965,25.0,"Vernier fuera de calibración vigente, se retiró de línea. Contenedores de scrap sin identificar correctamente.",0.875,OK,No OK con acción,OK,OK,No OK con acción,OK,OK,OK
66,2025-06-21,Línea 1,Vespertino,L. Cruz,OP027,True,25.017,25.0,"Tapones auditivos no colocados correctamente. Operador se adelanta al tiempo estándar, riesgo de omitir pasos.",0.812,No OK con acción,OK,OK,OK,OK,OK,No OK sin acción,OK
65,2025-06-21,Línea 4,Matutino,L. Cruz,OP008,False,24.961,25.0,"Técnica de medición incorrecta, genera lecturas variables. Operador realiza secuencia distinta a la instrucción de trabajo vigente.",0.812,OK,No OK sin acción,No OK con acción,OK,OK,OK,OK,OK
67,2025-06-21,Línea 4,Vespertino,M. Hernández,OP035,False,24.995,25.0,Tapones auditivos no colocados correctamente.,0.938,No OK con acción,OK,OK,OK,OK,OK,OK,OK
71,2025-06-22,Línea 1,Matutino,M. Hernández,OP001,False,24.974,25.0,"Sin observaciones, cumple con el estándar.",1.0,OK,OK,OK,OK,OK,OK,OK,OK
69,2025-06-22,Línea 1,Nocturno,M. Hernández,OP016,False,25.019,25.0,Etiqueta de no conformidad mal llenada.,0.938,OK,OK,OK,OK,OK,OK,OK,No OK con acción
68,2025-06-22,Línea 1,Vespertino,J. Ramírez,OP018,False,25.002,25.0,Operador no verifica cero del vernier antes de medir.,0.875,OK,No OK sin acción,OK,OK,OK,OK,OK,OK
72,2025-06-22,Línea 3,Vespertino,M. Hernández,OP028,True,24.981,25.0,No tiene la IT disponible en el puesto de trabajo. Operador cubre la estación sin estar certificado en la matriz de polivalencia. Datos capturados con letra ilegible / con tachaduras.,0.75,OK,OK,No OK sin acción,No OK con acción,OK,No OK con acción,OK,OK
70,2025-06-22,Línea 4,Vespertino,J. Ramírez,OP037,False,25.108,25.0,"Falta guantes de protección, se corrigió en el momento. Vernier fuera de calibración vigente, se retiró de línea.",0.812,No OK sin acción,No OK con acción,OK,OK,OK,OK,OK,OK
73,2025-06-23,Línea 1,Matutino,J. Ramírez,OP002,False,25.018,25.0,Operación conforme al estándar de la operación.,1.0,OK,OK,OK,OK,OK,OK,OK,OK
74,2025-06-23,Línea 2,Nocturno,J. Ramírez,OP025,False,25.015,25.0,Herramientas fuera de su lugar identificado. Registro de calidad incompleto en el turno.,0.812,OK,OK,OK,OK,No OK sin acción,No OK con acción,OK,OK
77,2025-06-24,Línea 2,Matutino,L. Cruz,OP011,False,25.013,25.0,Operación conforme al estándar de la operación.,1.0,OK,OK,OK,OK,OK,OK,OK,OK
75,2025-06-24,Línea 2,Vespertino,L. Cruz,OP030,False,25.026,25.0,Operador sin lentes de seguridad al momento de la auditoría. No tiene la IT disponible en el puesto de trabajo.,0.875,No OK con acción,OK,No OK con acción,OK,OK,OK,OK,OK
76,2025-06-24,Línea 2,Vespertino,M. Hernández,OP013,False,24.985,25.0,Omite paso de verificación intermedio marcado en la IT.,0.875,OK,OK,No OK sin acción,OK,OK,OK,OK,OK
78,2025-06-24,Línea 4,Vespertino,J. Ramírez,OP026,True,24.957,25.0,Operador sin lentes de seguridad al momento de la auditoría.,0.938,No OK con acción,OK,OK,OK,OK,OK,OK,OK
79,2025-06-24,Línea 4,Vespertino,J. Ramírez,OP018,True,24.977,25.0,"No tiene la IT disponible en el puesto de trabajo. Certificación vigente pero próxima a vencer, requiere recertificación. Producto sospechoso mezclado con producto bueno.",0.75,OK,OK,No OK con acción,No OK con acción,OK,OK,OK,No OK sin acción
82,2025-06-25,Línea 2,Matutino,J. Ramírez,OP009,False,24.938,25.0,Operador sin lentes de seguridad al momento de la auditoría. Operador no verifica cero del vernier antes de medir. Operador cubre la estación sin estar certificado en la matriz de polivalencia.,0.688,No OK con acción,No OK sin acción,OK,No OK sin acción,OK,OK,OK,OK
83,2025-06-25,Línea 2,Matutino,L. Cruz,OP019,False,24.896,25.0,"Falta guantes de protección, se corrigió en el momento. No registra la medición en el formato de control. Operador cubre la estación sin estar certificado en la matriz de polivalencia. No se registró la hora de la medición.",0.688,No OK con acción,No OK sin acción,OK,No OK con acción,OK,No OK con acción,OK,OK
84,2025-06-25,Línea 2,Matutino,L. Cruz,OP009,False,24.981,25.0,"Tapones auditivos no colocados correctamente. No registra la medición en el formato de control. IT desactualizada en el puesto, no coincide con el proceso actual. Contenedores de scrap sin identificar correctamente. Tiempo de ciclo por encima del estándar, genera cuello de botella.",0.5,No OK con acción,No OK sin acción,No OK sin acción,OK,No OK con acción,OK,No OK sin acción,OK
81,2025-06-25,Línea 3,Matutino,L. Cruz,OP017,False,24.968,25.0,Operación conforme al estándar de la operación.,1.0,OK,OK,OK,OK,OK,OK,OK,OK
80,2025-06-25,Línea 4,Nocturno,M. Hernández,OP005,False,25.011,25.0,"Operador sin lentes de seguridad al momento de la auditoría. No tiene la IT disponible en el puesto de trabajo. Tiempo de ciclo por encima del estándar, genera cuello de botella.",0.688,No OK con acción,OK,No OK sin acción,OK,OK,OK,No OK sin acción,OK
86,2025-06-26,Línea 1,Matutino,L. Cruz,OP002,False,25.134,25.0,"Vernier fuera de calibración vigente, se retiró de línea. Datos capturados con letra ilegible / con tachaduras.",0.812,OK,No OK con acción,OK,OK,OK,No OK sin acción,OK,OK
87,2025-06-26,Línea 2,Nocturno,A. Torres,OP011,False,24.995,25.0,Producto sospechoso mezclado con producto bueno.,0.938,OK,OK,OK,OK,OK,OK,OK,No OK con acción
85,2025-06-26,Línea 4,Matutino,A. Torres,OP005,False,24.981,25.0,Operador no verifica cero del vernier antes de medir. Operador realiza secuencia distinta a la instrucción de trabajo vigente. Registro de calidad incompleto en el turno. Pieza no conforme detectada sin segregar en área roja.,0.625,OK,No OK con acción,No OK sin acción,OK,OK,No OK con acción,OK,No OK sin acción
88,2025-06-26,Línea 4,Matutino,J. Ramírez,OP022,False,24.997,25.0,Omite paso de verificación intermedio marcado en la IT.,0.938,OK,OK,No OK con acción,OK,OK,OK,OK,OK
89,2025-06-27,Línea 1,Nocturno,J. Ramírez,OP022,False,25.019,25.0,Omite paso de verificación intermedio marcado en la IT. No se registró la hora de la medición.,0.75,OK,OK,No OK sin acción,OK,OK,No OK sin acción,OK,OK
92,2025-06-27,Línea 2,Matutino,A. Torres,OP026,False,24.996,25.0,"Datos capturados con letra ilegible / con tachaduras. Tiempo de ciclo por encima del estándar, genera cuello de botella.",0.875,OK,OK,OK,OK,OK,No OK con acción,No OK con acción,OK
91,2025-06-27,Línea 3,Matutino,A. Torres,OP030,False,25.007,25.0,Operador cubre la estación sin estar certificado en la matriz de polivalencia.,0.875,OK,OK,OK,No OK sin acción,OK,OK,OK,OK
90,2025-06-27,Línea 4,Matutino,L. Cruz,OP027,False,24.989,25.0,No registra la medición en el formato de control.,0.938,OK,No OK con acción,OK,OK,OK,OK,OK,OK
94,2025-06-28,Línea 1,Nocturno,L. Cruz,OP020,False,25.02,25.0,"Bata y calzado de seguridad correctos, pero sin cofia.",0.875,No OK sin acción,OK,OK,OK,OK,OK,OK,OK
93,2025-06-28,Línea 2,Matutino,A. Torres,OP008,False,24.994,25.0,"Tiempo de ciclo por encima del estándar, genera cuello de botella.",0.875,OK,OK,OK,OK,OK,OK,No OK sin acción,OK
95,2025-06-28,Línea 3,Matutino,L. Cruz,OP008,False,25.024,25.0,"Bata y calzado de seguridad correctos, pero sin cofia. Operador no verifica cero del vernier antes de medir. Registro de calidad incompleto en el turno.",0.688,No OK sin acción,No OK sin acción,OK,OK,OK,No OK con acción,OK,OK
96,2025-06-29,Línea 1,Matutino,M. Hernández,OP039,False,25.001,25.0,"Tapones auditivos no colocados correctamente. Operador realiza secuencia distinta a la instrucción de trabajo vigente. Operador cubre la estación sin estar certificado en la matriz de polivalencia. Contenedores de scrap sin identificar correctamente. Tiempo de ciclo por encima del estándar, genera cuello de botella.",0.625,No OK sin acción,OK,No OK con acción,No OK con acción,No OK con acción,OK,No OK con acción,OK
97,2025-06-29,Línea 2,Nocturno,M. Hernández,OP027,False,24.98,25.0,"Tapones auditivos no colocados correctamente. Operador realiza secuencia distinta a la instrucción de trabajo vigente. Registro de calidad incompleto en el turno. Tiempo de ciclo por encima del estándar, genera cuello de botella.",0.75,No OK con acción,OK,No OK con acción,OK,OK,No OK con acción,No OK con acción,OK
101,2025-06-30,Línea 1,Vespertino,M. Hernández,OP004,False,25.025,25.0,Producto sospechoso mezclado con producto bueno.,0.875,OK,OK,OK,OK,OK,OK,OK,No OK sin acción
99,2025-06-30,Línea 2,Matutino,A. Torres,OP009,False,25.001,25.0,"Bata y calzado de seguridad correctos, pero sin cofia. Contenedores de scrap sin identificar correctamente. Registro de calidad incompleto en el turno.",0.812,No OK con acción,OK,OK,OK,No OK con acción,No OK con acción,OK,OK
100,2025-06-30,Línea 2,Matutino,L. Cruz,OP022,False,25.0,25.0,"Bata y calzado de seguridad correctos, pero sin cofia. Operador realiza secuencia distinta a la instrucción de trabajo vigente. Datos capturados con letra ilegible / con tachaduras.",0.75,No OK con acción,OK,No OK con acción,OK,OK,No OK sin acción,OK,OK
98,2025-06-30,Línea 2,Vespertino,M. Hernández,OP028,False,24.981,25.0,"Vernier fuera de calibración vigente, se retiró de línea. IT desactualizada en el puesto, no coincide con el proceso actual.",0.875,OK,No OK con acción,No OK con acción,OK,OK,OK,OK,OK
104,2025-07-01,Línea 2,Matutino,J. Ramírez,OP026,False,25.142,25.0,"Operador no verifica cero del vernier antes de medir. Operador se adelanta al tiempo estándar, riesgo de omitir pasos.",0.875,OK,No OK con acción,OK,OK,OK,OK,No OK con acción,OK
105,2025-07-01,Línea 3,Matutino,A. Torres,OP003,False,24.988,25.0,"Sin observaciones, cumple con el estándar.",1.0,OK,OK,OK,OK,OK,OK,OK,OK
103,2025-07-01,Línea 3,Nocturno,L. Cruz,OP010,False,25.025,25.0,Todo en orden durante la auditoría.,1.0,OK,OK,OK,OK,OK,OK,OK,OK
102,2025-07-01,Línea 3,Vespertino,A. Torres,OP017,False,24.995,25.0,"No registra la medición en el formato de control. No tiene la IT disponible en el puesto de trabajo. Datos capturados con letra ilegible / con tachaduras. Tiempo de ciclo por encima del estándar, genera cuello de botella.",0.688,OK,No OK sin acción,No OK con acción,OK,OK,No OK con acción,No OK con acción,OK
106,2025-07-01,Línea 4,Matutino,L. Cruz,OP024,False,25.002,25.0,Tapones auditivos no colocados correctamente. Producto sospechoso mezclado con producto bueno.,0.812,No OK sin acción,OK,OK,OK,OK,OK,OK,No OK con acción
109,2025-07-02,Línea 2,Vespertino,M. Hernández,OP008,False,25.017,25.0,Operación conforme al estándar de la operación.,1.0,OK,OK,OK,OK,OK,OK,OK,OK
110,2025-07-02,Línea 2,Vespertino,A. Torres,OP028,False,25.029,25.0,No se registró la hora de la medición.,0.938,OK,OK,OK,OK,OK,No OK con acción,OK,OK
108,2025-07-02,Línea 4,Matutino,L. Cruz,OP010,False,25.022,25.0,"No tiene la IT disponible en el puesto de trabajo. Operador se adelanta al tiempo estándar, riesgo de omitir pasos.",0.875,OK,OK,No OK con acción,OK,OK,OK,No OK con acción,OK
107,2025-07-02,Línea 4,Vespertino,J. Ramírez,OP034,False,25.002,25.0,Operación conforme al estándar de la operación.,1.0,OK,OK,OK,OK,OK,OK,OK,OK
112,2025-07-03,Línea 1,Matutino,J. Ramírez,OP026,False,25.019,25.0,"Falta guantes de protección, se corrigió en el momento. Operador se adelanta al tiempo estándar, riesgo de omitir pasos.",0.875,No OK con acción,OK,OK,OK,OK,OK,No OK con acción,OK
111,2025-07-03,Línea 1,Vespertino,M. Hernández,OP022,False,24.963,25.0,Omite paso de verificación intermedio marcado en la IT.,0.938,OK,OK,No OK con acción,OK,OK,OK,OK,OK
115,2025-07-04,Línea 2,Matutino,M. Hernández,OP028,False,25.01,25.0,Todo en orden durante la auditoría.,1.0,OK,OK,OK,OK,OK,OK,OK,OK
113,2025-07-04,Línea 4,Matutino,M. Hernández,OP014,False,25.013,25.0,Operador realiza secuencia distinta a la instrucción de trabajo vigente. Datos capturados con letra ilegible / con tachaduras.,0.812,OK,OK,No OK sin acción,OK,OK,No OK con acción,OK,OK
114,2025-07-04,Línea 4,Nocturno,A. Torres,OP037,False,25.0,25.0,"Bata y calzado de seguridad correctos, pero sin cofia. Etiqueta de no conformidad mal llenada.",0.875,No OK con acción,OK,OK,OK,OK,OK,OK,No OK con acción
117,2025-07-05,Línea 1,Vespertino,J. Ramírez,OP033,False,24.96,25.0,Tapones auditivos no colocados correctamente.,0.938,No OK con acción,OK,OK,OK,OK,OK,OK,OK
116,2025-07-05,Línea 4,Matutino,M. Hernández,OP005,False,25.017,25.0,Registro de calidad incompleto en el turno. Producto sospechoso mezclado con producto bueno.,0.875,OK,OK,OK,OK,OK,No OK con acción,OK,No OK con acción
119,2025-07-06,Línea 1,Nocturno,J. Ramírez,OP020,False,25.062,25.0,"Operador sin lentes de seguridad al momento de la auditoría. Vernier fuera de calibración vigente, se retiró de línea. Operador realiza secuencia distinta a la instrucción de trabajo vigente. Operador cubre la estación sin estar certificado en la matriz de polivalencia. Datos capturados con letra ilegible / con tachaduras.",0.438,No OK con acción,No OK sin acción,No OK sin acción,No OK sin acción,OK,No OK sin acción,OK,OK
118,2025-07-06,Línea 3,Vespertino,M. Hernández,OP017,False,25.009,25.0,Todo en orden durante la auditoría.,1.0,OK,OK,OK,OK,OK,OK,OK,OK
120,2025-07-06,Línea 3,Vespertino,J. Ramírez,OP033,True,24.992,25.0,Operador de otra línea cubre ausentismo sin entrenamiento formal.,0.875,OK,OK,OK,No OK sin acción,OK,OK,OK,OK
123,2025-07-07,Línea 1,Matutino,J. Ramírez,OP020,False,25.01,25.0,Operación conforme al estándar de la operación.,1.0,OK,OK,OK,OK,OK,OK,OK,OK
124,2025-07-07,Línea 1,Matutino,L. Cruz,OP035,False,25.005,25.0,Todo en orden durante la auditoría.,1.0,OK,OK,OK,OK,OK,OK,OK,OK
122,2025-07-07,Línea 1,Nocturno,J. Ramírez,OP016,False,25.005,25.0,"Falta guantes de protección, se corrigió en el momento. No tiene la IT disponible en el puesto de trabajo. Herramientas fuera de su lugar identificado.",0.75,No OK con acción,OK,No OK sin acción,OK,No OK con acción,OK,OK,OK
121,2025-07-07,Línea 4,Vespertino,J. Ramírez,OP010,False,25.12,25.0,"Vernier fuera de calibración vigente, se retiró de línea. Omite paso de verificación intermedio marcado en la IT. Acumulación de material en pasillo de evacuación.",0.812,OK,No OK con acción,No OK con acción,OK,No OK con acción,OK,OK,OK
129,2025-07-08,Línea 1,Matutino,M. Hernández,OP033,False,25.058,25.0,Operador no verifica cero del vernier antes de medir. Operador de otra línea cubre ausentismo sin entrenamiento formal.,0.812,OK,No OK sin acción,OK,No OK con acción,OK,OK,OK,OK
126,2025-07-08,Línea 2,Matutino,J. Ramírez,OP017,False,24.973,25.0,"Operador de otra línea cubre ausentismo sin entrenamiento formal. Operador se adelanta al tiempo estándar, riesgo de omitir pasos. Producto sospechoso mezclado con producto bueno.",0.812,OK,OK,OK,No OK con acción,OK,OK,No OK con acción,No OK con acción
128,2025-07-08,Línea 2,Matutino,M. Hernández,OP013,False,25.023,25.0,"Operador se adelanta al tiempo estándar, riesgo de omitir pasos.",0.938,OK,OK,OK,OK,OK,OK,No OK con acción,OK
127,2025-07-08,Línea 3,Vespertino,J. Ramírez,OP013,False,24.98,25.0,Omite paso de verificación intermedio marcado en la IT.,0.938,OK,OK,No OK con acción,OK,OK,OK,OK,OK
125,2025-07-08,Línea 4,Nocturno,M. Hernández,OP034,False,25.071,25.0,No registra la medición en el formato de control. Pieza no conforme detectada sin segregar en área roja.,0.812,OK,No OK sin acción,OK,OK,OK,OK,OK,No OK con acción
130,2025-07-09,Línea 1,Nocturno,M. Hernández,OP010,True,24.982,25.0,Todo en orden durante la auditoría.,1.0,OK,OK,OK,OK,OK,OK,OK,OK
131,2025-07-09,Línea 2,Matutino,M. Hernández,OP005,False,25.006,25.0,"Operador no verifica cero del vernier antes de medir. Operador se adelanta al tiempo estándar, riesgo de omitir pasos.",0.75,OK,No OK sin acción,OK,OK,OK,OK,No OK sin acción,OK
132,2025-07-09,Línea 3,Matutino,L. Cruz,OP017,False,24.984,25.0,Operador sin lentes de seguridad al momento de la auditoría.,0.875,No OK sin acción,OK,OK,OK,OK,OK,OK,OK
135,2025-07-10,Línea 2,Matutino,M. Hernández,OP030,False,25.015,25.0,"Sin observaciones, cumple con el estándar.",1.0,OK,OK,OK,OK,OK,OK,OK,OK
136,2025-07-10,Línea 2,Nocturno,J. Ramírez,OP010,False,25.025,25.0,"Tiempo de ciclo por encima del estándar, genera cuello de botella. Producto sospechoso mezclado con producto bueno.",0.875,OK,OK,OK,OK,OK,OK,No OK con acción,No OK con acción
133,2025-07-10,Línea 2,Vespertino,L. Cruz,OP005,False,25.001,25.0,No se registró la hora de la medición.,0.938,OK,OK,OK,OK,OK,No OK con acción,OK,OK
134,2025-07-10,Línea 2,Vespertino,J. Ramírez,OP008,False,25.006,25.0,Omite paso de verificación intermedio marcado en la IT. Contenedores de scrap sin identificar correctamente.,0.812,OK,OK,No OK con acción,OK,No OK sin acción,OK,OK,OK
137,2025-07-10,Línea 4,Matutino,M. Hernández,OP037,False,24.993,25.0,Datos capturados con letra ilegible / con tachaduras.,0.938,OK,OK,OK,OK,OK,No OK con acción,OK,OK
138,2025-07-11,Línea 1,Vespertino,A. Torres,OP029,True,24.889,25.0,"No registra la medición en el formato de control. Certificación vigente pero próxima a vencer, requiere recertificación.",0.875,OK,No OK con acción,OK,No OK con acción,OK,OK,OK,OK
139,2025-07-11,Línea 2,Matutino,A. Torres,OP022,False,24.991,25.0,Registro de calidad incompleto en el turno.,0.938,OK,OK,OK,OK,OK,No OK con acción,OK,OK
141,2025-07-11,Línea 3,Nocturno,J. Ramírez,OP003,False,24.946,25.0,"Técnica de medición incorrecta, genera lecturas variables. Etiqueta de no conformidad mal llenada.",0.75,OK,No OK sin acción,OK,OK,OK,OK,OK,No OK sin acción
140,2025-07-11,Línea 4,Vespertino,M. Hernández,OP040,False,24.984,25.0,"Operador se adelanta al tiempo estándar, riesgo de omitir pasos.",0.875,OK,OK,OK,OK,OK,OK,No OK sin acción,OK
144,2025-07-12,Línea 1,Vespertino,M. Hernández,OP037,True,25.0,25.0,Operador cubre la estación sin estar certificado en la matriz de polivalencia.,0.875,OK,OK,OK,No OK sin acción,OK,OK,OK,OK
142,2025-07-12,Línea 2,Nocturno,J. Ramírez,OP026,False,24.952,25.0,Pieza no conforme detectada sin segregar en área roja.,0.875,OK,OK,OK,OK,OK,OK,OK,No OK sin acción
143,2025-07-12,Línea 2,Vespertino,J. Ramírez,OP011,False,24.996,25.0,No tiene la IT disponible en el puesto de trabajo.,0.875,OK,OK,No OK sin acción,OK,OK,OK,OK,OK
145,2025-07-13,Línea 2,Matutino,L. Cruz,OP007,False,25.019,25.0,Tapones auditivos no colocados correctamente.,0.938,No OK con acción,OK,OK,OK,OK,OK,OK,OK
146,2025-07-13,Línea 4,Nocturno,L. Cruz,OP012,True,25.022,25.0,"Operador no verifica cero del vernier antes de medir. Operador de otra línea cubre ausentismo sin entrenamiento formal. Datos capturados con letra ilegible / con tachaduras. Tiempo de ciclo por encima del estándar, genera cuello de botella. Etiqueta de no conformidad mal llenada.",0.562,OK,No OK con acción,OK,No OK sin acción,OK,No OK con acción,No OK con acción,No OK sin acción
148,2025-07-14,Línea 1,Matutino,A. Torres,OP008,True,25.016,25.0,"IT desactualizada en el puesto, no coincide con el proceso actual.",0.938,OK,OK,No OK con acción,OK,OK,OK,OK,OK
151,2025-07-14,Línea 1,Matutino,J. Ramírez,OP038,False,25.013,25.0,Contenedores de scrap sin identificar correctamente. Etiqueta de no conformidad mal llenada.,0.812,OK,OK,OK,OK,No OK sin acción,OK,OK,No OK con acción
150,2025-07-14,Línea 1,Nocturno,M. Hernández,OP031,False,24.998,25.0,Pieza no conforme detectada sin segregar en área roja.,0.938,OK,OK,OK,OK,OK,OK,OK,No OK con acción
147,2025-07-14,Línea 2,Vespertino,J. Ramírez,OP013,False,24.982,25.0,"Operador se adelanta al tiempo estándar, riesgo de omitir pasos.",0.875,OK,OK,OK,OK,OK,OK,No OK sin acción,OK
149,2025-07-14,Línea 3,Nocturno,L. Cruz,OP010,False,25.024,25.0,Registro de calidad incompleto en el turno.,0.875,OK,OK,OK,OK,OK,No OK sin acción,OK,OK
152,2025-07-15,Línea 2,Nocturno,A. Torres,OP036,False,25.02,25.0,Operación conforme al estándar de la operación.,1.0,OK,OK,OK,OK,OK,OK,OK,OK
153,2025-07-15,Línea 3,Vespertino,A. Torres,OP029,False,24.966,25.0,Operación conforme al estándar de la operación.,1.0,OK,OK,OK,OK,OK,OK,OK,OK
154,2025-07-15,Línea 3,Vespertino,L. Cruz,OP030,False,25.023,25.0,Todo en orden durante la auditoría.,1.0,OK,OK,OK,OK,OK,OK,OK,OK
155,2025-07-16,Línea 1,Nocturno,A. Torres,OP039,False,24.981,25.0,Operador realiza secuencia distinta a la instrucción de trabajo vigente. Contenedores de scrap sin identificar correctamente. Datos capturados con letra ilegible / con tachaduras. Etiqueta de no conformidad mal llenada.,0.688,OK,OK,No OK con acción,OK,No OK con acción,No OK con acción,OK,No OK sin acción
156,2025-07-16,Línea 3,Matutino,M. Hernández,OP030,False,24.988,25.0,Omite paso de verificación intermedio marcado en la IT. Herramientas fuera de su lugar identificado.,0.75,OK,OK,No OK sin acción,OK,No OK sin acción,OK,OK,OK
157,2025-07-17,Línea 1,Matutino,M. Hernández,OP012,False,24.991,25.0,"Sin observaciones, cumple con el estándar.",1.0,OK,OK,OK,OK,OK,OK,OK,OK
160,2025-07-17,Línea 2,Matutino,M. Hernández,OP032,True,25.034,25.0,Operador cubre la estación sin estar certificado en la matriz de polivalencia.,0.875,OK,OK,OK,No OK sin acción,OK,OK,OK,OK
161,2025-07-17,Línea 3,Vespertino,J. Ramírez,OP040,True,24.999,25.0,Operador cubre la estación sin estar certificado en la matriz de polivalencia. Contenedores de scrap sin identificar correctamente. Registro de calidad incompleto en el turno.,0.75,OK,OK,OK,No OK sin acción,No OK con acción,No OK con acción,OK,OK
158,2025-07-17,Línea 4,Nocturno,J. Ramírez,OP037,False,24.998,25.0,Registro de calidad incompleto en el turno.,0.938,OK,OK,OK,OK,OK,No OK con acción,OK,OK
159,2025-07-17,Línea 4,Vespertino,J. Ramírez,OP020,False,24.956,25.0,"Certificación vigente pero próxima a vencer, requiere recertificación.",0.938,OK,OK,OK,No OK con acción,OK,OK,OK,OK
166,2025-07-18,Línea 1,Vespertino,L. Cruz,OP020,False,24.94,25.0,"Vernier fuera de calibración vigente, se retiró de línea. No se registró la hora de la medición.",0.875,OK,No OK con acción,OK,OK,OK,No OK con acción,OK,OK
162,2025-07-18,Línea 3,Matutino,A. Torres,OP010,False,24.994,25.0,"IT desactualizada en el puesto, no coincide con el proceso actual. Datos capturados con letra ilegible / con tachaduras. Tiempo de ciclo por encima del estándar, genera cuello de botella.",0.688,OK,OK,No OK sin acción,OK,OK,No OK con acción,No OK sin acción,OK
163,2025-07-18,Línea 3,Nocturno,A. Torres,OP004,True,25.029,25.0,Operador cubre la estación sin estar certificado en la matriz de polivalencia. Herramientas fuera de su lugar identificado.,0.812,OK,OK,OK,No OK sin acción,No OK con acción,OK,OK,OK
164,2025-07-18,Línea 4,Nocturno,L. Cruz,OP037,False,25.029,25.0,Tapones auditivos no colocados correctamente.,0.938,No OK con acción,OK,OK,OK,OK,OK,OK,OK
165,2025-07-18,Línea 4,Nocturno,M. Hernández,OP027,False,24.983,25.0,"Operador de otra línea cubre ausentismo sin entrenamiento formal. Contenedores de scrap sin identificar correctamente. No se registró la hora de la medición. Operador se adelanta al tiempo estándar, riesgo de omitir pasos.",0.688,OK,OK,OK,No OK con acción,No OK con acción,No OK con acción,No OK sin acción,OK
168,2025-07-19,Línea 1,Nocturno,A. Torres,OP012,False,25.014,25.0,"Operador realiza secuencia distinta a la instrucción de trabajo vigente. Tiempo de ciclo por encima del estándar, genera cuello de botella. Producto sospechoso mezclado con producto bueno.",0.75,OK,OK,No OK con acción,OK,OK,OK,No OK con acción,No OK sin acción
167,2025-07-19,Línea 2,Matutino,L. Cruz,OP013,False,25.033,25.0,Operación conforme al estándar de la operación.,1.0,OK,OK,OK,OK,OK,OK,OK,OK
169,2025-07-19,Línea 4,Matutino,L. Cruz,OP040,False,25.006,25.0,"Operador se adelanta al tiempo estándar, riesgo de omitir pasos.",0.938,OK,OK,OK,OK,OK,OK,No OK con acción,OK
173,2025-07-20,Línea 1,Nocturno,J. Ramírez,OP002,False,25.024,25.0,"Vernier fuera de calibración vigente, se retiró de línea. Contenedores de scrap sin identificar correctamente. Pieza no conforme detectada sin segregar en área roja.",0.75,OK,No OK sin acción,OK,OK,No OK con acción,OK,OK,No OK con acción
172,2025-07-20,Línea 2,Vespertino,L. Cruz,OP007,False,24.962,25.0,Todo en orden durante la auditoría.,1.0,OK,OK,OK,OK,OK,OK,OK,OK
174,2025-07-20,Línea 3,Nocturno,A. Torres,OP008,False,25.004,25.0,Operador sin lentes de seguridad al momento de la auditoría.,0.938,No OK con acción,OK,OK,OK,OK,OK,OK,OK
171,2025-07-20,Línea 3,Vespertino,L. Cruz,OP029,False,25.094,25.0,"Vernier fuera de calibración vigente, se retiró de línea.",0.938,OK,No OK con acción,OK,OK,OK,OK,OK,OK
170,2025-07-20,Línea 4,Matutino,A. Torres,OP010,False,24.993,25.0,"Certificación vigente pero próxima a vencer, requiere recertificación.",0.938,OK,OK,OK,No OK con acción,OK,OK,OK,OK
175,2025-07-21,Línea 1,Matutino,A. Torres,OP012,False,24.986,25.0,"Vernier fuera de calibración vigente, se retiró de línea. IT desactualizada en el puesto, no coincide con el proceso actual. Operador de otra línea cubre ausentismo sin entrenamiento formal.",0.75,OK,No OK con acción,No OK con acción,No OK sin acción,OK,OK,OK,OK
177,2025-07-21,Línea 1,Matutino,L. Cruz,OP026,False,25.035,25.0,Tapones auditivos no colocados correctamente. Omite paso de verificación intermedio marcado en la IT.,0.812,No OK con acción,OK,No OK sin acción,OK,OK,OK,OK,OK
176,2025-07-21,Línea 2,Vespertino,L. Cruz,OP021,True,24.968,25.0,"Certificación vigente pero próxima a vencer, requiere recertificación. Tiempo de ciclo por encima del estándar, genera cuello de botella.",0.812,OK,OK,OK,No OK con acción,OK,OK,No OK sin acción,OK
178,2025-07-21,Línea 4,Vespertino,A. Torres,OP034,False,25.03,25.0,Todo en orden durante la auditoría.,1.0,OK,OK,OK,OK,OK,OK,OK,OK
179,2025-07-21,Línea 4,Vespertino,J. Ramírez,OP024,False,25.022,25.0,Pieza no conforme detectada sin segregar en área roja.,0.875,OK,OK,OK,OK,OK,OK,OK,No OK sin acción
181,2025-07-22,Línea 3,Matutino,L. Cruz,OP007,False,24.969,25.0,Operación conforme al estándar de la operación.,1.0,OK,OK,OK,OK,OK,OK,OK,OK
180,2025-07-22,Línea 3,Vespertino,L. Cruz,OP015,False,25.006,25.0,"Operador se adelanta al tiempo estándar, riesgo de omitir pasos.",0.938,OK,OK,OK,OK,OK,OK,No OK con acción,OK
185,2025-07-23,Línea 1,Vespertino,M. Hernández,OP006,False,25.018,25.0,"Bata y calzado de seguridad correctos, pero sin cofia. Datos capturados con letra ilegible / con tachaduras. Operador se adelanta al tiempo estándar, riesgo de omitir pasos.",0.75,No OK sin acción,OK,OK,OK,OK,No OK con acción,No OK con acción,OK
182,2025-07-23,Línea 2,Nocturno,J. Ramírez,OP033,True,25.033,25.0,"Operador no verifica cero del vernier antes de medir. Certificación vigente pero próxima a vencer, requiere recertificación.",0.812,OK,No OK sin acción,OK,No OK con acción,OK,OK,OK,OK
183,2025-07-23,Línea 4,Matutino,A. Torres,OP040,False,24.991,25.0,"Técnica de medición incorrecta, genera lecturas variables.",0.938,OK,No OK con acción,OK,OK,OK,OK,OK,OK
184,2025-07-23,Línea 4,Matutino,A. Torres,OP033,True,24.935,25.0,No registra la medición en el formato de control.,0.938,OK,No OK con acción,OK,OK,OK,OK,OK,OK
186,2025-07-24,Línea 3,Nocturno,L. Cruz,OP031,False,24.976,25.0,Operador realiza secuencia distinta a la instrucción de trabajo vigente. Etiqueta de no conformidad mal llenada.,0.812,OK,OK,No OK con acción,OK,OK,OK,OK,No OK sin acción
187,2025-07-24,Línea 4,Vespertino,J. Ramírez,OP010,False,25.011,25.0,Etiqueta de no conformidad mal llenada.,0.938,OK,OK,OK,OK,OK,OK,OK,No OK con acción
188,2025-07-24,Línea 4,Vespertino,J. Ramírez,OP031,False,24.975,25.0,Todo en orden durante la auditoría.,1.0,OK,OK,OK,OK,OK,OK,OK,OK
190,2025-07-25,Línea 1,Nocturno,A. Torres,OP016,False,25.007,25.0,"Tapones auditivos no colocados correctamente. Técnica de medición incorrecta, genera lecturas variables. Tiempo de ciclo por encima del estándar, genera cuello de botella.",0.688,No OK sin acción,No OK sin acción,OK,OK,OK,OK,No OK con acción,OK
189,2025-07-25,Línea 3,Nocturno,L. Cruz,OP031,False,25.025,25.0,"Acumulación de material en pasillo de evacuación. Datos capturados con letra ilegible / con tachaduras. Tiempo de ciclo por encima del estándar, genera cuello de botella. Etiqueta de no conformidad mal llenada.",0.75,OK,OK,OK,OK,No OK con acción,No OK con acción,No OK con acción,No OK con acción
194,2025-07-26,Línea 1,Nocturno,L. Cruz,OP001,False,24.987,25.0,Datos capturados con letra ilegible / con tachaduras.,0.875,OK,OK,OK,OK,OK,No OK sin acción,OK,OK
193,2025-07-26,Línea 1,Vespertino,M. Hernández,OP004,False,25.039,25.0,Producto sospechoso mezclado con producto bueno.,0.875,OK,OK,OK,OK,OK,OK,OK,No OK sin acción
191,2025-07-26,Línea 2,Nocturno,A. Torres,OP022,False,24.988,25.0,"Falta guantes de protección, se corrigió en el momento. Operador de otra línea cubre ausentismo sin entrenamiento formal.",0.812,No OK con acción,OK,OK,No OK sin acción,OK,OK,OK,OK
192,2025-07-26,Línea 3,Nocturno,A. Torres,OP015,False,25.013,25.0,"Falta guantes de protección, se corrigió en el momento. Vernier fuera de calibración vigente, se retiró de línea. No tiene la IT disponible en el puesto de trabajo. Certificación vigente pero próxima a vencer, requiere recertificación.",0.688,No OK con acción,No OK con acción,No OK con acción,No OK sin acción,OK,OK,OK,OK
198,2025-07-27,Línea 1,Matutino,J. Ramírez,OP033,False,24.965,25.0,"IT desactualizada en el puesto, no coincide con el proceso actual. Operador se adelanta al tiempo estándar, riesgo de omitir pasos.",0.875,OK,OK,No OK con acción,OK,OK,OK,No OK con acción,OK
196,2025-07-27,Línea 3,Matutino,M. Hernández,OP021,False,25.029,25.0,"Tapones auditivos no colocados correctamente. Técnica de medición incorrecta, genera lecturas variables.",0.812,No OK con acción,No OK sin acción,OK,OK,OK,OK,OK,OK
195,2025-07-27,Línea 3,Nocturno,A. Torres,OP031,False,25.011,25.0,"Operador sin lentes de seguridad al momento de la auditoría. Tiempo de ciclo por encima del estándar, genera cuello de botella. Pieza no conforme detectada sin segregar en área roja.",0.688,No OK sin acción,OK,OK,OK,OK,OK,No OK con acción,No OK sin acción
197,2025-07-27,Línea 4,Matutino,A. Torres,OP003,False,25.049,25.0,Herramientas fuera de su lugar identificado. No se registró la hora de la medición.,0.875,OK,OK,OK,OK,No OK con acción,No OK con acción,OK,OK
199,2025-07-28,Línea 2,Matutino,A. Torres,OP009,False,24.984,25.0,No tiene la IT disponible en el puesto de trabajo. Operador de otra línea cubre ausentismo sin entrenamiento formal.,0.875,OK,OK,No OK con acción,No OK con acción,OK,OK,OK,OK
200,2025-07-28,Línea 3,Vespertino,J. Ramírez,OP021,False,25.014,25.0,"Vernier fuera de calibración vigente, se retiró de línea. Operador de otra línea cubre ausentismo sin entrenamiento formal. Registro de calidad incompleto en el turno.",0.75,OK,No OK sin acción,OK,No OK con acción,OK,No OK con acción,OK,OK
201,2025-07-28,Línea 4,Vespertino,J. Ramírez,OP008,False,25.011,25.0,"Sin observaciones, cumple con el estándar.",1.0,OK,OK,OK,OK,OK,OK,OK,OK
202,2025-07-29,Línea 1,Nocturno,M. Hernández,OP033,False,25.039,25.0,Tapones auditivos no colocados correctamente. Producto sospechoso mezclado con producto bueno.,0.75,No OK sin acción,OK,OK,OK,OK,OK,OK,No OK sin acción
205,2025-07-29,Línea 1,Nocturno,M. Hernández,OP036,False,24.98,25.0,"Falta guantes de protección, se corrigió en el momento. Operador cubre la estación sin estar certificado en la matriz de polivalencia.",0.875,No OK con acción,OK,OK,No OK con acción,OK,OK,OK,OK
204,2025-07-29,Línea 1,Vespertino,J. Ramírez,OP004,False,25.014,25.0,"Operador cubre la estación sin estar certificado en la matriz de polivalencia. Datos capturados con letra ilegible / con tachaduras. Tiempo de ciclo por encima del estándar, genera cuello de botella.",0.812,OK,OK,OK,No OK con acción,OK,No OK con acción,No OK con acción,OK
203,2025-07-29,Línea 3,Vespertino,J. Ramírez,OP021,False,24.988,25.0,"Operador cubre la estación sin estar certificado en la matriz de polivalencia. Tiempo de ciclo por encima del estándar, genera cuello de botella.",0.75,OK,OK,OK,No OK sin acción,OK,OK,No OK sin acción,OK
206,2025-07-30,Línea 1,Vespertino,L. Cruz,OP018,False,25.026,25.0,"Técnica de medición incorrecta, genera lecturas variables. Operador realiza secuencia distinta a la instrucción de trabajo vigente. Tiempo de ciclo por encima del estándar, genera cuello de botella.",0.75,OK,No OK sin acción,No OK con acción,OK,OK,OK,No OK con acción,OK
207,2025-07-30,Línea 3,Vespertino,A. Torres,OP003,False,25.024,25.0,Operación conforme al estándar de la operación.,1.0,OK,OK,OK,OK,OK,OK,OK,OK
208,2025-07-30,Línea 3,Vespertino,J. Ramírez,OP017,False,24.991,25.0,Acumulación de material en pasillo de evacuación. Registro de calidad incompleto en el turno.,0.812,OK,OK,OK,OK,No OK con acción,No OK sin acción,OK,OK
210,2025-07-31,Línea 1,Vespertino,J. Ramírez,OP035,False,24.993,25.0,Operador sin lentes de seguridad al momento de la auditoría. Operador de otra línea cubre ausentismo sin entrenamiento formal.,0.875,No OK con acción,OK,OK,No OK con acción,OK,OK,OK,OK
209,2025-07-31,Línea 3,Matutino,J. Ramírez,OP032,False,25.01,25.0,"Sin observaciones, cumple con el estándar.",1.0,OK,OK,OK,OK,OK,OK,OK,OK
211,2025-07-31,Línea 3,Matutino,L. Cruz,OP008,False,24.977,25.0,"Falta guantes de protección, se corrigió en el momento. Contenedores de scrap sin identificar correctamente.",0.875,No OK con acción,OK,OK,OK,No OK con acción,OK,OK,OK
214,2025-08-01,Línea 1,Nocturno,A. Torres,OP030,False,25.023,25.0,"Certificación vigente pero próxima a vencer, requiere recertificación. Pieza no conforme detectada sin segregar en área roja.",0.875,OK,OK,OK,No OK con acción,OK,OK,OK,No OK con acción
212,2025-08-01,Línea 1,Vespertino,A. Torres,OP026,False,24.992,25.0,Operación conforme al estándar de la operación.,1.0,OK,OK,OK,OK,OK,OK,OK,OK
215,2025-08-01,Línea 3,Matutino,M. Hernández,OP007,False,24.962,25.0,"IT desactualizada en el puesto, no coincide con el proceso actual.",0.938,OK,OK,No OK con acción,OK,OK,OK,OK,OK
213,2025-08-01,Línea 3,Vespertino,M. Hernández,OP014,False,25.019,25.0,Etiqueta de no conformidad mal llenada.,0.938,OK,OK,OK,OK,OK,OK,OK,No OK con acción
216,2025-08-01,Línea 4,Vespertino,L. Cruz,OP008,False,25.005,25.0,"Tiempo de ciclo por encima del estándar, genera cuello de botella.",0.875,OK,OK,OK,OK,OK,OK,No OK sin acción,OK
218,2025-08-02,Línea 1,Matutino,L. Cruz,OP009,True,25.038,25.0,Operador no verifica cero del vernier antes de medir. Operador de otra línea cubre ausentismo sin entrenamiento formal.,0.812,OK,No OK con acción,OK,No OK sin acción,OK,OK,OK,OK
217,2025-08-02,Línea 2,Vespertino,J. Ramírez,OP038,True,24.955,25.0,"Bata y calzado de seguridad correctos, pero sin cofia. Operador de otra línea cubre ausentismo sin entrenamiento formal.",0.812,No OK sin acción,OK,OK,No OK con acción,OK,OK,OK,OK
219,2025-08-02,Línea 3,Nocturno,L. Cruz,OP003,False,24.979,25.0,Operador realiza secuencia distinta a la instrucción de trabajo vigente. Datos capturados con letra ilegible / con tachaduras. Pieza no conforme detectada sin segregar en área roja.,0.75,OK,OK,No OK con acción,OK,OK,No OK sin acción,OK,No OK con acción
224,2025-08-03,Línea 1,Matutino,A. Torres,OP016,False,24.972,25.0,"Operador se adelanta al tiempo estándar, riesgo de omitir pasos.",0.938,OK,OK,OK,OK,OK,OK,No OK con acción,OK
220,2025-08-03,Línea 3,Vespertino,A. Torres,OP019,False,25.1,25.0,"Técnica de medición incorrecta, genera lecturas variables. Acumulación de material en pasillo de evacuación.",0.812,OK,No OK sin acción,OK,OK,No OK con acción,OK,OK,OK
222,2025-08-03,Línea 4,Matutino,M. Hernández,OP040,False,24.974,25.0,"No se registró la hora de la medición. Tiempo de ciclo por encima del estándar, genera cuello de botella.",0.75,OK,OK,OK,OK,OK,No OK sin acción,No OK sin acción,OK
223,2025-08-03,Línea 4,Matutino,J. Ramírez,OP024,False,24.998,25.0,"Vernier fuera de calibración vigente, se retiró de línea. Tiempo de ciclo por encima del estándar, genera cuello de botella.",0.875,OK,No OK con acción,OK,OK,OK,OK,No OK con acción,OK
221,2025-08-03,Línea 4,Vespertino,J. Ramírez,OP040,False,25.003,25.0,"Sin observaciones, cumple con el estándar.",1.0,OK,OK,OK,OK,OK,OK,OK,OK
226,2025-08-04,Línea 1,Matutino,L. Cruz,OP016,False,24.994,25.0,Todo en orden durante la auditoría.,1.0,OK,OK,OK,OK,OK,OK,OK,OK
225,2025-08-04,Línea 2,Nocturno,J. Ramírez,OP007,False,25.0,25.0,"Falta guantes de protección, se corrigió en el momento. Datos capturados con letra ilegible / con tachaduras.",0.812,No OK con acción,OK,OK,OK,OK,No OK sin acción,OK,OK
227,2025-08-04,Línea 3,Nocturno,A. Torres,OP024,False,24.916,25.0,"Vernier fuera de calibración vigente, se retiró de línea. Contenedores de scrap sin identificar correctamente. Tiempo de ciclo por encima del estándar, genera cuello de botella. Pieza no conforme detectada sin segregar en área roja.",0.625,OK,No OK sin acción,OK,OK,No OK sin acción,OK,No OK con acción,No OK con acción
232,2025-08-05,Línea 1,Matutino,M. Hernández,OP004,False,25.019,25.0,Operador sin lentes de seguridad al momento de la auditoría. Operador no verifica cero del vernier antes de medir.,0.812,No OK con acción,No OK sin acción,OK,OK,OK,OK,OK,OK
229,2025-08-05,Línea 1,Vespertino,A. Torres,OP016,False,24.984,25.0,"Tiempo de ciclo por encima del estándar, genera cuello de botella.",0.875,OK,OK,OK,OK,OK,OK,No OK sin acción,OK
228,2025-08-05,Línea 2,Nocturno,J. Ramírez,OP026,False,25.031,25.0,"Bata y calzado de seguridad correctos, pero sin cofia. Datos capturados con letra ilegible / con tachaduras.",0.875,No OK con acción,OK,OK,OK,OK,No OK con acción,OK,OK
231,2025-08-05,Línea 2,Nocturno,M. Hernández,OP019,False,25.044,25.0,"Técnica de medición incorrecta, genera lecturas variables. Operador realiza secuencia distinta a la instrucción de trabajo vigente. No se registró la hora de la medición.",0.812,OK,No OK con acción,No OK con acción,OK,OK,No OK con acción,OK,OK
230,2025-08-05,Línea 2,Vespertino,A. Torres,OP019,False,24.966,25.0,Contenedores de scrap sin identificar correctamente.,0.938,OK,OK,OK,OK,No OK con acción,OK,OK,OK
237,2025-08-06,Línea 1,Nocturno,L. Cruz,OP022,False,24.982,25.0,"Omite paso de verificación intermedio marcado en la IT. Acumulación de material en pasillo de evacuación. Tiempo de ciclo por encima del estándar, genera cuello de botella.",0.812,OK,OK,No OK con acción,OK,No OK con acción,OK,No OK con acción,OK
235,2025-08-06,Línea 2,Matutino,J. Ramírez,OP015,False,25.021,25.0,Todo en orden durante la auditoría.,1.0,OK,OK,OK,OK,OK,OK,OK,OK
233,2025-08-06,Línea 2,Vespertino,M. Hernández,OP011,False,25.084,25.0,No registra la medición en el formato de control.,0.938,OK,No OK con acción,OK,OK,OK,OK,OK,OK
234,2025-08-06,Línea 3,Matutino,M. Hernández,OP014,False,24.988,25.0,"Sin observaciones, cumple con el estándar.",1.0,OK,OK,OK,OK,OK,OK,OK,OK
236,2025-08-06,Línea 3,Nocturno,L. Cruz,OP032,False,25.1,25.0,"Falta guantes de protección, se corrigió en el momento. Vernier fuera de calibración vigente, se retiró de línea. No se registró la hora de la medición. Operador se adelanta al tiempo estándar, riesgo de omitir pasos.",0.562,No OK sin acción,No OK sin acción,OK,OK,OK,No OK con acción,No OK sin acción,OK
238,2025-08-07,Línea 2,Nocturno,L. Cruz,OP011,False,25.011,25.0,"Sin observaciones, cumple con el estándar.",1.0,OK,OK,OK,OK,OK,OK,OK,OK
239,2025-08-07,Línea 4,Nocturno,A. Torres,OP013,True,25.014,25.0,"Operador realiza secuencia distinta a la instrucción de trabajo vigente. Certificación vigente pero próxima a vencer, requiere recertificación. Acumulación de material en pasillo de evacuación. No se registró la hora de la medición.",0.562,OK,OK,No OK con acción,No OK sin acción,No OK sin acción,No OK sin acción,OK,OK
241,2025-08-08,Línea 1,Vespertino,M. Hernández,OP022,False,25.006,25.0,Todo en orden durante la auditoría.,1.0,OK,OK,OK,OK,OK,OK,OK,OK
244,2025-08-08,Línea 2,Vespertino,A. Torres,OP036,False,25.008,25.0,"Tiempo de ciclo por encima del estándar, genera cuello de botella.",0.938,OK,OK,OK,OK,OK,OK,No OK con acción,OK
243,2025-08-08,Línea 3,Vespertino,L. Cruz,OP019,False,24.967,25.0,Herramientas fuera de su lugar identificado.,0.875,OK,OK,OK,OK,No OK sin acción,OK,OK,OK
240,2025-08-08,Línea 4,Nocturno,M. Hernández,OP005,False,24.989,25.0,"Falta guantes de protección, se corrigió en el momento. Vernier fuera de calibración vigente, se retiró de línea.",0.812,No OK con acción,No OK sin acción,OK,OK,OK,OK,OK,OK
242,2025-08-08,Línea 4,Nocturno,M. Hernández,OP040,False,25.057,25.0,Operación conforme al estándar de la operación.,1.0,OK,OK,OK,OK,OK,OK,OK,OK
245,2025-08-09,Línea 1,Matutino,M. Hernández,OP020,False,25.008,25.0,"Sin observaciones, cumple con el estándar.",1.0,OK,OK,OK,OK,OK,OK,OK,OK
247,2025-08-09,Línea 1,Vespertino,J. Ramírez,OP001,False,25.017,25.0,"Operador se adelanta al tiempo estándar, riesgo de omitir pasos.",0.938,OK,OK,OK,OK,OK,OK,No OK con acción,OK
246,2025-08-09,Línea 2,Vespertino,J. Ramírez,OP011,False,24.976,25.0,Todo en orden durante la auditoría.,1.0,OK,OK,OK,OK,OK,OK,OK,OK
248,2025-08-09,Línea 4,Matutino,M. Hernández,OP008,False,24.989,25.0,Omite paso de verificación intermedio marcado en la IT.,0.875,OK,OK,No OK sin acción,OK,OK,OK,OK,OK
249,2025-08-10,Línea 1,Matutino,M. Hernández,OP002,False,24.993,25.0,Todo en orden durante la auditoría.,1.0,OK,OK,OK,OK,OK,OK,OK,OK
250,2025-08-10,Línea 2,Vespertino,M. Hernández,OP027,False,25.111,25.0,"Técnica de medición incorrecta, genera lecturas variables. IT desactualizada en el puesto, no coincide con el proceso actual. Acumulación de material en pasillo de evacuación. No se registró la hora de la medición.",0.75,OK,No OK con acción,No OK con acción,OK,No OK con acción,No OK con acción,OK,OK
251,2025-08-10,Línea 3,Matutino,A. Torres,OP014,False,24.977,25.0,"Sin observaciones, cumple con el estándar.",1.0,OK,OK,OK,OK,OK,OK,OK,OK
253,2025-08-11,Línea 1,Matutino,A. Torres,OP002,False,24.985,25.0,Operación conforme al estándar de la operación.,1.0,OK,OK,OK,OK,OK,OK,OK,OK
252,2025-08-11,Línea 4,Matutino,L. Cruz,OP016,False,24.99,25.0,"Bata y calzado de seguridad correctos, pero sin cofia. Operador de otra línea cubre ausentismo sin entrenamiento formal.",0.75,No OK sin acción,OK,OK,No OK sin acción,OK,OK,OK,OK
255,2025-08-12,Línea 3,Matutino,A. Torres,OP003,False,25.048,25.0,"Sin observaciones, cumple con el estándar.",1.0,OK,OK,OK,OK,OK,OK,OK,OK
254,2025-08-12,Línea 3,Vespertino,J. Ramírez,OP014,False,24.987,25.0,Pieza no conforme detectada sin segregar en área roja.,0.875,OK,OK,OK,OK,OK,OK,OK,No OK sin acción
256,2025-08-13,Línea 3,Matutino,J. Ramírez,OP017,False,25.016,25.0,Acumulación de material en pasillo de evacuación.,0.938,OK,OK,OK,OK,No OK con acción,OK,OK,OK
257,2025-08-13,Línea 3,Vespertino,L. Cruz,OP010,False,24.982,25.0,"Técnica de medición incorrecta, genera lecturas variables. No se registró la hora de la medición.",0.812,OK,No OK sin acción,OK,OK,OK,No OK con acción,OK,OK
258,2025-08-13,Línea 4,Matutino,J. Ramírez,OP035,False,25.001,25.0,No se registró la hora de la medición.,0.938,OK,OK,OK,OK,OK,No OK con acción,OK,OK
260,2025-08-14,Línea 1,Vespertino,L. Cruz,OP038,False,24.988,25.0,"Sin observaciones, cumple con el estándar.",1.0,OK,OK,OK,OK,OK,OK,OK,OK
259,2025-08-14,Línea 3,Nocturno,J. Ramírez,OP024,False,25.014,25.0,"Operador no verifica cero del vernier antes de medir. IT desactualizada en el puesto, no coincide con el proceso actual. Contenedores de scrap sin identificar correctamente.",0.688,OK,No OK sin acción,No OK con acción,OK,No OK sin acción,OK,OK,OK
261,2025-08-15,Línea 1,Matutino,A. Torres,OP002,False,24.925,25.0,"Técnica de medición incorrecta, genera lecturas variables.",0.938,OK,No OK con acción,OK,OK,OK,OK,OK,OK
262,2025-08-15,Línea 1,Matutino,J. Ramírez,OP004,False,25.091,25.0,"Vernier fuera de calibración vigente, se retiró de línea. No se registró la hora de la medición. Producto sospechoso mezclado con producto bueno.",0.812,OK,No OK con acción,OK,OK,OK,No OK con acción,OK,No OK con acción
266,2025-08-16,Línea 3,Nocturno,J. Ramírez,OP007,False,25.028,25.0,Operador cubre la estación sin estar certificado en la matriz de polivalencia.,0.938,OK,OK,OK,No OK con acción,OK,OK,OK,OK
265,2025-08-16,Línea 4,Matutino,M. Hernández,OP022,False,24.998,25.0,Todo en orden durante la auditoría.,1.0,OK,OK,OK,OK,OK,OK,OK,OK
263,2025-08-16,Línea 4,Nocturno,M. Hernández,OP022,False,24.986,25.0,"Omite paso de verificación intermedio marcado en la IT. Certificación vigente pero próxima a vencer, requiere recertificación. Acumulación de material en pasillo de evacuación.",0.75,OK,OK,No OK con acción,No OK sin acción,No OK con acción,OK,OK,OK
264,2025-08-16,Línea 4,Nocturno,M. Hernández,OP031,False,24.996,25.0,Registro de calidad incompleto en el turno.,0.875,OK,OK,OK,OK,OK,No OK sin acción,OK,OK
269,2025-08-17,Línea 1,Matutino,L. Cruz,OP001,False,25.019,25.0,Todo en orden durante la auditoría.,1.0,OK,OK,OK,OK,OK,OK,OK,OK
270,2025-08-17,Línea 3,Matutino,M. Hernández,OP014,False,24.999,25.0,"Operador sin lentes de seguridad al momento de la auditoría. Operador se adelanta al tiempo estándar, riesgo de omitir pasos.",0.75,No OK sin acción,OK,OK,OK,OK,OK,No OK sin acción,OK
268,2025-08-17,Línea 4,Matutino,J. Ramírez,OP010,False,24.993,25.0,"Tiempo de ciclo por encima del estándar, genera cuello de botella.",0.938,OK,OK,OK,OK,OK,OK,No OK con acción,OK
267,2025-08-17,Línea 4,Vespertino,L. Cruz,OP010,False,25.046,25.0,Operador cubre la estación sin estar certificado en la matriz de polivalencia. Contenedores de scrap sin identificar correctamente. Pieza no conforme detectada sin segregar en área roja.,0.625,OK,OK,OK,No OK sin acción,No OK sin acción,OK,OK,No OK sin acción
272,2025-08-18,Línea 2,Vespertino,M. Hernández,OP015,False,25.009,25.0,Producto sospechoso mezclado con producto bueno.,0.938,OK,OK,OK,OK,OK,OK,OK,No OK con acción
271,2025-08-18,Línea 3,Matutino,L. Cruz,OP014,False,24.963,25.0,Todo en orden durante la auditoría.,1.0,OK,OK,OK,OK,OK,OK,OK,OK
276,2025-08-19,Línea 1,Vespertino,J. Ramírez,OP018,False,24.992,25.0,Pieza no conforme detectada sin segregar en área roja.,0.875,OK,OK,OK,OK,OK,OK,OK,No OK sin acción
273,2025-08-19,Línea 2,Nocturno,L. Cruz,OP010,False,25.008,25.0,"Tapones auditivos no colocados correctamente. Contenedores de scrap sin identificar correctamente. Tiempo de ciclo por encima del estándar, genera cuello de botella. Producto sospechoso mezclado con producto bueno.",0.688,No OK con acción,OK,OK,OK,No OK sin acción,OK,No OK con acción,No OK con acción
274,2025-08-19,Línea 3,Nocturno,A. Torres,OP019,False,25.012,25.0,Contenedores de scrap sin identificar correctamente. Datos capturados con letra ilegible / con tachaduras.,0.875,OK,OK,OK,OK,No OK con acción,No OK con acción,OK,OK
275,2025-08-19,Línea 4,Matutino,L. Cruz,OP024,False,25.0,25.0,Producto sospechoso mezclado con producto bueno.,0.938,OK,OK,OK,OK,OK,OK,OK,No OK con acción
281,2025-08-20,Línea 1,Matutino,M. Hernández,OP034,True,24.986,25.0,"Certificación vigente pero próxima a vencer, requiere recertificación.",0.875,OK,OK,OK,No OK sin acción,OK,OK,OK,OK
278,2025-08-20,Línea 2,Matutino,L. Cruz,OP005,False,25.01,25.0,"Tiempo de ciclo por encima del estándar, genera cuello de botella.",0.875,OK,OK,OK,OK,OK,OK,No OK sin acción,OK
277,2025-08-20,Línea 3,Vespertino,L. Cruz,OP024,False,25.012,25.0,"Registro de calidad incompleto en el turno. Operador se adelanta al tiempo estándar, riesgo de omitir pasos.",0.875,OK,OK,OK,OK,OK,No OK con acción,No OK con acción,OK
279,2025-08-20,Línea 4,Matutino,L. Cruz,OP005,False,25.067,25.0,No registra la medición en el formato de control.,0.875,OK,No OK sin acción,OK,OK,OK,OK,OK,OK
280,2025-08-20,Línea 4,Vespertino,M. Hernández,OP005,False,25.037,25.0,"Sin observaciones, cumple con el estándar.",1.0,OK,OK,OK,OK,OK,OK,OK,OK
286,2025-08-21,Línea 1,Matutino,A. Torres,OP022,False,24.985,25.0,No tiene la IT disponible en el puesto de trabajo.,0.875,OK,OK,No OK sin acción,OK,OK,OK,OK,OK
282,2025-08-21,Línea 1,Vespertino,L. Cruz,OP001,False,24.991,25.0,Operación conforme al estándar de la operación.,1.0,OK,OK,OK,OK,OK,OK,OK,OK
284,2025-08-21,Línea 4,Matutino,J. Ramírez,OP014,False,24.991,25.0,"Sin observaciones, cumple con el estándar.",1.0,OK,OK,OK,OK,OK,OK,OK,OK
285,2025-08-21,Línea 4,Nocturno,A. Torres,OP005,False,25.022,25.0,"IT desactualizada en el puesto, no coincide con el proceso actual. Etiqueta de no conformidad mal llenada.",0.812,OK,OK,No OK con acción,OK,OK,OK,OK,No OK sin acción
283,2025-08-21,Línea 4,Vespertino,A. Torres,OP022,False,25.007,25.0,Operación conforme al estándar de la operación.,1.0,OK,OK,OK,OK,OK,OK,OK,OK
290,2025-08-22,Línea 2,Vespertino,J. Ramírez,OP008,False,25.015,25.0,"Operador se adelanta al tiempo estándar, riesgo de omitir pasos.",0.938,OK,OK,OK,OK,OK,OK,No OK con acción,OK
287,2025-08-22,Línea 3,Vespertino,A. Torres,OP010,False,24.988,25.0,Contenedores de scrap sin identificar correctamente. Registro de calidad incompleto en el turno.,0.875,OK,OK,OK,OK,No OK con acción,No OK con acción,OK,OK
288,2025-08-22,Línea 3,Vespertino,L. Cruz,OP010,False,24.992,25.0,"Bata y calzado de seguridad correctos, pero sin cofia.",0.938,No OK con acción,OK,OK,OK,OK,OK,OK,OK
289,2025-08-22,Línea 3,Vespertino,L. Cruz,OP030,False,24.98,25.0,Todo en orden durante la auditoría.,1.0,OK,OK,OK,OK,OK,OK,OK,OK
292,2025-08-23,Línea 3,Vespertino,A. Torres,OP017,False,24.957,25.0,"Omite paso de verificación intermedio marcado en la IT. Tiempo de ciclo por encima del estándar, genera cuello de botella.",0.875,OK,OK,No OK con acción,OK,OK,OK,No OK con acción,OK
291,2025-08-23,Línea 4,Nocturno,A. Torres,OP034,False,25.01,25.0,Operador no verifica cero del vernier antes de medir.,0.875,OK,No OK sin acción,OK,OK,OK,OK,OK,OK
293,2025-08-24,Línea 1,Vespertino,A. Torres,OP006,False,25.012,25.0,"Sin observaciones, cumple con el estándar.",1.0,OK,OK,OK,OK,OK,OK,OK,OK
294,2025-08-24,Línea 3,Matutino,L. Cruz,OP031,False,24.994,25.0,Todo en orden durante la auditoría.,1.0,OK,OK,OK,OK,OK,OK,OK,OK
295,2025-08-24,Línea 3,Nocturno,A. Torres,OP013,False,25.001,25.0,Contenedores de scrap sin identificar correctamente. Datos capturados con letra ilegible / con tachaduras. Producto sospechoso mezclado con producto bueno.,0.625,OK,OK,OK,OK,No OK sin acción,No OK sin acción,OK,No OK sin acción
299,2025-08-25,Línea 1,Matutino,M. Hernández,OP023,False,24.981,25.0,Herramientas fuera de su lugar identificado.,0.875,OK,OK,OK,OK,No OK sin acción,OK,OK,OK
296,2025-08-25,Línea 1,Vespertino,L. Cruz,OP033,False,24.911,25.0,Operador no verifica cero del vernier antes de medir. Registro de calidad incompleto en el turno.,0.812,OK,No OK con acción,OK,OK,OK,No OK sin acción,OK,OK
298,2025-08-25,Línea 1,Vespertino,L. Cruz,OP034,True,25.086,25.0,"Técnica de medición incorrecta, genera lecturas variables. Operador cubre la estación sin estar certificado en la matriz de polivalencia.",0.875,OK,No OK con acción,OK,No OK con acción,OK,OK,OK,OK
300,2025-08-25,Línea 3,Matutino,L. Cruz,OP021,False,25.016,25.0,"Falta guantes de protección, se corrigió en el momento. Registro de calidad incompleto en el turno.",0.812,No OK sin acción,OK,OK,OK,OK,No OK con acción,OK,OK
297,2025-08-25,Línea 4,Matutino,L. Cruz,OP004,True,25.016,25.0,"Bata y calzado de seguridad correctos, pero sin cofia. Certificación vigente pero próxima a vencer, requiere recertificación.",0.875,No OK con acción,OK,OK,No OK con acción,OK,OK,OK,OK
302,2025-08-26,Línea 2,Vespertino,L. Cruz,OP011,False,25.026,25.0,"IT desactualizada en el puesto, no coincide con el proceso actual. Tiempo de ciclo por encima del estándar, genera cuello de botella.",0.812,OK,OK,No OK sin acción,OK,OK,OK,No OK con acción,OK
301,2025-08-26,Línea 4,Nocturno,A. Torres,OP031,False,25.009,25.0,"Sin observaciones, cumple con el estándar.",1.0,OK,OK,OK,OK,OK,OK,OK,OK
303,2025-08-27,Línea 1,Nocturno,M. Hernández,OP039,False,25.007,25.0,Operación conforme al estándar de la operación.,1.0,OK,OK,OK,OK,OK,OK,OK,OK
304,2025-08-27,Línea 2,Vespertino,J. Ramírez,OP015,False,24.979,25.0,Operación conforme al estándar de la operación.,1.0,OK,OK,OK,OK,OK,OK,OK,OK
306,2025-08-27,Línea 3,Matutino,J. Ramírez,OP010,False,24.937,25.0,No se registró la hora de la medición.,0.938,OK,OK,OK,OK,OK,No OK con acción,OK,OK
305,2025-08-27,Línea 4,Matutino,J. Ramírez,OP010,False,25.001,25.0,Operador cubre la estación sin estar certificado en la matriz de polivalencia. No se registró la hora de la medición.,0.812,OK,OK,OK,No OK con acción,OK,No OK sin acción,OK,OK
308,2025-08-28,Línea 2,Vespertino,A. Torres,OP020,True,25.016,25.0,"Operador de otra línea cubre ausentismo sin entrenamiento formal. Tiempo de ciclo por encima del estándar, genera cuello de botella.",0.812,OK,OK,OK,No OK con acción,OK,OK,No OK sin acción,OK
307,2025-08-28,Línea 4,Vespertino,L. Cruz,OP027,False,25.026,25.0,No registra la medición en el formato de control. Operador cubre la estación sin estar certificado en la matriz de polivalencia.,0.875,OK,No OK con acción,OK,No OK con acción,OK,OK,OK,OK
310,2025-08-29,Línea 1,Matutino,J. Ramírez,OP022,False,25.007,25.0,Todo en orden durante la auditoría.,1.0,OK,OK,OK,OK,OK,OK,OK,OK
313,2025-08-29,Línea 2,Matutino,A. Torres,OP008,False,24.993,25.0,"Vernier fuera de calibración vigente, se retiró de línea. Operador se adelanta al tiempo estándar, riesgo de omitir pasos.",0.875,OK,No OK con acción,OK,OK,OK,OK,No OK con acción,OK
311,2025-08-29,Línea 3,Matutino,A. Torres,OP024,False,24.984,25.0,Operación conforme al estándar de la operación.,1.0,OK,OK,OK,OK,OK,OK,OK,OK
309,2025-08-29,Línea 4,Matutino,M. Hernández,OP034,False,24.988,25.0,Herramientas fuera de su lugar identificado. Pieza no conforme detectada sin segregar en área roja.,0.812,OK,OK,OK,OK,No OK con acción,OK,OK,No OK sin acción
312,2025-08-29,Línea 4,Nocturno,A. Torres,OP008,False,25.068,25.0,"Vernier fuera de calibración vigente, se retiró de línea. Certificación vigente pero próxima a vencer, requiere recertificación. Tiempo de ciclo por encima del estándar, genera cuello de botella.",0.75,OK,No OK sin acción,OK,No OK con acción,OK,OK,No OK con acción,OK
316,2025-08-30,Línea 1,Matutino,M. Hernández,OP016,False,25.025,25.0,Pieza no conforme detectada sin segregar en área roja.,0.875,OK,OK,OK,OK,OK,OK,OK,No OK sin acción
315,2025-08-30,Línea 1,Vespertino,M. Hernández,OP035,False,24.97,25.0,Pieza no conforme detectada sin segregar en área roja.,0.875,OK,OK,OK,OK,OK,OK,OK,No OK sin acción
317,2025-08-30,Línea 3,Matutino,A. Torres,OP008,False,25.051,25.0,"Vernier fuera de calibración vigente, se retiró de línea. Pieza no conforme detectada sin segregar en área roja.",0.875,OK,No OK con acción,OK,OK,OK,OK,OK,No OK con acción
314,2025-08-30,Línea 4,Nocturno,M. Hernández,OP040,False,25.036,25.0,Todo en orden durante la auditoría.,1.0,OK,OK,OK,OK,OK,OK,OK,OK
321,2025-08-31,Línea 2,Matutino,J. Ramírez,OP013,False,24.987,25.0,Datos capturados con letra ilegible / con tachaduras.,0.938,OK,OK,OK,OK,OK,No OK con acción,OK,OK
322,2025-08-31,Línea 2,Nocturno,J. Ramírez,OP030,False,24.973,25.0,"Tiempo de ciclo por encima del estándar, genera cuello de botella. Pieza no conforme detectada sin segregar en área roja.",0.812,OK,OK,OK,OK,OK,OK,No OK con acción,No OK sin acción
318,2025-08-31,Línea 3,Vespertino,L. Cruz,OP021,False,24.999,25.0,Operador no verifica cero del vernier antes de medir. Etiqueta de no conformidad mal llenada.,0.812,OK,No OK con acción,OK,OK,OK,OK,OK,No OK sin acción
319,2025-08-31,Línea 4,Vespertino,M. Hernández,OP008,False,24.962,25.0,Operador cubre la estación sin estar certificado en la matriz de polivalencia. Acumulación de material en pasillo de evacuación. Datos capturados con letra ilegible / con tachaduras.,0.812,OK,OK,OK,No OK con acción,No OK con acción,No OK con acción,OK,OK
320,2025-08-31,Línea 4,Vespertino,M. Hernández,OP010,False,24.977,25.0,Operador realiza secuencia distinta a la instrucción de trabajo vigente.,0.938,OK,OK,No OK con acción,OK,OK,OK,OK,OK
325,2025-09-01,Línea 2,Nocturno,M. Hernández,OP028,False,24.978,25.0,Producto sospechoso mezclado con producto bueno.,0.938,OK,OK,OK,OK,OK,OK,OK,No OK con acción
323,2025-09-01,Línea 3,Matutino,L. Cruz,OP008,False,25.005,25.0,Operación conforme al estándar de la operación.,1.0,OK,OK,OK,OK,OK,OK,OK,OK
326,2025-09-01,Línea 3,Matutino,A. Torres,OP031,False,25.006,25.0,Producto sospechoso mezclado con producto bueno.,0.938,OK,OK,OK,OK,OK,OK,OK,No OK con acción
324,2025-09-01,Línea 4,Vespertino,L. Cruz,OP020,False,24.991,25.0,Todo en orden durante la auditoría.,1.0,OK,OK,OK,OK,OK,OK,OK,OK
327,2025-09-02,Línea 3,Matutino,L. Cruz,OP017,False,25.007,25.0,Operación conforme al estándar de la operación.,1.0,OK,OK,OK,OK,OK,OK,OK,OK
329,2025-09-02,Línea 3,Vespertino,J. Ramírez,OP007,False,24.978,25.0,Datos capturados con letra ilegible / con tachaduras.,0.938,OK,OK,OK,OK,OK,No OK con acción,OK,OK
328,2025-09-02,Línea 4,Matutino,A. Torres,OP014,False,24.964,25.0,Operación conforme al estándar de la operación.,1.0,OK,OK,OK,OK,OK,OK,OK,OK
331,2025-09-02,Línea 4,Nocturno,M. Hernández,OP035,False,25.016,25.0,Operador realiza secuencia distinta a la instrucción de trabajo vigente. Registro de calidad incompleto en el turno.,0.875,OK,OK,No OK con acción,OK,OK,No OK con acción,OK,OK
330,2025-09-02,Línea 4,Vespertino,A. Torres,OP035,False,25.012,25.0,"Técnica de medición incorrecta, genera lecturas variables.",0.938,OK,No OK con acción,OK,OK,OK,OK,OK,OK
335,2025-09-03,Línea 2,Matutino,M. Hernández,OP022,False,24.995,25.0,Todo en orden durante la auditoría.,1.0,OK,OK,OK,OK,OK,OK,OK,OK
336,2025-09-03,Línea 2,Matutino,M. Hernández,OP012,True,24.983,25.0,"Vernier fuera de calibración vigente, se retiró de línea. Operador de otra línea cubre ausentismo sin entrenamiento formal. Etiqueta de no conformidad mal llenada.",0.75,OK,No OK con acción,OK,No OK con acción,OK,OK,OK,No OK sin acción
333,2025-09-03,Línea 2,Nocturno,A. Torres,OP017,False,24.962,25.0,"Operador realiza secuencia distinta a la instrucción de trabajo vigente. Registro de calidad incompleto en el turno. Operador se adelanta al tiempo estándar, riesgo de omitir pasos. Pieza no conforme detectada sin segregar en área roja.",0.688,OK,OK,No OK sin acción,OK,OK,No OK con acción,No OK con acción,No OK con acción
332,2025-09-03,Línea 2,Vespertino,M. Hernández,OP007,False,24.975,25.0,Datos capturados con letra ilegible / con tachaduras.,0.875,OK,OK,OK,OK,OK,No OK sin acción,OK,OK
334,2025-09-03,Línea 3,Vespertino,M. Hernández,OP009,True,24.957,25.0,Operador de otra línea cubre ausentismo sin entrenamiento formal. Contenedores de scrap sin identificar correctamente.,0.875,OK,OK,OK,No OK con acción,No OK con acción,OK,OK,OK
338,2025-09-04,Línea 1,Nocturno,L. Cruz,OP038,False,25.032,25.0,Operación conforme al estándar de la operación.,1.0,OK,OK,OK,OK,OK,OK,OK,OK
339,2025-09-04,Línea 1,Vespertino,L. Cruz,OP008,True,25.012,25.0,Operador cubre la estación sin estar certificado en la matriz de polivalencia.,0.938,OK,OK,OK,No OK con acción,OK,OK,OK,OK
337,2025-09-04,Línea 2,Nocturno,J. Ramírez,OP019,False,24.971,25.0,"Operador se adelanta al tiempo estándar, riesgo de omitir pasos.",0.938,OK,OK,OK,OK,OK,OK,No OK con acción,OK
341,2025-09-05,Línea 1,Nocturno,L. Cruz,OP039,False,25.022,25.0,"Operador se adelanta al tiempo estándar, riesgo de omitir pasos.",0.938,OK,OK,OK,OK,OK,OK,No OK con acción,OK
340,2025-09-05,Línea 3,Matutino,M. Hernández,OP007,False,25.002,25.0,"Tiempo de ciclo por encima del estándar, genera cuello de botella.",0.938,OK,OK,OK,OK,OK,OK,No OK con acción,OK
342,2025-09-05,Línea 4,Nocturno,L. Cruz,OP022,False,25.097,25.0,"Bata y calzado de seguridad correctos, pero sin cofia. No registra la medición en el formato de control. Operador se adelanta al tiempo estándar, riesgo de omitir pasos. Producto sospechoso mezclado con producto bueno.",0.688,No OK sin acción,No OK con acción,OK,OK,OK,OK,No OK con acción,No OK con acción
343,2025-09-06,Línea 1,Vespertino,L. Cruz,OP023,False,24.965,25.0,Omite paso de verificación intermedio marcado en la IT. Registro de calidad incompleto en el turno.,0.812,OK,OK,No OK sin acción,OK,OK,No OK con acción,OK,OK
344,2025-09-06,Línea 2,Vespertino,M. Hernández,OP016,True,25.031,25.0,No registra la medición en el formato de control. Operador cubre la estación sin estar certificado en la matriz de polivalencia.,0.875,OK,No OK con acción,OK,No OK con acción,OK,OK,OK,OK
346,2025-09-07,Línea 2,Matutino,J. Ramírez,OP011,False,24.96,25.0,No se registró la hora de la medición.,0.938,OK,OK,OK,OK,OK,No OK con acción,OK,OK
345,2025-09-07,Línea 4,Vespertino,L. Cruz,OP013,True,24.94,25.0,"Técnica de medición incorrecta, genera lecturas variables. Operador cubre la estación sin estar certificado en la matriz de polivalencia.",0.812,OK,No OK con acción,OK,No OK sin acción,OK,OK,OK,OK
350,2025-09-08,Línea 1,Matutino,M. Hernández,OP001,False,25.002,25.0,Operación conforme al estándar de la operación.,1.0,OK,OK,OK,OK,OK,OK,OK,OK
348,2025-09-08,Línea 2,Matutino,L. Cruz,OP030,False,24.998,25.0,"Falta guantes de protección, se corrigió en el momento. Contenedores de scrap sin identificar correctamente.",0.875,No OK con acción,OK,OK,OK,No OK con acción,OK,OK,OK
349,2025-09-08,Línea 3,Matutino,M. Hernández,OP010,False,25.011,25.0,"Sin observaciones, cumple con el estándar.",1.0,OK,OK,OK,OK,OK,OK,OK,OK
347,2025-09-08,Línea 3,Vespertino,L. Cruz,OP010,False,24.982,25.0,Herramientas fuera de su lugar identificado.,0.938,OK,OK,OK,OK,No OK con acción,OK,OK,OK
351,2025-09-08,Línea 3,Vespertino,J. Ramírez,OP017,False,25.035,25.0,Operación conforme al estándar de la operación.,1.0,OK,OK,OK,OK,OK,OK,OK,OK
352,2025-09-09,Línea 1,Nocturno,A. Torres,OP004,False,24.994,25.0,No tiene la IT disponible en el puesto de trabajo. Contenedores de scrap sin identificar correctamente. Registro de calidad incompleto en el turno.,0.688,OK,OK,No OK con acción,OK,No OK sin acción,No OK sin acción,OK,OK
353,2025-09-09,Línea 2,Vespertino,A. Torres,OP007,False,25.001,25.0,"Operador no verifica cero del vernier antes de medir. Registro de calidad incompleto en el turno. Operador se adelanta al tiempo estándar, riesgo de omitir pasos.",0.812,OK,No OK con acción,OK,OK,OK,No OK con acción,No OK con acción,OK
354,2025-09-09,Línea 3,Vespertino,M. Hernández,OP029,False,25.006,25.0,Operador sin lentes de seguridad al momento de la auditoría.,0.938,No OK con acción,OK,OK,OK,OK,OK,OK,OK
355,2025-09-10,Línea 2,Nocturno,L. Cruz,OP030,False,25.02,25.0,"Certificación vigente pero próxima a vencer, requiere recertificación.",0.938,OK,OK,OK,No OK con acción,OK,OK,OK,OK
356,2025-09-10,Línea 3,Matutino,L. Cruz,OP018,True,25.0,25.0,"Técnica de medición incorrecta, genera lecturas variables. Omite paso de verificación intermedio marcado en la IT. Certificación vigente pero próxima a vencer, requiere recertificación.",0.75,OK,No OK sin acción,No OK con acción,No OK con acción,OK,OK,OK,OK
359,2025-09-11,Línea 1,Matutino,L. Cruz,OP038,False,24.935,25.0,"Vernier fuera de calibración vigente, se retiró de línea. IT desactualizada en el puesto, no coincide con el proceso actual. Acumulación de material en pasillo de evacuación.",0.688,OK,No OK sin acción,No OK con acción,OK,No OK sin acción,OK,OK,OK
360,2025-09-11,Línea 2,Vespertino,J. Ramírez,OP022,False,24.996,25.0,No tiene la IT disponible en el puesto de trabajo.,0.875,OK,OK,No OK sin acción,OK,OK,OK,OK,OK
361,2025-09-11,Línea 3,Nocturno,L. Cruz,OP013,False,24.998,25.0,Omite paso de verificación intermedio marcado en la IT. Herramientas fuera de su lugar identificado.,0.875,OK,OK,No OK con acción,OK,No OK con acción,OK,OK,OK
357,2025-09-11,Línea 4,Matutino,J. Ramírez,OP003,False,25.025,25.0,Todo en orden durante la auditoría.,1.0,OK,OK,OK,OK,OK,OK,OK,OK
358,2025-09-11,Línea 4,Matutino,M. Hernández,OP024,False,24.983,25.0,"IT desactualizada en el puesto, no coincide con el proceso actual.",0.938,OK,OK,No OK con acción,OK,OK,OK,OK,OK
362,2025-09-12,Línea 1,Matutino,M. Hernández,OP023,False,25.035,25.0,Operador realiza secuencia distinta a la instrucción de trabajo vigente.,0.875,OK,OK,No OK sin acción,OK,OK,OK,OK,OK
363,2025-09-12,Línea 4,Nocturno,J. Ramírez,OP024,False,25.01,25.0,Todo en orden durante la auditoría.,1.0,OK,OK,OK,OK,OK,OK,OK,OK
367,2025-09-13,Línea 1,Matutino,M. Hernández,OP030,False,25.029,25.0,Todo en orden durante la auditoría.,1.0,OK,OK,OK,OK,OK,OK,OK,OK
364,2025-09-13,Línea 1,Vespertino,M. Hernández,OP020,False,24.98,25.0,Operador sin lentes de seguridad al momento de la auditoría.,0.875,No OK sin acción,OK,OK,OK,OK,OK,OK,OK
366,2025-09-13,Línea 2,Nocturno,M. Hernández,OP031,True,24.99,25.0,"Sin observaciones, cumple con el estándar.",1.0,OK,OK,OK,OK,OK,OK,OK,OK
368,2025-09-13,Línea 3,Matutino,M. Hernández,OP032,False,25.012,25.0,Operador sin lentes de seguridad al momento de la auditoría.,0.875,No OK sin acción,OK,OK,OK,OK,OK,OK,OK
365,2025-09-13,Línea 4,Vespertino,A. Torres,OP037,False,24.967,25.0,Operador no verifica cero del vernier antes de medir.,0.875,OK,No OK sin acción,OK,OK,OK,OK,OK,OK
370,2025-09-14,Línea 1,Vespertino,L. Cruz,OP003,True,24.974,25.0,Operador realiza secuencia distinta a la instrucción de trabajo vigente. Operador cubre la estación sin estar certificado en la matriz de polivalencia.,0.812,OK,OK,No OK con acción,No OK sin acción,OK,OK,OK,OK
369,2025-09-14,Línea 2,Nocturno,A. Torres,OP025,False,24.94,25.0,"Vernier fuera de calibración vigente, se retiró de línea. Certificación vigente pero próxima a vencer, requiere recertificación. Producto sospechoso mezclado con producto bueno.",0.812,OK,No OK con acción,OK,No OK con acción,OK,OK,OK,No OK con acción
371,2025-09-14,Línea 3,Nocturno,J. Ramírez,OP036,True,25.021,25.0,"Operador cubre la estación sin estar certificado en la matriz de polivalencia. Tiempo de ciclo por encima del estándar, genera cuello de botella.",0.812,OK,OK,OK,No OK sin acción,OK,OK,No OK con acción,OK
372,2025-09-14,Línea 4,Matutino,M. Hernández,OP035,False,25.008,25.0,No se registró la hora de la medición.,0.875,OK,OK,OK,OK,OK,No OK sin acción,OK,OK
373,2025-09-14,Línea 4,Matutino,J. Ramírez,OP014,False,25.014,25.0,"Técnica de medición incorrecta, genera lecturas variables. Contenedores de scrap sin identificar correctamente.",0.875,OK,No OK con acción,OK,OK,No OK con acción,OK,OK,OK
375,2025-09-15,Línea 1,Matutino,M. Hernández,OP002,False,24.859,25.0,"Vernier fuera de calibración vigente, se retiró de línea.",0.938,OK,No OK con acción,OK,OK,OK,OK,OK,OK
376,2025-09-15,Línea 2,Vespertino,A. Torres,OP012,True,25.016,25.0,Herramientas fuera de su lugar identificado. Datos capturados con letra ilegible / con tachaduras. Producto sospechoso mezclado con producto bueno.,0.688,OK,OK,OK,OK,No OK sin acción,No OK con acción,OK,No OK sin acción
374,2025-09-15,Línea 3,Matutino,J. Ramírez,OP008,False,24.966,25.0,Operador sin lentes de seguridad al momento de la auditoría.,0.875,No OK sin acción,OK,OK,OK,OK,OK,OK,OK
381,2025-09-16,Línea 1,Nocturno,A. Torres,OP036,False,25.191,25.0,Operador no verifica cero del vernier antes de medir. No tiene la IT disponible en el puesto de trabajo. Herramientas fuera de su lugar identificado.,0.75,OK,No OK sin acción,No OK con acción,OK,No OK con acción,OK,OK,OK
379,2025-09-16,Línea 2,Matutino,J. Ramírez,OP017,False,24.995,25.0,Todo en orden durante la auditoría.,1.0,OK,OK,OK,OK,OK,OK,OK,OK
380,2025-09-16,Línea 2,Matutino,M. Hernández,OP011,False,25.02,25.0,Omite paso de verificación intermedio marcado en la IT.,0.938,OK,OK,No OK con acción,OK,OK,OK,OK,OK
378,2025-09-16,Línea 3,Vespertino,M. Hernández,OP029,False,25.017,25.0,Todo en orden durante la auditoría.,1.0,OK,OK,OK,OK,OK,OK,OK,OK
377,2025-09-16,Línea 4,Vespertino,L. Cruz,OP008,False,25.006,25.0,Operador cubre la estación sin estar certificado en la matriz de polivalencia.,0.875,OK,OK,OK,No OK sin acción,OK,OK,OK,OK
384,2025-09-17,Línea 1,Matutino,J. Ramírez,OP039,False,24.993,25.0,"Sin observaciones, cumple con el estándar.",1.0,OK,OK,OK,OK,OK,OK,OK,OK
382,2025-09-17,Línea 1,Vespertino,M. Hernández,OP033,False,25.013,25.0,Operación conforme al estándar de la operación.,1.0,OK,OK,OK,OK,OK,OK,OK,OK
383,2025-09-17,Línea 1,Vespertino,M. Hernández,OP026,False,25.006,25.0,Datos capturados con letra ilegible / con tachaduras.,0.938,OK,OK,OK,OK,OK,No OK con acción,OK,OK
385,2025-09-17,Línea 4,Matutino,L. Cruz,OP034,False,25.026,25.0,Datos capturados con letra ilegible / con tachaduras.,0.938,OK,OK,OK,OK,OK,No OK con acción,OK,OK
386,2025-09-18,Línea 3,Nocturno,L. Cruz,OP010,False,24.98,25.0,"Tiempo de ciclo por encima del estándar, genera cuello de botella. Pieza no conforme detectada sin segregar en área roja.",0.812,OK,OK,OK,OK,OK,OK,No OK sin acción,No OK con acción
389,2025-09-18,Línea 3,Vespertino,A. Torres,OP012,True,24.984,25.0,Operador cubre la estación sin estar certificado en la matriz de polivalencia.,0.938,OK,OK,OK,No OK con acción,OK,OK,OK,OK
387,2025-09-18,Línea 4,Matutino,M. Hernández,OP010,False,24.981,25.0,Operación conforme al estándar de la operación.,1.0,OK,OK,OK,OK,OK,OK,OK,OK
388,2025-09-18,Línea 4,Matutino,J. Ramírez,OP003,False,25.007,25.0,Todo en orden durante la auditoría.,1.0,OK,OK,OK,OK,OK,OK,OK,OK
394,2025-09-19,Línea 2,Nocturno,A. Torres,OP028,False,25.034,25.0,No se registró la hora de la medición.,0.875,OK,OK,OK,OK,OK,No OK sin acción,OK,OK
391,2025-09-19,Línea 3,Matutino,J. Ramírez,OP032,False,25.024,25.0,"IT desactualizada en el puesto, no coincide con el proceso actual.",0.875,OK,OK,No OK sin acción,OK,OK,OK,OK,OK
392,2025-09-19,Línea 3,Matutino,A. Torres,OP019,False,25.0,25.0,Registro de calidad incompleto en el turno.,0.875,OK,OK,OK,OK,OK,No OK sin acción,OK,OK
393,2025-09-19,Línea 3,Matutino,J. Ramírez,OP015,False,25.12,25.0,"No registra la medición en el formato de control. Omite paso de verificación intermedio marcado en la IT. Contenedores de scrap sin identificar correctamente. Tiempo de ciclo por encima del estándar, genera cuello de botella.",0.688,OK,No OK sin acción,No OK con acción,OK,No OK con acción,OK,No OK con acción,OK
390,2025-09-19,Línea 3,Nocturno,M. Hernández,OP024,False,25.029,25.0,"Tiempo de ciclo por encima del estándar, genera cuello de botella.",0.938,OK,OK,OK,OK,OK,OK,No OK con acción,OK
398,2025-09-20,Línea 1,Matutino,M. Hernández,OP005,True,24.916,25.0,"Vernier fuera de calibración vigente, se retiró de línea. Certificación vigente pero próxima a vencer, requiere recertificación. Tiempo de ciclo por encima del estándar, genera cuello de botella.",0.688,OK,No OK con acción,OK,No OK sin acción,OK,OK,No OK sin acción,OK
395,2025-09-20,Línea 2,Vespertino,A. Torres,OP008,False,25.009,25.0,"Operador se adelanta al tiempo estándar, riesgo de omitir pasos.",0.875,OK,OK,OK,OK,OK,OK,No OK sin acción,OK
396,2025-09-20,Línea 2,Vespertino,J. Ramírez,OP036,False,24.995,25.0,Contenedores de scrap sin identificar correctamente.,0.938,OK,OK,OK,OK,No OK con acción,OK,OK,OK
397,2025-09-20,Línea 3,Matutino,M. Hernández,OP004,True,24.964,25.0,Todo en orden durante la auditoría.,1.0,OK,OK,OK,OK,OK,OK,OK,OK
399,2025-09-21,Línea 4,Matutino,J. Ramírez,OP016,False,25.0,25.0,Operación conforme al estándar de la operación.,1.0,OK,OK,OK,OK,OK,OK,OK,OK
400,2025-09-21,Línea 4,Matutino,M. Hernández,OP016,False,24.99,25.0,"Sin observaciones, cumple con el estándar.",1.0,OK,OK,OK,OK,OK,OK,OK,OK
401,2025-09-22,Línea 2,Matutino,A. Torres,OP010,False,25.005,25.0,Todo en orden durante la auditoría.,1.0,OK,OK,OK,OK,OK,OK,OK,OK
402,2025-09-22,Línea 2,Matutino,L. Cruz,OP027,False,25.001,25.0,Todo en orden durante la auditoría.,1.0,OK,OK,OK,OK,OK,OK,OK,OK
404,2025-09-22,Línea 2,Nocturno,M. Hernández,OP026,False,24.973,25.0,Contenedores de scrap sin identificar correctamente.,0.875,OK,OK,OK,OK,No OK sin acción,OK,OK,OK
403,2025-09-22,Línea 2,Vespertino,L. Cruz,OP030,False,25.051,25.0,"Técnica de medición incorrecta, genera lecturas variables. Operador se adelanta al tiempo estándar, riesgo de omitir pasos.",0.812,OK,No OK sin acción,OK,OK,OK,OK,No OK con acción,OK
406,2025-09-23,Línea 2,Matutino,J. Ramírez,OP013,False,25.007,25.0,Operación conforme al estándar de la operación.,1.0,OK,OK,OK,OK,OK,OK,OK,OK
405,2025-09-23,Línea 4,Nocturno,M. Hernández,OP037,False,25.012,25.0,"Tiempo de ciclo por encima del estándar, genera cuello de botella.",0.938,OK,OK,OK,OK,OK,OK,No OK con acción,OK
408,2025-09-24,Línea 2,Nocturno,L. Cruz,OP017,False,24.99,25.0,No se registró la hora de la medición.,0.938,OK,OK,OK,OK,OK,No OK con acción,OK,OK
409,2025-09-24,Línea 3,Matutino,M. Hernández,OP007,False,24.984,25.0,"Operador sin lentes de seguridad al momento de la auditoría. Técnica de medición incorrecta, genera lecturas variables. Contenedores de scrap sin identificar correctamente.",0.688,No OK sin acción,No OK con acción,OK,OK,No OK sin acción,OK,OK,OK
410,2025-09-24,Línea 3,Matutino,M. Hernández,OP003,False,24.995,25.0,Operación conforme al estándar de la operación.,1.0,OK,OK,OK,OK,OK,OK,OK,OK
407,2025-09-24,Línea 3,Vespertino,A. Torres,OP008,False,24.971,25.0,"Sin observaciones, cumple con el estándar.",1.0,OK,OK,OK,OK,OK,OK,OK,OK
411,2025-09-25,Línea 1,Vespertino,J. Ramírez,OP030,False,24.979,25.0,"Operador se adelanta al tiempo estándar, riesgo de omitir pasos.",0.938,OK,OK,OK,OK,OK,OK,No OK con acción,OK
412,2025-09-25,Línea 2,Nocturno,A. Torres,OP030,False,24.984,25.0,"Bata y calzado de seguridad correctos, pero sin cofia. No tiene la IT disponible en el puesto de trabajo. Acumulación de material en pasillo de evacuación.",0.688,No OK sin acción,OK,No OK sin acción,OK,No OK con acción,OK,OK,OK
414,2025-09-25,Línea 3,Matutino,M. Hernández,OP029,False,24.985,25.0,Todo en orden durante la auditoría.,1.0,OK,OK,OK,OK,OK,OK,OK,OK
413,2025-09-25,Línea 4,Vespertino,J. Ramírez,OP005,False,25.011,25.0,"IT desactualizada en el puesto, no coincide con el proceso actual.",0.875,OK,OK,No OK sin acción,OK,OK,OK,OK,OK
415,2025-09-26,Línea 3,Vespertino,L. Cruz,OP029,False,25.017,25.0,Herramientas fuera de su lugar identificado.,0.875,OK,OK,OK,OK,No OK sin acción,OK,OK,OK
417,2025-09-26,Línea 4,Matutino,M. Hernández,OP037,False,25.0,25.0,Acumulación de material en pasillo de evacuación. No se registró la hora de la medición.,0.812,OK,OK,OK,OK,No OK con acción,No OK sin acción,OK,OK
416,2025-09-26,Línea 4,Vespertino,M. Hernández,OP022,False,25.009,25.0,"Técnica de medición incorrecta, genera lecturas variables. Datos capturados con letra ilegible / con tachaduras.",0.812,OK,No OK sin acción,OK,OK,OK,No OK con acción,OK,OK
419,2025-09-27,Línea 1,Nocturno,L. Cruz,OP001,False,25.005,25.0,Tapones auditivos no colocados correctamente. Registro de calidad incompleto en el turno.,0.812,No OK con acción,OK,OK,OK,OK,No OK sin acción,OK,OK
420,2025-09-27,Línea 1,Nocturno,M. Hernández,OP020,False,25.001,25.0,"Herramientas fuera de su lugar identificado. Tiempo de ciclo por encima del estándar, genera cuello de botella.",0.75,OK,OK,OK,OK,No OK sin acción,OK,No OK sin acción,OK
418,2025-09-27,Línea 2,Vespertino,A. Torres,OP008,False,25.108,25.0,No registra la medición en el formato de control. Operador realiza secuencia distinta a la instrucción de trabajo vigente. Operador cubre la estación sin estar certificado en la matriz de polivalencia.,0.812,OK,No OK con acción,No OK con acción,No OK con acción,OK,OK,OK,OK
421,2025-09-28,Línea 1,Matutino,J. Ramírez,OP022,False,25.011,25.0,"Certificación vigente pero próxima a vencer, requiere recertificación. Tiempo de ciclo por encima del estándar, genera cuello de botella.",0.875,OK,OK,OK,No OK con acción,OK,OK,No OK con acción,OK
422,2025-09-28,Línea 3,Nocturno,L. Cruz,OP003,False,24.989,25.0,"Sin observaciones, cumple con el estándar.",1.0,OK,OK,OK,OK,OK,OK,OK,OK
423,2025-09-28,Línea 4,Vespertino,M. Hernández,OP035,False,25.042,25.0,"Operador se adelanta al tiempo estándar, riesgo de omitir pasos.",0.938,OK,OK,OK,OK,OK,OK,No OK con acción,OK
427,2025-09-29,Línea 1,Nocturno,J. Ramírez,OP015,True,25.042,25.0,"IT desactualizada en el puesto, no coincide con el proceso actual. Operador cubre la estación sin estar certificado en la matriz de polivalencia. No se registró la hora de la medición.",0.75,OK,OK,No OK con acción,No OK con acción,OK,No OK sin acción,OK,OK
428,2025-09-29,Línea 1,Vespertino,J. Ramírez,OP023,False,25.041,25.0,Operador sin lentes de seguridad al momento de la auditoría.,0.938,No OK con acción,OK,OK,OK,OK,OK,OK,OK
426,2025-09-29,Línea 2,Nocturno,J. Ramírez,OP011,False,24.989,25.0,Operador sin lentes de seguridad al momento de la auditoría. Operador no verifica cero del vernier antes de medir. Contenedores de scrap sin identificar correctamente. Registro de calidad incompleto en el turno. Producto sospechoso mezclado con producto bueno.,0.562,No OK sin acción,No OK con acción,OK,OK,No OK con acción,No OK con acción,OK,No OK sin acción
425,2025-09-29,Línea 2,Vespertino,J. Ramírez,OP036,False,24.963,25.0,"Certificación vigente pero próxima a vencer, requiere recertificación. Acumulación de material en pasillo de evacuación. Datos capturados con letra ilegible / con tachaduras.",0.812,OK,OK,OK,No OK con acción,No OK con acción,No OK con acción,OK,OK
424,2025-09-29,Línea 4,Vespertino,J. Ramírez,OP027,False,24.982,25.0,"Sin observaciones, cumple con el estándar.",1.0,OK,OK,OK,OK,OK,OK,OK,OK
432,2025-09-30,Línea 1,Matutino,L. Cruz,OP012,False,25.032,25.0,Omite paso de verificación intermedio marcado en la IT.,0.938,OK,OK,No OK con acción,OK,OK,OK,OK,OK
433,2025-09-30,Línea 1,Matutino,A. Torres,OP020,False,25.019,25.0,Operador realiza secuencia distinta a la instrucción de trabajo vigente. Registro de calidad incompleto en el turno.,0.812,OK,OK,No OK con acción,OK,OK,No OK sin acción,OK,OK
429,2025-09-30,Línea 2,Nocturno,J. Ramírez,OP035,True,24.989,25.0,"Operador no verifica cero del vernier antes de medir. Operador realiza secuencia distinta a la instrucción de trabajo vigente. Certificación vigente pero próxima a vencer, requiere recertificación. Contenedores de scrap sin identificar correctamente.",0.75,OK,No OK con acción,No OK con acción,No OK con acción,No OK con acción,OK,OK,OK
430,2025-09-30,Línea 3,Vespertino,J. Ramírez,OP017,False,24.997,25.0,Datos capturados con letra ilegible / con tachaduras.,0.875,OK,OK,OK,OK,OK,No OK sin acción,OK,OK
431,2025-09-30,Línea 4,Vespertino,M. Hernández,OP011,True,24.996,25.0,"Falta guantes de protección, se corrigió en el momento. Certificación vigente pero próxima a vencer, requiere recertificación. Contenedores de scrap sin identificar correctamente.",0.688,No OK sin acción,OK,OK,No OK sin acción,No OK con acción,OK,OK,OK
435,2025-10-01,Línea 1,Vespertino,J. Ramírez,OP007,True,24.997,25.0,"Vernier fuera de calibración vigente, se retiró de línea. Omite paso de verificación intermedio marcado en la IT. Operador de otra línea cubre ausentismo sin entrenamiento formal. Datos capturados con letra ilegible / con tachaduras.",0.625,OK,No OK con acción,No OK sin acción,No OK con acción,OK,No OK sin acción,OK,OK
437,2025-10-01,Línea 1,Vespertino,J. Ramírez,OP030,False,25.021,25.0,"Operador realiza secuencia distinta a la instrucción de trabajo vigente. Tiempo de ciclo por encima del estándar, genera cuello de botella.",0.812,OK,OK,No OK con acción,OK,OK,OK,No OK sin acción,OK
436,2025-10-01,Línea 2,Nocturno,J. Ramírez,OP026,False,24.989,25.0,Todo en orden durante la auditoría.,1.0,OK,OK,OK,OK,OK,OK,OK,OK
434,2025-10-01,Línea 3,Matutino,M. Hernández,OP031,False,24.983,25.0,Operación conforme al estándar de la operación.,1.0,OK,OK,OK,OK,OK,OK,OK,OK
441,2025-10-02,Línea 3,Nocturno,M. Hernández,OP015,False,24.968,25.0,"Operador sin lentes de seguridad al momento de la auditoría. IT desactualizada en el puesto, no coincide con el proceso actual.",0.875,No OK con acción,OK,No OK con acción,OK,OK,OK,OK,OK
440,2025-10-02,Línea 3,Vespertino,M. Hernández,OP003,False,25.009,25.0,Operación conforme al estándar de la operación.,1.0,OK,OK,OK,OK,OK,OK,OK,OK
439,2025-10-02,Línea 4,Matutino,A. Torres,OP024,False,24.981,25.0,Operación conforme al estándar de la operación.,1.0,OK,OK,OK,OK,OK,OK,OK,OK
438,2025-10-02,Línea 4,Nocturno,J. Ramírez,OP016,False,24.977,25.0,Etiqueta de no conformidad mal llenada.,0.938,OK,OK,OK,OK,OK,OK,OK,No OK con acción
442,2025-10-03,Línea 1,Vespertino,M. Hernández,OP006,False,24.988,25.0,Operador realiza secuencia distinta a la instrucción de trabajo vigente. No se registró la hora de la medición.,0.875,OK,OK,No OK con acción,OK,OK,No OK con acción,OK,OK
443,2025-10-03,Línea 1,Vespertino,M. Hernández,OP016,False,25.012,25.0,Etiqueta de no conformidad mal llenada.,0.938,OK,OK,OK,OK,OK,OK,OK,No OK con acción
444,2025-10-03,Línea 2,Vespertino,J. Ramírez,OP013,False,24.978,25.0,Todo en orden durante la auditoría.,1.0,OK,OK,OK,OK,OK,OK,OK,OK
445,2025-10-03,Línea 4,Matutino,L. Cruz,OP014,False,24.973,25.0,"Sin observaciones, cumple con el estándar.",1.0,OK,OK,OK,OK,OK,OK,OK,OK
447,2025-10-04,Línea 2,Nocturno,A. Torres,OP025,False,24.998,25.0,Registro de calidad incompleto en el turno.,0.875,OK,OK,OK,OK,OK,No OK sin acción,OK,OK
448,2025-10-04,Línea 3,Nocturno,A. Torres,OP015,False,24.992,25.0,Omite paso de verificación intermedio marcado en la IT. Operador de otra línea cubre ausentismo sin entrenamiento formal.,0.75,OK,OK,No OK sin acción,No OK sin acción,OK,OK,OK,OK
449,2025-10-04,Línea 3,Nocturno,J. Ramírez,OP030,False,24.995,25.0,Operación conforme al estándar de la operación.,1.0,OK,OK,OK,OK,OK,OK,OK,OK
446,2025-10-04,Línea 4,Nocturno,A. Torres,OP034,False,24.9,25.0,"Tapones auditivos no colocados correctamente. Vernier fuera de calibración vigente, se retiró de línea.",0.875,No OK con acción,No OK con acción,OK,OK,OK,OK,OK,OK
453,2025-10-05,Línea 1,Nocturno,A. Torres,OP035,False,25.013,25.0,"Bata y calzado de seguridad correctos, pero sin cofia. Tiempo de ciclo por encima del estándar, genera cuello de botella.",0.875,No OK con acción,OK,OK,OK,OK,OK,No OK con acción,OK
451,2025-10-05,Línea 2,Vespertino,L. Cruz,OP005,False,24.962,25.0,"Operador se adelanta al tiempo estándar, riesgo de omitir pasos.",0.875,OK,OK,OK,OK,OK,OK,No OK sin acción,OK
452,2025-10-05,Línea 2,Vespertino,A. Torres,OP022,False,24.973,25.0,Contenedores de scrap sin identificar correctamente. Datos capturados con letra ilegible / con tachaduras.,0.875,OK,OK,OK,OK,No OK con acción,No OK con acción,OK,OK
454,2025-10-05,Línea 3,Nocturno,J. Ramírez,OP029,False,24.992,25.0,Herramientas fuera de su lugar identificado.,0.938,OK,OK,OK,OK,No OK con acción,OK,OK,OK
450,2025-10-05,Línea 4,Matutino,J. Ramírez,OP014,False,24.98,25.0,"Sin observaciones, cumple con el estándar.",1.0,OK,OK,OK,OK,OK,OK,OK,OK
457,2025-10-06,Línea 1,Matutino,M. Hernández,OP002,False,25.012,25.0,Producto sospechoso mezclado con producto bueno.,0.938,OK,OK,OK,OK,OK,OK,OK,No OK con acción
458,2025-10-06,Línea 1,Matutino,L. Cruz,OP035,False,24.999,25.0,Tapones auditivos no colocados correctamente.,0.875,No OK sin acción,OK,OK,OK,OK,OK,OK,OK
459,2025-10-06,Línea 2,Matutino,L. Cruz,OP030,False,25.004,25.0,Pieza no conforme detectada sin segregar en área roja.,0.938,OK,OK,OK,OK,OK,OK,OK,No OK con acción
455,2025-10-06,Línea 3,Vespertino,M. Hernández,OP031,False,24.977,25.0,Operación conforme al estándar de la operación.,1.0,OK,OK,OK,OK,OK,OK,OK,OK
456,2025-10-06,Línea 4,Vespertino,M. Hernández,OP040,False,25.015,25.0,Tapones auditivos no colocados correctamente. Etiqueta de no conformidad mal llenada.,0.875,No OK con acción,OK,OK,OK,OK,OK,OK,No OK con acción
462,2025-10-07,Línea 1,Vespertino,J. Ramírez,OP002,False,24.992,25.0,Operador no verifica cero del vernier antes de medir. Herramientas fuera de su lugar identificado.,0.75,OK,No OK sin acción,OK,OK,No OK sin acción,OK,OK,OK
460,2025-10-07,Línea 3,Nocturno,A. Torres,OP011,True,24.947,25.0,Operador realiza secuencia distinta a la instrucción de trabajo vigente. Operador de otra línea cubre ausentismo sin entrenamiento formal.,0.875,OK,OK,No OK con acción,No OK con acción,OK,OK,OK,OK
463,2025-10-07,Línea 4,Matutino,L. Cruz,OP040,False,24.979,25.0,"IT desactualizada en el puesto, no coincide con el proceso actual.",0.938,OK,OK,No OK con acción,OK,OK,OK,OK,OK
461,2025-10-07,Línea 4,Nocturno,L. Cruz,OP016,False,25.01,25.0,Datos capturados con letra ilegible / con tachaduras.,0.938,OK,OK,OK,OK,OK,No OK con acción,OK,OK
464,2025-10-08,Línea 2,Nocturno,L. Cruz,OP026,False,24.985,25.0,"Operador se adelanta al tiempo estándar, riesgo de omitir pasos. Pieza no conforme detectada sin segregar en área roja.",0.875,OK,OK,OK,OK,OK,OK,No OK con acción,No OK con acción
466,2025-10-08,Línea 3,Vespertino,A. Torres,OP014,False,25.016,25.0,Todo en orden durante la auditoría.,1.0,OK,OK,OK,OK,OK,OK,OK,OK
465,2025-10-08,Línea 4,Nocturno,L. Cruz,OP037,False,24.98,25.0,Operador no verifica cero del vernier antes de medir. Producto sospechoso mezclado con producto bueno.,0.75,OK,No OK sin acción,OK,OK,OK,OK,OK,No OK sin acción
467,2025-10-09,Línea 2,Nocturno,J. Ramírez,OP025,False,25.072,25.0,"Vernier fuera de calibración vigente, se retiró de línea.",0.875,OK,No OK sin acción,OK,OK,OK,OK,OK,OK
470,2025-10-09,Línea 2,Vespertino,M. Hernández,OP005,False,25.008,25.0,Contenedores de scrap sin identificar correctamente.,0.938,OK,OK,OK,OK,No OK con acción,OK,OK,OK
468,2025-10-09,Línea 3,Matutino,L. Cruz,OP031,False,24.986,25.0,"Sin observaciones, cumple con el estándar.",1.0,OK,OK,OK,OK,OK,OK,OK,OK
469,2025-10-09,Línea 3,Matutino,J. Ramírez,OP030,False,25.029,25.0,"Sin observaciones, cumple con el estándar.",1.0,OK,OK,OK,OK,OK,OK,OK,OK
472,2025-10-10,Línea 1,Nocturno,L. Cruz,OP038,False,24.992,25.0,"Sin observaciones, cumple con el estándar.",1.0,OK,OK,OK,OK,OK,OK,OK,OK
473,2025-10-10,Línea 1,Vespertino,A. Torres,OP012,False,25.03,25.0,"IT desactualizada en el puesto, no coincide con el proceso actual.",0.938,OK,OK,No OK con acción,OK,OK,OK,OK,OK
471,2025-10-10,Línea 4,Nocturno,J. Ramírez,OP020,False,25.009,25.0,"Sin observaciones, cumple con el estándar.",1.0,OK,OK,OK,OK,OK,OK,OK,OK
477,2025-10-11,Línea 1,Nocturno,A. Torres,OP001,False,25.007,25.0,Herramientas fuera de su lugar identificado.,0.875,OK,OK,OK,OK,No OK sin acción,OK,OK,OK
475,2025-10-11,Línea 4,Matutino,M. Hernández,OP010,False,25.035,25.0,"Sin observaciones, cumple con el estándar.",1.0,OK,OK,OK,OK,OK,OK,OK,OK
476,2025-10-11,Línea 4,Matutino,A. Torres,OP027,False,25.009,25.0,Datos capturados con letra ilegible / con tachaduras.,0.938,OK,OK,OK,OK,OK,No OK con acción,OK,OK
478,2025-10-11,Línea 4,Matutino,M. Hernández,OP022,False,24.989,25.0,"Operador se adelanta al tiempo estándar, riesgo de omitir pasos.",0.938,OK,OK,OK,OK,OK,OK,No OK con acción,OK
474,2025-10-11,Línea 4,Vespertino,M. Hernández,OP003,False,25.022,25.0,"Sin observaciones, cumple con el estándar.",1.0,OK,OK,OK,OK,OK,OK,OK,OK
479,2025-10-12,Línea 1,Matutino,L. Cruz,OP031,False,25.007,25.0,"Sin observaciones, cumple con el estándar.",1.0,OK,OK,OK,OK,OK,OK,OK,OK
480,2025-10-12,Línea 4,Nocturno,L. Cruz,OP005,False,24.967,25.0,"Tiempo de ciclo por encima del estándar, genera cuello de botella. Pieza no conforme detectada sin segregar en área roja.",0.75,OK,OK,OK,OK,OK,OK,No OK sin acción,No OK sin acción
481,2025-10-12,Línea 4,Nocturno,M. Hernández,OP016,False,25.05,25.0,Operación conforme al estándar de la operación.,1.0,OK,OK,OK,OK,OK,OK,OK,OK
482,2025-10-13,Línea 2,Matutino,L. Cruz,OP028,False,25.012,25.0,"Datos capturados con letra ilegible / con tachaduras. Tiempo de ciclo por encima del estándar, genera cuello de botella.",0.812,OK,OK,OK,OK,OK,No OK sin acción,No OK con acción,OK
484,2025-10-13,Línea 3,Matutino,A. Torres,OP007,False,24.974,25.0,Operador no verifica cero del vernier antes de medir.,0.938,OK,No OK con acción,OK,OK,OK,OK,OK,OK
483,2025-10-13,Línea 3,Nocturno,J. Ramírez,OP013,False,24.918,25.0,"Vernier fuera de calibración vigente, se retiró de línea. Acumulación de material en pasillo de evacuación. Registro de calidad incompleto en el turno.",0.75,OK,No OK sin acción,OK,OK,No OK con acción,No OK con acción,OK,OK
487,2025-10-14,Línea 1,Nocturno,M. Hernández,OP022,False,24.924,25.0,"Técnica de medición incorrecta, genera lecturas variables.",0.875,OK,No OK sin acción,OK,OK,OK,OK,OK,OK
486,2025-10-14,Línea 3,Matutino,A. Torres,OP010,False,24.981,25.0,"Sin observaciones, cumple con el estándar.",1.0,OK,OK,OK,OK,OK,OK,OK,OK
488,2025-10-14,Línea 3,Vespertino,M. Hernández,OP030,False,25.022,25.0,"Operador se adelanta al tiempo estándar, riesgo de omitir pasos.",0.938,OK,OK,OK,OK,OK,OK,No OK con acción,OK
485,2025-10-14,Línea 4,Nocturno,A. Torres,OP035,False,25.015,25.0,No tiene la IT disponible en el puesto de trabajo. Contenedores de scrap sin identificar correctamente. Datos capturados con letra ilegible / con tachaduras. Pieza no conforme detectada sin segregar en área roja.,0.688,OK,OK,No OK sin acción,OK,No OK con acción,No OK con acción,OK,No OK con acción
489,2025-10-15,Línea 1,Matutino,M. Hernández,OP022,False,25.1,25.0,"Técnica de medición incorrecta, genera lecturas variables. Omite paso de verificación intermedio marcado en la IT.",0.812,OK,No OK con acción,No OK sin acción,OK,OK,OK,OK,OK
490,2025-10-15,Línea 2,Matutino,A. Torres,OP013,False,25.012,25.0,Todo en orden durante la auditoría.,1.0,OK,OK,OK,OK,OK,OK,OK,OK
491,2025-10-15,Línea 3,Matutino,J. Ramírez,OP007,False,24.991,25.0,Tapones auditivos no colocados correctamente.,0.938,No OK con acción,OK,OK,OK,OK,OK,OK,OK
492,2025-10-15,Línea 3,Matutino,L. Cruz,OP003,False,24.983,25.0,"Sin observaciones, cumple con el estándar.",1.0,OK,OK,OK,OK,OK,OK,OK,OK
494,2025-10-16,Línea 1,Nocturno,J. Ramírez,OP038,False,24.949,25.0,"Sin observaciones, cumple con el estándar.",1.0,OK,OK,OK,OK,OK,OK,OK,OK
495,2025-10-16,Línea 2,Nocturno,L. Cruz,OP005,False,24.997,25.0,"Operador se adelanta al tiempo estándar, riesgo de omitir pasos.",0.875,OK,OK,OK,OK,OK,OK,No OK sin acción,OK
493,2025-10-16,Línea 2,Vespertino,A. Torres,OP030,False,25.003,25.0,Operador sin lentes de seguridad al momento de la auditoría. Producto sospechoso mezclado con producto bueno.,0.812,No OK con acción,OK,OK,OK,OK,OK,OK,No OK sin acción
496,2025-10-17,Línea 1,Matutino,J. Ramírez,OP022,False,25.011,25.0,"Sin observaciones, cumple con el estándar.",1.0,OK,OK,OK,OK,OK,OK,OK,OK
499,2025-10-17,Línea 1,Matutino,A. Torres,OP038,False,24.919,25.0,Operador no verifica cero del vernier antes de medir. Operador cubre la estación sin estar certificado en la matriz de polivalencia. Datos capturados con letra ilegible / con tachaduras.,0.688,OK,No OK sin acción,OK,No OK con acción,OK,No OK sin acción,OK,OK
500,2025-10-17,Línea 1,Nocturno,A. Torres,OP038,False,25.005,25.0,"Operador de otra línea cubre ausentismo sin entrenamiento formal. Tiempo de ciclo por encima del estándar, genera cuello de botella.",0.75,OK,OK,OK,No OK sin acción,OK,OK,No OK sin acción,OK
497,2025-10-17,Línea 2,Matutino,M. Hernández,OP036,False,24.991,25.0,"Operador se adelanta al tiempo estándar, riesgo de omitir pasos.",0.938,OK,OK,OK,OK,OK,OK,No OK con acción,OK
498,2025-10-17,Línea 2,Matutino,M. Hernández,OP005,False,24.963,25.0,"Acumulación de material en pasillo de evacuación. Tiempo de ciclo por encima del estándar, genera cuello de botella.",0.812,OK,OK,OK,OK,No OK con acción,OK,No OK sin acción,OK
503,2025-10-18,Línea 1,Nocturno,L. Cruz,OP014,True,25.007,25.0,"No tiene la IT disponible en el puesto de trabajo. Tiempo de ciclo por encima del estándar, genera cuello de botella.",0.875,OK,OK,No OK con acción,OK,OK,OK,No OK con acción,OK
505,2025-10-18,Línea 1,Nocturno,J. Ramírez,OP035,False,25.002,25.0,"Operador de otra línea cubre ausentismo sin entrenamiento formal. Operador se adelanta al tiempo estándar, riesgo de omitir pasos.",0.812,OK,OK,OK,No OK sin acción,OK,OK,No OK con acción,OK
504,2025-10-18,Línea 2,Matutino,M. Hernández,OP025,False,25.017,25.0,Todo en orden durante la auditoría.,1.0,OK,OK,OK,OK,OK,OK,OK,OK
502,2025-10-18,Línea 2,Vespertino,A. Torres,OP011,False,25.023,25.0,"Sin observaciones, cumple con el estándar.",1.0,OK,OK,OK,OK,OK,OK,OK,OK
501,2025-10-18,Línea 3,Vespertino,A. Torres,OP015,False,25.01,25.0,"Tapones auditivos no colocados correctamente. Herramientas fuera de su lugar identificado. Tiempo de ciclo por encima del estándar, genera cuello de botella.",0.625,No OK sin acción,OK,OK,OK,No OK sin acción,OK,No OK sin acción,OK
509,2025-10-19,Línea 1,Matutino,J. Ramírez,OP023,False,24.981,25.0,"Operador se adelanta al tiempo estándar, riesgo de omitir pasos.",0.938,OK,OK,OK,OK,OK,OK,No OK con acción,OK
508,2025-10-19,Línea 2,Vespertino,L. Cruz,OP022,False,24.991,25.0,"Sin observaciones, cumple con el estándar.",1.0,OK,OK,OK,OK,OK,OK,OK,OK
506,2025-10-19,Línea 4,Matutino,L. Cruz,OP040,False,25.019,25.0,"Certificación vigente pero próxima a vencer, requiere recertificación. Contenedores de scrap sin identificar correctamente. Operador se adelanta al tiempo estándar, riesgo de omitir pasos.",0.688,OK,OK,OK,No OK sin acción,No OK sin acción,OK,No OK con acción,OK
507,2025-10-19,Línea 4,Matutino,A. Torres,OP015,True,25.003,25.0,Operador cubre la estación sin estar certificado en la matriz de polivalencia.,0.938,OK,OK,OK,No OK con acción,OK,OK,OK,OK
510,2025-10-20,Línea 2,Vespertino,J. Ramírez,OP008,False,25.045,25.0,"Técnica de medición incorrecta, genera lecturas variables.",0.938,OK,No OK con acción,OK,OK,OK,OK,OK,OK
511,2025-10-20,Línea 3,Nocturno,L. Cruz,OP003,False,25.013,25.0,Omite paso de verificación intermedio marcado en la IT. Contenedores de scrap sin identificar correctamente. Datos capturados con letra ilegible / con tachaduras.,0.688,OK,OK,No OK sin acción,OK,No OK sin acción,No OK con acción,OK,OK
514,2025-10-21,Línea 1,Matutino,L. Cruz,OP020,False,25.017,25.0,Operador realiza secuencia distinta a la instrucción de trabajo vigente.,0.938,OK,OK,No OK con acción,OK,OK,OK,OK,OK
512,2025-10-21,Línea 2,Nocturno,M. Hernández,OP010,False,24.981,25.0,Acumulación de material en pasillo de evacuación. Pieza no conforme detectada sin segregar en área roja.,0.75,OK,OK,OK,OK,No OK sin acción,OK,OK,No OK sin acción
513,2025-10-21,Línea 2,Nocturno,J. Ramírez,OP017,False,25.0,25.0,"No se registró la hora de la medición. Operador se adelanta al tiempo estándar, riesgo de omitir pasos.",0.812,OK,OK,OK,OK,OK,No OK sin acción,No OK con acción,OK
515,2025-10-21,Línea 2,Nocturno,M. Hernández,OP011,False,25.021,25.0,Operación conforme al estándar de la operación.,1.0,OK,OK,OK,OK,OK,OK,OK,OK
516,2025-10-21,Línea 3,Vespertino,M. Hernández,OP021,False,25.025,25.0,"No tiene la IT disponible en el puesto de trabajo. Operador se adelanta al tiempo estándar, riesgo de omitir pasos.",0.812,OK,OK,No OK con acción,OK,OK,OK,No OK sin acción,OK
518,2025-10-22,Línea 1,Vespertino,A. Torres,OP023,False,25.001,25.0,"Operador se adelanta al tiempo estándar, riesgo de omitir pasos.",0.875,OK,OK,OK,OK,OK,OK,No OK sin acción,OK
517,2025-10-22,Línea 3,Matutino,A. Torres,OP010,False,24.984,25.0,Omite paso de verificación intermedio marcado en la IT.,0.938,OK,OK,No OK con acción,OK,OK,OK,OK,OK
519,2025-10-22,Línea 3,Vespertino,J. Ramírez,OP029,False,24.97,25.0,Operación conforme al estándar de la operación.,1.0,OK,OK,OK,OK,OK,OK,OK,OK
520,2025-10-23,Línea 1,Nocturno,M. Hernández,OP023,False,24.99,25.0,Todo en orden durante la auditoría.,1.0,OK,OK,OK,OK,OK,OK,OK,OK
522,2025-10-23,Línea 2,Nocturno,M. Hernández,OP013,False,24.981,25.0,"Tapones auditivos no colocados correctamente. Omite paso de verificación intermedio marcado en la IT. Certificación vigente pero próxima a vencer, requiere recertificación. Acumulación de material en pasillo de evacuación. Registro de calidad incompleto en el turno.",0.562,No OK con acción,OK,No OK con acción,No OK sin acción,No OK sin acción,No OK con acción,OK,OK
521,2025-10-23,Línea 2,Vespertino,M. Hernández,OP015,False,25.03,25.0,Registro de calidad incompleto en el turno.,0.938,OK,OK,OK,OK,OK,No OK con acción,OK,OK
523,2025-10-23,Línea 4,Nocturno,M. Hernández,OP014,False,24.995,25.0,"Sin observaciones, cumple con el estándar.",1.0,OK,OK,OK,OK,OK,OK,OK,OK
524,2025-10-24,Línea 1,Matutino,J. Ramírez,OP006,False,24.961,25.0,"Operador se adelanta al tiempo estándar, riesgo de omitir pasos. Pieza no conforme detectada sin segregar en área roja.",0.812,OK,OK,OK,OK,OK,OK,No OK con acción,No OK sin acción
525,2025-10-24,Línea 2,Matutino,L. Cruz,OP027,False,25.021,25.0,Operador de otra línea cubre ausentismo sin entrenamiento formal.,0.938,OK,OK,OK,No OK con acción,OK,OK,OK,OK
527,2025-10-25,Línea 2,Nocturno,L. Cruz,OP026,False,24.973,25.0,Operador sin lentes de seguridad al momento de la auditoría. No tiene la IT disponible en el puesto de trabajo. Contenedores de scrap sin identificar correctamente.,0.75,No OK sin acción,OK,No OK con acción,OK,No OK con acción,OK,OK,OK
526,2025-10-25,Línea 3,Nocturno,L. Cruz,OP004,True,24.993,25.0,Contenedores de scrap sin identificar correctamente. No se registró la hora de la medición.,0.75,OK,OK,OK,OK,No OK sin acción,No OK sin acción,OK,OK
528,2025-10-25,Línea 3,Vespertino,L. Cruz,OP032,False,25.001,25.0,"Técnica de medición incorrecta, genera lecturas variables. Herramientas fuera de su lugar identificado.",0.812,OK,No OK sin acción,OK,OK,No OK con acción,OK,OK,OK
529,2025-10-25,Línea 4,Matutino,M. Hernández,OP034,False,25.024,25.0,Acumulación de material en pasillo de evacuación.,0.938,OK,OK,OK,OK,No OK con acción,OK,OK,OK
531,2025-10-26,Línea 3,Vespertino,A. Torres,OP024,False,25.052,25.0,"No registra la medición en el formato de control. Operador se adelanta al tiempo estándar, riesgo de omitir pasos.",0.75,OK,No OK sin acción,OK,OK,OK,OK,No OK sin acción,OK
530,2025-10-26,Línea 4,Vespertino,M. Hernández,OP008,False,24.966,25.0,"Omite paso de verificación intermedio marcado en la IT. Registro de calidad incompleto en el turno. Tiempo de ciclo por encima del estándar, genera cuello de botella. Producto sospechoso mezclado con producto bueno.",0.75,OK,OK,No OK con acción,OK,OK,No OK con acción,No OK con acción,No OK con acción
533,2025-10-27,Línea 3,Matutino,L. Cruz,OP013,False,24.996,25.0,Operador realiza secuencia distinta a la instrucción de trabajo vigente.,0.875,OK,OK,No OK sin acción,OK,OK,OK,OK,OK
534,2025-10-27,Línea 4,Matutino,L. Cruz,OP020,False,24.997,25.0,Operador realiza secuencia distinta a la instrucción de trabajo vigente.,0.938,OK,OK,No OK con acción,OK,OK,OK,OK,OK
532,2025-10-27,Línea 4,Nocturno,A. Torres,OP008,False,24.977,25.0,Operador realiza secuencia distinta a la instrucción de trabajo vigente. Datos capturados con letra ilegible / con tachaduras.,0.875,OK,OK,No OK con acción,OK,OK,No OK con acción,OK,OK
535,2025-10-27,Línea 4,Vespertino,L. Cruz,OP024,False,24.883,25.0,"Técnica de medición incorrecta, genera lecturas variables. Operador de otra línea cubre ausentismo sin entrenamiento formal.",0.812,OK,No OK sin acción,OK,No OK con acción,OK,OK,OK,OK
537,2025-10-28,Línea 2,Matutino,J. Ramírez,OP010,False,25.014,25.0,"Operador se adelanta al tiempo estándar, riesgo de omitir pasos.",0.938,OK,OK,OK,OK,OK,OK,No OK con acción,OK
538,2025-10-28,Línea 3,Nocturno,J. Ramírez,OP021,False,25.013,25.0,"Bata y calzado de seguridad correctos, pero sin cofia. Pieza no conforme detectada sin segregar en área roja.",0.812,No OK con acción,OK,OK,OK,OK,OK,OK,No OK sin acción
536,2025-10-28,Línea 4,Nocturno,J. Ramírez,OP020,False,24.997,25.0,Acumulación de material en pasillo de evacuación. Registro de calidad incompleto en el turno.,0.812,OK,OK,OK,OK,No OK sin acción,No OK con acción,OK,OK
539,2025-10-29,Línea 1,Matutino,L. Cruz,OP039,False,24.998,25.0,Operador cubre la estación sin estar certificado en la matriz de polivalencia.,0.875,OK,OK,OK,No OK sin acción,OK,OK,OK,OK
541,2025-10-29,Línea 2,Matutino,A. Torres,OP004,True,25.023,25.0,"Operador de otra línea cubre ausentismo sin entrenamiento formal. Tiempo de ciclo por encima del estándar, genera cuello de botella.",0.875,OK,OK,OK,No OK con acción,OK,OK,No OK con acción,OK
543,2025-10-29,Línea 2,Matutino,M. Hernández,OP022,False,25.053,25.0,No registra la medición en el formato de control. Omite paso de verificación intermedio marcado en la IT. No se registró la hora de la medición. Etiqueta de no conformidad mal llenada.,0.688,OK,No OK con acción,No OK con acción,OK,OK,No OK sin acción,OK,No OK con acción
540,2025-10-29,Línea 3,Matutino,M. Hernández,OP014,False,24.995,25.0,"Datos capturados con letra ilegible / con tachaduras. Operador se adelanta al tiempo estándar, riesgo de omitir pasos.",0.875,OK,OK,OK,OK,OK,No OK con acción,No OK con acción,OK
542,2025-10-29,Línea 4,Matutino,J. Ramírez,OP003,False,25.011,25.0,No tiene la IT disponible en el puesto de trabajo. Contenedores de scrap sin identificar correctamente.,0.875,OK,OK,No OK con acción,OK,No OK con acción,OK,OK,OK
544,2025-10-30,Línea 2,Matutino,A. Torres,OP008,False,25.026,25.0,Operador no verifica cero del vernier antes de medir. Datos capturados con letra ilegible / con tachaduras. Etiqueta de no conformidad mal llenada.,0.688,OK,No OK sin acción,OK,OK,OK,No OK con acción,OK,No OK sin acción
545,2025-10-30,Línea 3,Nocturno,L. Cruz,OP021,False,25.024,25.0,Operador de otra línea cubre ausentismo sin entrenamiento formal. Producto sospechoso mezclado con producto bueno.,0.75,OK,OK,OK,No OK sin acción,OK,OK,OK,No OK sin acción
546,2025-10-31,Línea 1,Matutino,M. Hernández,OP026,False,24.996,25.0,Operador realiza secuencia distinta a la instrucción de trabajo vigente. No se registró la hora de la medición.,0.875,OK,OK,No OK con acción,OK,OK,No OK con acción,OK,OK
547,2025-10-31,Línea 1,Matutino,L. Cruz,OP001,False,24.984,25.0,Operación conforme al estándar de la operación.,1.0,OK,OK,OK,OK,OK,OK,OK,OK
548,2025-10-31,Línea 2,Nocturno,A. Torres,OP016,True,24.984,25.0,Operador de otra línea cubre ausentismo sin entrenamiento formal.,0.875,OK,OK,OK,No OK sin acción,OK,OK,OK,OK
549,2025-11-01,Línea 2,Matutino,L. Cruz,OP005,False,24.979,25.0,Operación conforme al estándar de la operación.,1.0,OK,OK,OK,OK,OK,OK,OK,OK
550,2025-11-01,Línea 2,Vespertino,J. Ramírez,OP017,False,25.013,25.0,"Sin observaciones, cumple con el estándar.",1.0,OK,OK,OK,OK,OK,OK,OK,OK
551,2025-11-01,Línea 3,Nocturno,L. Cruz,OP029,False,24.932,25.0,Operador no verifica cero del vernier antes de medir. Operador de otra línea cubre ausentismo sin entrenamiento formal. Herramientas fuera de su lugar identificado. Pieza no conforme detectada sin segregar en área roja.,0.688,OK,No OK sin acción,OK,No OK con acción,No OK con acción,OK,OK,No OK con acción
553,2025-11-02,Línea 2,Matutino,J. Ramírez,OP011,False,25.022,25.0,"Falta guantes de protección, se corrigió en el momento.",0.938,No OK con acción,OK,OK,OK,OK,OK,OK,OK
552,2025-11-02,Línea 2,Vespertino,J. Ramírez,OP010,False,25.005,25.0,"Sin observaciones, cumple con el estándar.",1.0,OK,OK,OK,OK,OK,OK,OK,OK
554,2025-11-02,Línea 3,Nocturno,M. Hernández,OP031,False,25.0,25.0,Contenedores de scrap sin identificar correctamente. Producto sospechoso mezclado con producto bueno.,0.75,OK,OK,OK,OK,No OK sin acción,OK,OK,No OK sin acción
555,2025-11-02,Línea 3,Vespertino,M. Hernández,OP012,True,24.919,25.0,"Operador no verifica cero del vernier antes de medir. Certificación vigente pero próxima a vencer, requiere recertificación. Registro de calidad incompleto en el turno.",0.688,OK,No OK sin acción,OK,No OK sin acción,OK,No OK con acción,OK,OK
556,2025-11-02,Línea 3,Vespertino,J. Ramírez,OP001,True,25.008,25.0,"Certificación vigente pero próxima a vencer, requiere recertificación. Contenedores de scrap sin identificar correctamente.",0.875,OK,OK,OK,No OK con acción,No OK con acción,OK,OK,OK
560,2025-11-03,Línea 2,Nocturno,J. Ramírez,OP005,False,25.011,25.0,"Operador de otra línea cubre ausentismo sin entrenamiento formal. Operador se adelanta al tiempo estándar, riesgo de omitir pasos.",0.875,OK,OK,OK,No OK con acción,OK,OK,No OK con acción,OK
558,2025-11-03,Línea 2,Vespertino,L. Cruz,OP005,False,25.055,25.0,Operación conforme al estándar de la operación.,1.0,OK,OK,OK,OK,OK,OK,OK,OK
559,2025-11-03,Línea 3,Vespertino,L. Cruz,OP030,False,24.98,25.0,"Operador se adelanta al tiempo estándar, riesgo de omitir pasos.",0.938,OK,OK,OK,OK,OK,OK,No OK con acción,OK
561,2025-11-03,Línea 3,Vespertino,M. Hernández,OP010,False,24.951,25.0,Herramientas fuera de su lugar identificado. Datos capturados con letra ilegible / con tachaduras.,0.875,OK,OK,OK,OK,No OK con acción,No OK con acción,OK,OK
557,2025-11-03,Línea 4,Matutino,J. Ramírez,OP020,False,25.005,25.0,No tiene la IT disponible en el puesto de trabajo. Operador cubre la estación sin estar certificado en la matriz de polivalencia. Datos capturados con letra ilegible / con tachaduras. Etiqueta de no conformidad mal llenada.,0.625,OK,OK,No OK con acción,No OK con acción,OK,No OK sin acción,OK,No OK sin acción
563,2025-11-04,Línea 1,Matutino,J. Ramírez,OP039,False,24.983,25.0,Todo en orden durante la auditoría.,1.0,OK,OK,OK,OK,OK,OK,OK,OK
562,2025-11-04,Línea 2,Nocturno,A. Torres,OP015,False,24.995,25.0,"Operador sin lentes de seguridad al momento de la auditoría. Vernier fuera de calibración vigente, se retiró de línea. Datos capturados con letra ilegible / con tachaduras. Pieza no conforme detectada sin segregar en área roja.",0.625,No OK sin acción,No OK con acción,OK,OK,OK,No OK sin acción,OK,No OK con acción
566,2025-11-05,Línea 3,Matutino,A. Torres,OP019,False,24.995,25.0,Operación conforme al estándar de la operación.,1.0,OK,OK,OK,OK,OK,OK,OK,OK
564,2025-11-05,Línea 3,Nocturno,L. Cruz,OP008,False,24.989,25.0,"IT desactualizada en el puesto, no coincide con el proceso actual. Operador cubre la estación sin estar certificado en la matriz de polivalencia. Operador se adelanta al tiempo estándar, riesgo de omitir pasos. Producto sospechoso mezclado con producto bueno.",0.688,OK,OK,No OK con acción,No OK con acción,OK,OK,No OK con acción,No OK sin acción
567,2025-11-05,Línea 3,Vespertino,A. Torres,OP029,False,25.045,25.0,Operador no verifica cero del vernier antes de medir.,0.875,OK,No OK sin acción,OK,OK,OK,OK,OK,OK
565,2025-11-05,Línea 4,Vespertino,L. Cruz,OP010,False,25.038,25.0,Operación conforme al estándar de la operación.,1.0,OK,OK,OK,OK,OK,OK,OK,OK
569,2025-11-06,Línea 1,Nocturno,A. Torres,OP020,False,24.997,25.0,"Sin observaciones, cumple con el estándar.",1.0,OK,OK,OK,OK,OK,OK,OK,OK
571,2025-11-06,Línea 2,Matutino,J. Ramírez,OP005,False,24.973,25.0,"Certificación vigente pero próxima a vencer, requiere recertificación.",0.875,OK,OK,OK,No OK sin acción,OK,OK,OK,OK
568,2025-11-06,Línea 3,Matutino,M. Hernández,OP007,False,25.006,25.0,Herramientas fuera de su lugar identificado.,0.875,OK,OK,OK,OK,No OK sin acción,OK,OK,OK
570,2025-11-06,Línea 3,Matutino,M. Hernández,OP040,True,24.973,25.0,"Certificación vigente pero próxima a vencer, requiere recertificación. Tiempo de ciclo por encima del estándar, genera cuello de botella.",0.812,OK,OK,OK,No OK con acción,OK,OK,No OK sin acción,OK
573,2025-11-07,Línea 3,Nocturno,A. Torres,OP010,False,24.964,25.0,"Sin observaciones, cumple con el estándar.",1.0,OK,OK,OK,OK,OK,OK,OK,OK
572,2025-11-07,Línea 4,Matutino,J. Ramírez,OP016,False,25.004,25.0,Operación conforme al estándar de la operación.,1.0,OK,OK,OK,OK,OK,OK,OK,OK
574,2025-11-08,Línea 1,Matutino,J. Ramírez,OP012,False,24.985,25.0,"Sin observaciones, cumple con el estándar.",1.0,OK,OK,OK,OK,OK,OK,OK,OK
575,2025-11-08,Línea 1,Vespertino,A. Torres,OP018,False,24.962,25.0,Todo en orden durante la auditoría.,1.0,OK,OK,OK,OK,OK,OK,OK,OK
577,2025-11-08,Línea 4,Matutino,M. Hernández,OP034,False,24.995,25.0,Operación conforme al estándar de la operación.,1.0,OK,OK,OK,OK,OK,OK,OK,OK
576,2025-11-08,Línea 4,Nocturno,M. Hernández,OP020,False,25.011,25.0,"Bata y calzado de seguridad correctos, pero sin cofia.",0.938,No OK con acción,OK,OK,OK,OK,OK,OK,OK
578,2025-11-08,Línea 4,Vespertino,M. Hernández,OP035,False,24.979,25.0,Todo en orden durante la auditoría.,1.0,OK,OK,OK,OK,OK,OK,OK,OK
582,2025-11-09,Línea 1,Matutino,M. Hernández,OP012,False,24.993,25.0,"No tiene la IT disponible en el puesto de trabajo. Certificación vigente pero próxima a vencer, requiere recertificación. Pieza no conforme detectada sin segregar en área roja.",0.75,OK,OK,No OK con acción,No OK sin acción,OK,OK,OK,No OK con acción
581,2025-11-09,Línea 1,Vespertino,A. Torres,OP018,False,25.003,25.0,Operación conforme al estándar de la operación.,1.0,OK,OK,OK,OK,OK,OK,OK,OK
580,2025-11-09,Línea 2,Matutino,L. Cruz,OP013,False,25.025,25.0,Operador sin lentes de seguridad al momento de la auditoría.,0.938,No OK con acción,OK,OK,OK,OK,OK,OK,OK
579,2025-11-09,Línea 2,Vespertino,L. Cruz,OP013,False,25.027,25.0,"Vernier fuera de calibración vigente, se retiró de línea. Operador cubre la estación sin estar certificado en la matriz de polivalencia.",0.812,OK,No OK con acción,OK,No OK sin acción,OK,OK,OK,OK
583,2025-11-09,Línea 4,Vespertino,M. Hernández,OP024,False,25.09,25.0,No registra la medición en el formato de control. Omite paso de verificación intermedio marcado en la IT.,0.875,OK,No OK con acción,No OK con acción,OK,OK,OK,OK,OK
587,2025-11-10,Línea 1,Nocturno,M. Hernández,OP004,False,24.974,25.0,Herramientas fuera de su lugar identificado. No se registró la hora de la medición.,0.812,OK,OK,OK,OK,No OK con acción,No OK sin acción,OK,OK
585,2025-11-10,Línea 2,Vespertino,J. Ramírez,OP022,False,25.041,25.0,Operador no verifica cero del vernier antes de medir.,0.938,OK,No OK con acción,OK,OK,OK,OK,OK,OK
586,2025-11-10,Línea 2,Vespertino,J. Ramírez,OP017,False,24.922,25.0,"Vernier fuera de calibración vigente, se retiró de línea.",0.938,OK,No OK con acción,OK,OK,OK,OK,OK,OK
584,2025-11-10,Línea 4,Vespertino,J. Ramírez,OP016,False,24.993,25.0,Pieza no conforme detectada sin segregar en área roja.,0.938,OK,OK,OK,OK,OK,OK,OK,No OK con acción
590,2025-11-11,Línea 1,Vespertino,A. Torres,OP012,False,24.976,25.0,Tapones auditivos no colocados correctamente. Datos capturados con letra ilegible / con tachaduras.,0.812,No OK con acción,OK,OK,OK,OK,No OK sin acción,OK,OK
588,2025-11-11,Línea 3,Matutino,J. Ramírez,OP031,False,24.917,25.0,Operador no verifica cero del vernier antes de medir.,0.875,OK,No OK sin acción,OK,OK,OK,OK,OK,OK
592,2025-11-11,Línea 3,Matutino,A. Torres,OP029,False,25.001,25.0,Operación conforme al estándar de la operación.,1.0,OK,OK,OK,OK,OK,OK,OK,OK
591,2025-11-11,Línea 4,Nocturno,M. Hernández,OP006,True,24.922,25.0,"Técnica de medición incorrecta, genera lecturas variables. Operador de otra línea cubre ausentismo sin entrenamiento formal.",0.812,OK,No OK sin acción,OK,No OK con acción,OK,OK,OK,OK
589,2025-11-11,Línea 4,Vespertino,A. Torres,OP034,False,25.002,25.0,Operación conforme al estándar de la operación.,1.0,OK,OK,OK,OK,OK,OK,OK,OK
593,2025-11-12,Línea 2,Nocturno,L. Cruz,OP019,False,24.988,25.0,Operador no verifica cero del vernier antes de medir. Herramientas fuera de su lugar identificado.,0.812,OK,No OK con acción,OK,OK,No OK sin acción,OK,OK,OK
594,2025-11-12,Línea 4,Vespertino,L. Cruz,OP022,False,25.03,25.0,"Falta guantes de protección, se corrigió en el momento. No tiene la IT disponible en el puesto de trabajo. Registro de calidad incompleto en el turno. Producto sospechoso mezclado con producto bueno.",0.625,No OK con acción,OK,No OK con acción,OK,OK,No OK sin acción,OK,No OK sin acción
595,2025-11-12,Línea 4,Vespertino,A. Torres,OP001,True,25.007,25.0,"Operador de otra línea cubre ausentismo sin entrenamiento formal. Datos capturados con letra ilegible / con tachaduras. Tiempo de ciclo por encima del estándar, genera cuello de botella.",0.75,OK,OK,OK,No OK con acción,OK,No OK con acción,No OK sin acción,OK
597,2025-11-13,Línea 2,Nocturno,A. Torres,OP007,False,24.967,25.0,"Falta guantes de protección, se corrigió en el momento.",0.938,No OK con acción,OK,OK,OK,OK,OK,OK,OK
598,2025-11-13,Línea 2,Vespertino,A. Torres,OP025,False,25.009,25.0,"IT desactualizada en el puesto, no coincide con el proceso actual. Herramientas fuera de su lugar identificado.",0.75,OK,OK,No OK sin acción,OK,No OK sin acción,OK,OK,OK
596,2025-11-13,Línea 4,Matutino,L. Cruz,OP027,False,25.008,25.0,Todo en orden durante la auditoría.,1.0,OK,OK,OK,OK,OK,OK,OK,OK
599,2025-11-13,Línea 4,Vespertino,J. Ramírez,OP034,False,25.041,25.0,"Sin observaciones, cumple con el estándar.",1.0,OK,OK,OK,OK,OK,OK,OK,OK
601,2025-11-14,Línea 1,Vespertino,M. Hernández,OP001,False,24.996,25.0,Etiqueta de no conformidad mal llenada.,0.938,OK,OK,OK,OK,OK,OK,OK,No OK con acción
602,2025-11-14,Línea 1,Vespertino,A. Torres,OP038,False,25.032,25.0,Contenedores de scrap sin identificar correctamente.,0.938,OK,OK,OK,OK,No OK con acción,OK,OK,OK
603,2025-11-14,Línea 1,Vespertino,J. Ramírez,OP035,False,25.034,25.0,No registra la medición en el formato de control. Acumulación de material en pasillo de evacuación.,0.812,OK,No OK sin acción,OK,OK,No OK con acción,OK,OK,OK
600,2025-11-14,Línea 3,Nocturno,J. Ramírez,OP029,False,24.973,25.0,"Sin observaciones, cumple con el estándar.",1.0,OK,OK,OK,OK,OK,OK,OK,OK
607,2025-11-15,Línea 1,Nocturno,J. Ramírez,OP022,False,25.001,25.0,Registro de calidad incompleto en el turno.,0.875,OK,OK,OK,OK,OK,No OK sin acción,OK,OK
604,2025-11-15,Línea 1,Vespertino,A. Torres,OP015,True,25.032,25.0,No se registró la hora de la medición.,0.938,OK,OK,OK,OK,OK,No OK con acción,OK,OK
606,2025-11-15,Línea 1,Vespertino,L. Cruz,OP026,False,24.998,25.0,"Sin observaciones, cumple con el estándar.",1.0,OK,OK,OK,OK,OK,OK,OK,OK
605,2025-11-15,Línea 2,Vespertino,J. Ramírez,OP009,False,25.026,25.0,Operador cubre la estación sin estar certificado en la matriz de polivalencia. Herramientas fuera de su lugar identificado.,0.875,OK,OK,OK,No OK con acción,No OK con acción,OK,OK,OK
608,2025-11-16,Línea 2,Vespertino,M. Hernández,OP030,False,24.978,25.0,Operación conforme al estándar de la operación.,1.0,OK,OK,OK,OK,OK,OK,OK,OK
612,2025-11-16,Línea 2,Vespertino,L. Cruz,OP013,False,24.996,25.0,"Sin observaciones, cumple con el estándar.",1.0,OK,OK,OK,OK,OK,OK,OK,OK
609,2025-11-16,Línea 3,Matutino,A. Torres,OP035,True,24.977,25.0,Operador de otra línea cubre ausentismo sin entrenamiento formal.,0.875,OK,OK,OK,No OK sin acción,OK,OK,OK,OK
610,2025-11-16,Línea 4,Nocturno,L. Cruz,OP031,False,24.989,25.0,Operador sin lentes de seguridad al momento de la auditoría. Herramientas fuera de su lugar identificado.,0.812,No OK con acción,OK,OK,OK,No OK sin acción,OK,OK,OK
611,2025-11-16,Línea 4,Vespertino,L. Cruz,OP036,True,25.029,25.0,Operador cubre la estación sin estar certificado en la matriz de polivalencia.,0.875,OK,OK,OK,No OK sin acción,OK,OK,OK,OK
617,2025-11-17,Línea 1,Matutino,A. Torres,OP039,False,24.984,25.0,Operación conforme al estándar de la operación.,1.0,OK,OK,OK,OK,OK,OK,OK,OK
616,2025-11-17,Línea 1,Nocturno,M. Hernández,OP038,False,24.973,25.0,"Operador se adelanta al tiempo estándar, riesgo de omitir pasos. Etiqueta de no conformidad mal llenada.",0.812,OK,OK,OK,OK,OK,OK,No OK sin acción,No OK con acción
615,2025-11-17,Línea 2,Vespertino,J. Ramírez,OP007,False,25.022,25.0,Omite paso de verificación intermedio marcado en la IT.,0.875,OK,OK,No OK sin acción,OK,OK,OK,OK,OK
614,2025-11-17,Línea 3,Matutino,L. Cruz,OP032,False,24.99,25.0,"Bata y calzado de seguridad correctos, pero sin cofia. No se registró la hora de la medición.",0.812,No OK sin acción,OK,OK,OK,OK,No OK con acción,OK,OK
613,2025-11-17,Línea 3,Nocturno,A. Torres,OP034,True,25.009,25.0,"Tapones auditivos no colocados correctamente. Operador cubre la estación sin estar certificado en la matriz de polivalencia. Operador se adelanta al tiempo estándar, riesgo de omitir pasos.",0.688,No OK con acción,OK,OK,No OK sin acción,OK,OK,No OK sin acción,OK
620,2025-11-18,Línea 1,Matutino,L. Cruz,OP020,False,24.982,25.0,No tiene la IT disponible en el puesto de trabajo. Contenedores de scrap sin identificar correctamente. Registro de calidad incompleto en el turno.,0.812,OK,OK,No OK con acción,OK,No OK con acción,No OK con acción,OK,OK
619,2025-11-18,Línea 1,Vespertino,L. Cruz,OP031,False,25.005,25.0,Omite paso de verificación intermedio marcado en la IT.,0.875,OK,OK,No OK sin acción,OK,OK,OK,OK,OK
618,2025-11-18,Línea 3,Nocturno,A. Torres,OP015,False,24.996,25.0,Contenedores de scrap sin identificar correctamente. Etiqueta de no conformidad mal llenada.,0.812,OK,OK,OK,OK,No OK con acción,OK,OK,No OK sin acción
622,2025-11-19,Línea 1,Vespertino,L. Cruz,OP036,False,24.963,25.0,Todo en orden durante la auditoría.,1.0,OK,OK,OK,OK,OK,OK,OK,OK
623,2025-11-19,Línea 1,Vespertino,M. Hernández,OP018,False,25.069,25.0,No registra la medición en el formato de control. Datos capturados con letra ilegible / con tachaduras.,0.812,OK,No OK sin acción,OK,OK,OK,No OK con acción,OK,OK
621,2025-11-19,Línea 2,Vespertino,A. Torres,OP030,False,24.973,25.0,Operador no verifica cero del vernier antes de medir.,0.875,OK,No OK sin acción,OK,OK,OK,OK,OK,OK
625,2025-11-20,Línea 1,Vespertino,A. Torres,OP016,False,25.003,25.0,Datos capturados con letra ilegible / con tachaduras.,0.938,OK,OK,OK,OK,OK,No OK con acción,OK,OK
624,2025-11-20,Línea 3,Nocturno,M. Hernández,OP008,False,24.954,25.0,"Vernier fuera de calibración vigente, se retiró de línea. Herramientas fuera de su lugar identificado. Operador se adelanta al tiempo estándar, riesgo de omitir pasos.",0.812,OK,No OK con acción,OK,OK,No OK con acción,OK,No OK con acción,OK
626,2025-11-20,Línea 4,Matutino,J. Ramírez,OP008,False,24.981,25.0,"Falta guantes de protección, se corrigió en el momento. Operador cubre la estación sin estar certificado en la matriz de polivalencia.",0.812,No OK sin acción,OK,OK,No OK con acción,OK,OK,OK,OK
627,2025-11-21,Línea 1,Matutino,L. Cruz,OP002,False,24.999,25.0,"Bata y calzado de seguridad correctos, pero sin cofia. No se registró la hora de la medición.",0.812,No OK con acción,OK,OK,OK,OK,No OK sin acción,OK,OK
628,2025-11-21,Línea 1,Nocturno,M. Hernández,OP026,False,24.999,25.0,"Falta guantes de protección, se corrigió en el momento. Tiempo de ciclo por encima del estándar, genera cuello de botella.",0.812,No OK sin acción,OK,OK,OK,OK,OK,No OK con acción,OK
630,2025-11-21,Línea 1,Nocturno,A. Torres,OP018,False,25.044,25.0,No registra la medición en el formato de control. Pieza no conforme detectada sin segregar en área roja.,0.812,OK,No OK sin acción,OK,OK,OK,OK,OK,No OK con acción
631,2025-11-21,Línea 1,Nocturno,M. Hernández,OP002,False,24.967,25.0,No registra la medición en el formato de control. Herramientas fuera de su lugar identificado.,0.812,OK,No OK con acción,OK,OK,No OK sin acción,OK,OK,OK
629,2025-11-21,Línea 3,Matutino,L. Cruz,OP019,False,25.011,25.0,Operación conforme al estándar de la operación.,1.0,OK,OK,OK,OK,OK,OK,OK,OK
633,2025-11-22,Línea 3,Matutino,M. Hernández,OP022,True,24.975,25.0,"Certificación vigente pero próxima a vencer, requiere recertificación.",0.938,OK,OK,OK,No OK con acción,OK,OK,OK,OK
634,2025-11-22,Línea 3,Vespertino,J. Ramírez,OP008,False,25.015,25.0,Todo en orden durante la auditoría.,1.0,OK,OK,OK,OK,OK,OK,OK,OK
632,2025-11-22,Línea 4,Vespertino,M. Hernández,OP040,False,24.987,25.0,Todo en orden durante la auditoría.,1.0,OK,OK,OK,OK,OK,OK,OK,OK
636,2025-11-23,Línea 2,Vespertino,L. Cruz,OP013,False,24.949,25.0,"Operador sin lentes de seguridad al momento de la auditoría. Vernier fuera de calibración vigente, se retiró de línea. No tiene la IT disponible en el puesto de trabajo.",0.75,No OK con acción,No OK con acción,No OK sin acción,OK,OK,OK,OK,OK
635,2025-11-23,Línea 3,Nocturno,L. Cruz,OP008,False,25.054,25.0,No registra la medición en el formato de control.,0.875,OK,No OK sin acción,OK,OK,OK,OK,OK,OK
638,2025-11-24,Línea 2,Matutino,L. Cruz,OP019,False,24.977,25.0,Contenedores de scrap sin identificar correctamente.,0.938,OK,OK,OK,OK,No OK con acción,OK,OK,OK
640,2025-11-24,Línea 2,Nocturno,M. Hernández,OP007,False,24.975,25.0,"Falta guantes de protección, se corrigió en el momento. No registra la medición en el formato de control. Omite paso de verificación intermedio marcado en la IT.",0.688,No OK sin acción,No OK con acción,No OK sin acción,OK,OK,OK,OK,OK
637,2025-11-24,Línea 4,Matutino,M. Hernández,OP016,False,24.996,25.0,No se registró la hora de la medición. Producto sospechoso mezclado con producto bueno.,0.812,OK,OK,OK,OK,OK,No OK sin acción,OK,No OK con acción
639,2025-11-24,Línea 4,Vespertino,J. Ramírez,OP035,False,24.998,25.0,"Operador se adelanta al tiempo estándar, riesgo de omitir pasos.",0.938,OK,OK,OK,OK,OK,OK,No OK con acción,OK
641,2025-11-25,Línea 3,Matutino,M. Hernández,OP031,False,25.013,25.0,"IT desactualizada en el puesto, no coincide con el proceso actual.",0.875,OK,OK,No OK sin acción,OK,OK,OK,OK,OK
643,2025-11-25,Línea 3,Vespertino,L. Cruz,OP017,False,24.985,25.0,"Falta guantes de protección, se corrigió en el momento. Registro de calidad incompleto en el turno. Operador se adelanta al tiempo estándar, riesgo de omitir pasos.",0.75,No OK sin acción,OK,OK,OK,OK,No OK con acción,No OK con acción,OK
642,2025-11-25,Línea 4,Matutino,M. Hernández,OP010,False,24.992,25.0,Acumulación de material en pasillo de evacuación.,0.938,OK,OK,OK,OK,No OK con acción,OK,OK,OK
644,2025-11-25,Línea 4,Matutino,L. Cruz,OP016,False,25.002,25.0,Tapones auditivos no colocados correctamente. Operador realiza secuencia distinta a la instrucción de trabajo vigente.,0.875,No OK con acción,OK,No OK con acción,OK,OK,OK,OK,OK
646,2025-11-26,Línea 2,Matutino,M. Hernández,OP010,False,25.021,25.0,Operación conforme al estándar de la operación.,1.0,OK,OK,OK,OK,OK,OK,OK,OK
645,2025-11-26,Línea 2,Vespertino,A. Torres,OP026,False,24.96,25.0,No tiene la IT disponible en el puesto de trabajo. Acumulación de material en pasillo de evacuación.,0.75,OK,OK,No OK sin acción,OK,No OK sin acción,OK,OK,OK
648,2025-11-27,Línea 1,Matutino,M. Hernández,OP018,False,25.019,25.0,Operador sin lentes de seguridad al momento de la auditoría.,0.938,No OK con acción,OK,OK,OK,OK,OK,OK,OK
647,2025-11-27,Línea 3,Vespertino,M. Hernández,OP015,False,25.002,25.0,Contenedores de scrap sin identificar correctamente.,0.938,OK,OK,OK,OK,No OK con acción,OK,OK,OK
650,2025-11-28,Línea 1,Nocturno,A. Torres,OP008,True,25.019,25.0,"No tiene la IT disponible en el puesto de trabajo. Operador de otra línea cubre ausentismo sin entrenamiento formal. Operador se adelanta al tiempo estándar, riesgo de omitir pasos.",0.75,OK,OK,No OK sin acción,No OK con acción,OK,OK,No OK con acción,OK
649,2025-11-28,Línea 2,Matutino,M. Hernández,OP022,False,25.01,25.0,Operador realiza secuencia distinta a la instrucción de trabajo vigente.,0.875,OK,OK,No OK sin acción,OK,OK,OK,OK,OK
651,2025-11-29,Línea 1,Vespertino,J. Ramírez,OP001,False,24.972,25.0,Contenedores de scrap sin identificar correctamente.,0.938,OK,OK,OK,OK,No OK con acción,OK,OK,OK
653,2025-11-29,Línea 2,Vespertino,M. Hernández,OP019,False,24.91,25.0,"Vernier fuera de calibración vigente, se retiró de línea. Herramientas fuera de su lugar identificado. Operador se adelanta al tiempo estándar, riesgo de omitir pasos.",0.75,OK,No OK con acción,OK,OK,No OK con acción,OK,No OK sin acción,OK
652,2025-11-29,Línea 3,Nocturno,M. Hernández,OP014,False,25.034,25.0,Operación conforme al estándar de la operación.,1.0,OK,OK,OK,OK,OK,OK,OK,OK
656,2025-11-30,Línea 1,Nocturno,M. Hernández,OP016,False,25.012,25.0,No tiene la IT disponible en el puesto de trabajo. Pieza no conforme detectada sin segregar en área roja.,0.875,OK,OK,No OK con acción,OK,OK,OK,OK,No OK con acción
654,2025-11-30,Línea 2,Nocturno,M. Hernández,OP028,False,24.993,25.0,"Operador se adelanta al tiempo estándar, riesgo de omitir pasos.",0.875,OK,OK,OK,OK,OK,OK,No OK sin acción,OK
655,2025-11-30,Línea 4,Vespertino,L. Cruz,OP019,True,24.989,25.0,"Bata y calzado de seguridad correctos, pero sin cofia. No tiene la IT disponible en el puesto de trabajo. Certificación vigente pero próxima a vencer, requiere recertificación.",0.75,No OK con acción,OK,No OK sin acción,No OK con acción,OK,OK,OK,OK
660,2025-12-01,Línea 2,Nocturno,M. Hernández,OP001,True,24.967,25.0,Operador de otra línea cubre ausentismo sin entrenamiento formal. Herramientas fuera de su lugar identificado.,0.812,OK,OK,OK,No OK sin acción,No OK con acción,OK,OK,OK
657,2025-12-01,Línea 3,Matutino,J. Ramírez,OP007,False,25.011,25.0,"Sin observaciones, cumple con el estándar.",1.0,OK,OK,OK,OK,OK,OK,OK,OK
658,2025-12-01,Línea 4,Matutino,J. Ramírez,OP014,False,25.028,25.0,"Vernier fuera de calibración vigente, se retiró de línea.",0.938,OK,No OK con acción,OK,OK,OK,OK,OK,OK
659,2025-12-01,Línea 4,Matutino,M. Hernández,OP040,False,25.002,25.0,Todo en orden durante la auditoría.,1.0,OK,OK,OK,OK,OK,OK,OK,OK
661,2025-12-02,Línea 1,Matutino,A. Torres,OP011,True,25.055,25.0,"Bata y calzado de seguridad correctos, pero sin cofia. Vernier fuera de calibración vigente, se retiró de línea. Certificación vigente pero próxima a vencer, requiere recertificación.",0.75,No OK con acción,No OK sin acción,OK,No OK con acción,OK,OK,OK,OK
662,2025-12-02,Línea 2,Matutino,M. Hernández,OP008,False,25.012,25.0,"Sin observaciones, cumple con el estándar.",1.0,OK,OK,OK,OK,OK,OK,OK,OK
664,2025-12-03,Línea 1,Matutino,L. Cruz,OP006,False,24.977,25.0,"No registra la medición en el formato de control. Tiempo de ciclo por encima del estándar, genera cuello de botella.",0.75,OK,No OK sin acción,OK,OK,OK,OK,No OK sin acción,OK
666,2025-12-03,Línea 1,Vespertino,L. Cruz,OP036,False,24.991,25.0,"Sin observaciones, cumple con el estándar.",1.0,OK,OK,OK,OK,OK,OK,OK,OK
667,2025-12-03,Línea 3,Matutino,A. Torres,OP032,False,25.026,25.0,"IT desactualizada en el puesto, no coincide con el proceso actual.",0.938,OK,OK,No OK con acción,OK,OK,OK,OK,OK
663,2025-12-03,Línea 3,Vespertino,A. Torres,OP003,False,25.044,25.0,Operador no verifica cero del vernier antes de medir.,0.938,OK,No OK con acción,OK,OK,OK,OK,OK,OK
665,2025-12-03,Línea 4,Vespertino,L. Cruz,OP003,False,24.979,25.0,"Tiempo de ciclo por encima del estándar, genera cuello de botella.",0.875,OK,OK,OK,OK,OK,OK,No OK sin acción,OK
668,2025-12-04,Línea 2,Matutino,M. Hernández,OP007,False,25.004,25.0,Todo en orden durante la auditoría.,1.0,OK,OK,OK,OK,OK,OK,OK,OK
670,2025-12-04,Línea 2,Matutino,A. Torres,OP015,False,25.0,25.0,No tiene la IT disponible en el puesto de trabajo.,0.938,OK,OK,No OK con acción,OK,OK,OK,OK,OK
671,2025-12-04,Línea 2,Matutino,J. Ramírez,OP003,True,25.007,25.0,Todo en orden durante la auditoría.,1.0,OK,OK,OK,OK,OK,OK,OK,OK
672,2025-12-04,Línea 2,Matutino,M. Hernández,OP038,True,24.967,25.0,Operador cubre la estación sin estar certificado en la matriz de polivalencia.,0.875,OK,OK,OK,No OK sin acción,OK,OK,OK,OK
669,2025-12-04,Línea 3,Nocturno,M. Hernández,OP029,False,24.979,25.0,"Operador sin lentes de seguridad al momento de la auditoría. IT desactualizada en el puesto, no coincide con el proceso actual. Producto sospechoso mezclado con producto bueno.",0.688,No OK con acción,OK,No OK sin acción,OK,OK,OK,OK,No OK sin acción
677,2025-12-05,Línea 3,Matutino,A. Torres,OP020,True,25.027,25.0,Operador cubre la estación sin estar certificado en la matriz de polivalencia.,0.938,OK,OK,OK,No OK con acción,OK,OK,OK,OK
674,2025-12-05,Línea 3,Nocturno,L. Cruz,OP031,False,24.998,25.0,"Falta guantes de protección, se corrigió en el momento. Omite paso de verificación intermedio marcado en la IT.",0.875,No OK con acción,OK,No OK con acción,OK,OK,OK,OK,OK
675,2025-12-05,Línea 3,Vespertino,L. Cruz,OP013,False,24.965,25.0,"Tiempo de ciclo por encima del estándar, genera cuello de botella.",0.938,OK,OK,OK,OK,OK,OK,No OK con acción,OK
673,2025-12-05,Línea 4,Matutino,J. Ramírez,OP016,False,24.969,25.0,Operación conforme al estándar de la operación.,1.0,OK,OK,OK,OK,OK,OK,OK,OK
676,2025-12-05,Línea 4,Nocturno,J. Ramírez,OP017,True,24.955,25.0,"Vernier fuera de calibración vigente, se retiró de línea. Certificación vigente pero próxima a vencer, requiere recertificación.",0.812,OK,No OK sin acción,OK,No OK con acción,OK,OK,OK,OK
679,2025-12-06,Línea 1,Matutino,J. Ramírez,OP039,False,25.015,25.0,"Sin observaciones, cumple con el estándar.",1.0,OK,OK,OK,OK,OK,OK,OK,OK
678,2025-12-06,Línea 3,Vespertino,M. Hernández,OP021,False,24.98,25.0,"Sin observaciones, cumple con el estándar.",1.0,OK,OK,OK,OK,OK,OK,OK,OK
681,2025-12-07,Línea 1,Nocturno,M. Hernández,OP012,False,24.985,25.0,"Falta guantes de protección, se corrigió en el momento. Tiempo de ciclo por encima del estándar, genera cuello de botella. Producto sospechoso mezclado con producto bueno.",0.688,No OK sin acción,OK,OK,OK,OK,OK,No OK sin acción,No OK con acción
680,2025-12-07,Línea 4,Nocturno,M. Hernández,OP037,False,25.012,25.0,"IT desactualizada en el puesto, no coincide con el proceso actual. Certificación vigente pero próxima a vencer, requiere recertificación. Herramientas fuera de su lugar identificado.",0.75,OK,OK,No OK con acción,No OK sin acción,No OK con acción,OK,OK,OK
682,2025-12-08,Línea 2,Nocturno,J. Ramírez,OP010,False,25.01,25.0,Operación conforme al estándar de la operación.,1.0,OK,OK,OK,OK,OK,OK,OK,OK
683,2025-12-08,Línea 2,Nocturno,M. Hernández,OP009,False,24.965,25.0,Omite paso de verificación intermedio marcado en la IT.,0.875,OK,OK,No OK sin acción,OK,OK,OK,OK,OK
685,2025-12-08,Línea 3,Matutino,J. Ramírez,OP008,False,24.897,25.0,No registra la medición en el formato de control. Contenedores de scrap sin identificar correctamente.,0.812,OK,No OK con acción,OK,OK,No OK sin acción,OK,OK,OK
684,2025-12-08,Línea 3,Nocturno,M. Hernández,OP007,False,24.999,25.0,No tiene la IT disponible en el puesto de trabajo.,0.938,OK,OK,No OK con acción,OK,OK,OK,OK,OK
686,2025-12-08,Línea 4,Matutino,L. Cruz,OP040,False,25.016,25.0,Todo en orden durante la auditoría.,1.0,OK,OK,OK,OK,OK,OK,OK,OK
688,2025-12-09,Línea 1,Nocturno,A. Torres,OP035,False,25.019,25.0,"Sin observaciones, cumple con el estándar.",1.0,OK,OK,OK,OK,OK,OK,OK,OK
689,2025-12-09,Línea 2,Matutino,M. Hernández,OP015,False,25.004,25.0,"Operador se adelanta al tiempo estándar, riesgo de omitir pasos.",0.938,OK,OK,OK,OK,OK,OK,No OK con acción,OK
690,2025-12-09,Línea 3,Matutino,A. Torres,OP021,False,24.972,25.0,No registra la medición en el formato de control.,0.938,OK,No OK con acción,OK,OK,OK,OK,OK,OK
687,2025-12-09,Línea 3,Vespertino,M. Hernández,OP007,False,25.014,25.0,Todo en orden durante la auditoría.,1.0,OK,OK,OK,OK,OK,OK,OK,OK
692,2025-12-10,Línea 1,Vespertino,A. Torres,OP017,True,24.96,25.0,Operación conforme al estándar de la operación.,1.0,OK,OK,OK,OK,OK,OK,OK,OK
691,2025-12-10,Línea 2,Vespertino,L. Cruz,OP005,False,24.998,25.0,Omite paso de verificación intermedio marcado en la IT.,0.938,OK,OK,No OK con acción,OK,OK,OK,OK,OK
693,2025-12-10,Línea 4,Nocturno,M. Hernández,OP037,False,24.997,25.0,No tiene la IT disponible en el puesto de trabajo. Acumulación de material en pasillo de evacuación.,0.812,OK,OK,No OK sin acción,OK,No OK con acción,OK,OK,OK
695,2025-12-11,Línea 1,Matutino,A. Torres,OP022,False,25.004,25.0,Todo en orden durante la auditoría.,1.0,OK,OK,OK,OK,OK,OK,OK,OK
696,2025-12-11,Línea 1,Nocturno,A. Torres,OP001,False,24.993,25.0,No se registró la hora de la medición. Pieza no conforme detectada sin segregar en área roja.,0.812,OK,OK,OK,OK,OK,No OK sin acción,OK,No OK con acción
694,2025-12-11,Línea 4,Matutino,J. Ramírez,OP016,False,24.999,25.0,Herramientas fuera de su lugar identificado.,0.875,OK,OK,OK,OK,No OK sin acción,OK,OK,OK
698,2025-12-12,Línea 1,Nocturno,J. Ramírez,OP023,False,25.021,25.0,Omite paso de verificación intermedio marcado en la IT. Registro de calidad incompleto en el turno.,0.812,OK,OK,No OK con acción,OK,OK,No OK sin acción,OK,OK
700,2025-12-12,Línea 1,Vespertino,L. Cruz,OP023,False,25.016,25.0,Todo en orden durante la auditoría.,1.0,OK,OK,OK,OK,OK,OK,OK,OK
699,2025-12-12,Línea 2,Vespertino,L. Cruz,OP030,False,25.02,25.0,Operación conforme al estándar de la operación.,1.0,OK,OK,OK,OK,OK,OK,OK,OK
701,2025-12-12,Línea 3,Matutino,L. Cruz,OP007,False,25.024,25.0,Operador no verifica cero del vernier antes de medir.,0.938,OK,No OK con acción,OK,OK,OK,OK,OK,OK
697,2025-12-12,Línea 4,Matutino,J. Ramírez,OP031,False,24.995,25.0,Todo en orden durante la auditoría.,1.0,OK,OK,OK,OK,OK,OK,OK,OK
705,2025-12-13,Línea 2,Nocturno,L. Cruz,OP036,False,25.013,25.0,"Omite paso de verificación intermedio marcado en la IT. Operador se adelanta al tiempo estándar, riesgo de omitir pasos.",0.812,OK,OK,No OK con acción,OK,OK,OK,No OK sin acción,OK
703,2025-12-13,Línea 3,Matutino,J. Ramírez,OP029,False,25.035,25.0,No se registró la hora de la medición.,0.938,OK,OK,OK,OK,OK,No OK con acción,OK,OK
702,2025-12-13,Línea 3,Vespertino,L. Cruz,OP008,False,25.008,25.0,"Vernier fuera de calibración vigente, se retiró de línea.",0.938,OK,No OK con acción,OK,OK,OK,OK,OK,OK
704,2025-12-13,Línea 3,Vespertino,A. Torres,OP030,False,24.962,25.0,"Operador se adelanta al tiempo estándar, riesgo de omitir pasos.",0.875,OK,OK,OK,OK,OK,OK,No OK sin acción,OK
708,2025-12-14,Línea 1,Matutino,L. Cruz,OP036,False,25.036,25.0,"Tiempo de ciclo por encima del estándar, genera cuello de botella.",0.875,OK,OK,OK,OK,OK,OK,No OK sin acción,OK
709,2025-12-14,Línea 3,Matutino,A. Torres,OP021,False,24.987,25.0,Herramientas fuera de su lugar identificado.,0.938,OK,OK,OK,OK,No OK con acción,OK,OK,OK
707,2025-12-14,Línea 3,Nocturno,L. Cruz,OP019,False,24.978,25.0,"Vernier fuera de calibración vigente, se retiró de línea. No se registró la hora de la medición.",0.812,OK,No OK sin acción,OK,OK,OK,No OK con acción,OK,OK
706,2025-12-14,Línea 4,Vespertino,L. Cruz,OP022,False,25.018,25.0,"Tiempo de ciclo por encima del estándar, genera cuello de botella.",0.875,OK,OK,OK,OK,OK,OK,No OK sin acción,OK
712,2025-12-15,Línea 1,Vespertino,L. Cruz,OP035,False,24.991,25.0,"Sin observaciones, cumple con el estándar.",1.0,OK,OK,OK,OK,OK,OK,OK,OK
710,2025-12-15,Línea 2,Nocturno,M. Hernández,OP027,False,24.986,25.0,"Omite paso de verificación intermedio marcado en la IT. Certificación vigente pero próxima a vencer, requiere recertificación.",0.75,OK,OK,No OK sin acción,No OK sin acción,OK,OK,OK,OK
711,2025-12-15,Línea 2,Vespertino,A. Torres,OP007,False,24.99,25.0,"Operador se adelanta al tiempo estándar, riesgo de omitir pasos.",0.938,OK,OK,OK,OK,OK,OK,No OK con acción,OK
713,2025-12-15,Línea 4,Nocturno,J. Ramírez,OP003,False,25.025,25.0,"Vernier fuera de calibración vigente, se retiró de línea. Datos capturados con letra ilegible / con tachaduras.",0.812,OK,No OK sin acción,OK,OK,OK,No OK con acción,OK,OK
715,2025-12-16,Línea 1,Vespertino,M. Hernández,OP036,False,25.009,25.0,No registra la medición en el formato de control.,0.938,OK,No OK con acción,OK,OK,OK,OK,OK,OK
714,2025-12-16,Línea 3,Nocturno,A. Torres,OP019,False,25.004,25.0,"Operador sin lentes de seguridad al momento de la auditoría. Certificación vigente pero próxima a vencer, requiere recertificación.",0.812,No OK sin acción,OK,OK,No OK con acción,OK,OK,OK,OK
716,2025-12-16,Línea 3,Nocturno,J. Ramírez,OP003,False,25.003,25.0,Acumulación de material en pasillo de evacuación.,0.938,OK,OK,OK,OK,No OK con acción,OK,OK,OK
720,2025-12-17,Línea 1,Vespertino,L. Cruz,OP030,False,24.98,25.0,Todo en orden durante la auditoría.,1.0,OK,OK,OK,OK,OK,OK,OK,OK
718,2025-12-17,Línea 3,Nocturno,J. Ramírez,OP007,False,24.989,25.0,Etiqueta de no conformidad mal llenada.,0.938,OK,OK,OK,OK,OK,OK,OK,No OK con acción
719,2025-12-17,Línea 3,Vespertino,M. Hernández,OP004,True,24.97,25.0,Operador de otra línea cubre ausentismo sin entrenamiento formal.,0.875,OK,OK,OK,No OK sin acción,OK,OK,OK,OK
717,2025-12-17,Línea 4,Nocturno,J. Ramírez,OP031,False,24.979,25.0,Operador de otra línea cubre ausentismo sin entrenamiento formal. Datos capturados con letra ilegible / con tachaduras.,0.812,OK,OK,OK,No OK sin acción,OK,No OK con acción,OK,OK
721,2025-12-18,Línea 2,Vespertino,L. Cruz,OP027,False,24.932,25.0,No registra la medición en el formato de control.,0.875,OK,No OK sin acción,OK,OK,OK,OK,OK,OK
722,2025-12-18,Línea 3,Matutino,L. Cruz,OP007,False,25.01,25.0,Todo en orden durante la auditoría.,1.0,OK,OK,OK,OK,OK,OK,OK,OK
724,2025-12-19,Línea 1,Nocturno,L. Cruz,OP012,False,25.006,25.0,"Bata y calzado de seguridad correctos, pero sin cofia. Operador cubre la estación sin estar certificado en la matriz de polivalencia. Registro de calidad incompleto en el turno.",0.812,No OK con acción,OK,OK,No OK con acción,OK,No OK con acción,OK,OK
723,2025-12-19,Línea 1,Vespertino,L. Cruz,OP039,False,25.021,25.0,Operador cubre la estación sin estar certificado en la matriz de polivalencia.,0.938,OK,OK,OK,No OK con acción,OK,OK,OK,OK
726,2025-12-20,Línea 1,Vespertino,L. Cruz,OP035,False,25.014,25.0,Todo en orden durante la auditoría.,1.0,OK,OK,OK,OK,OK,OK,OK,OK
727,2025-12-20,Línea 2,Matutino,L. Cruz,OP025,False,24.989,25.0,Todo en orden durante la auditoría.,1.0,OK,OK,OK,OK,OK,OK,OK,OK
729,2025-12-20,Línea 2,Matutino,L. Cruz,OP009,False,24.981,25.0,"Acumulación de material en pasillo de evacuación. Tiempo de ciclo por encima del estándar, genera cuello de botella.",0.75,OK,OK,OK,OK,No OK sin acción,OK,No OK sin acción,OK
728,2025-12-20,Línea 2,Vespertino,L. Cruz,OP015,False,25.02,25.0,"Bata y calzado de seguridad correctos, pero sin cofia. Datos capturados con letra ilegible / con tachaduras. Operador se adelanta al tiempo estándar, riesgo de omitir pasos. Pieza no conforme detectada sin segregar en área roja.",0.625,No OK sin acción,OK,OK,OK,OK,No OK con acción,No OK sin acción,No OK con acción
725,2025-12-20,Línea 3,Vespertino,A. Torres,OP032,False,25.005,25.0,Herramientas fuera de su lugar identificado.,0.875,OK,OK,OK,OK,No OK sin acción,OK,OK,OK
730,2025-12-21,Línea 2,Vespertino,L. Cruz,OP009,False,24.997,25.0,Operación conforme al estándar de la operación.,1.0,OK,OK,OK,OK,OK,OK,OK,OK
732,2025-12-21,Línea 3,Nocturno,M. Hernández,OP021,False,24.973,25.0,Tapones auditivos no colocados correctamente. Operador de otra línea cubre ausentismo sin entrenamiento formal.,0.875,No OK con acción,OK,OK,No OK con acción,OK,OK,OK,OK
731,2025-12-21,Línea 4,Nocturno,M. Hernández,OP027,False,24.97,25.0,Omite paso de verificación intermedio marcado en la IT. Datos capturados con letra ilegible / con tachaduras. Producto sospechoso mezclado con producto bueno.,0.625,OK,OK,No OK sin acción,OK,OK,No OK sin acción,OK,No OK sin acción
735,2025-12-22,Línea 2,Vespertino,A. Torres,OP011,False,25.003,25.0,Operador realiza secuencia distinta a la instrucción de trabajo vigente.,0.938,OK,OK,No OK con acción,OK,OK,OK,OK,OK
734,2025-12-22,Línea 3,Nocturno,A. Torres,OP032,False,24.975,25.0,Herramientas fuera de su lugar identificado.,0.938,OK,OK,OK,OK,No OK con acción,OK,OK,OK
733,2025-12-22,Línea 4,Nocturno,L. Cruz,OP034,False,25.01,25.0,"Operador realiza secuencia distinta a la instrucción de trabajo vigente. No se registró la hora de la medición. Tiempo de ciclo por encima del estándar, genera cuello de botella.",0.75,OK,OK,No OK con acción,OK,OK,No OK con acción,No OK sin acción,OK
737,2025-12-23,Línea 1,Vespertino,M. Hernández,OP030,False,24.97,25.0,"Vernier fuera de calibración vigente, se retiró de línea.",0.875,OK,No OK sin acción,OK,OK,OK,OK,OK,OK
738,2025-12-23,Línea 4,Matutino,L. Cruz,OP022,False,25.026,25.0,"Sin observaciones, cumple con el estándar.",1.0,OK,OK,OK,OK,OK,OK,OK,OK
736,2025-12-23,Línea 4,Vespertino,A. Torres,OP034,False,25.0,25.0,Todo en orden durante la auditoría.,1.0,OK,OK,OK,OK,OK,OK,OK,OK
742,2025-12-24,Línea 1,Matutino,M. Hernández,OP031,False,25.018,25.0,"Sin observaciones, cumple con el estándar.",1.0,OK,OK,OK,OK,OK,OK,OK,OK
739,2025-12-24,Línea 2,Matutino,J. Ramírez,OP013,False,24.986,25.0,Operación conforme al estándar de la operación.,1.0,OK,OK,OK,OK,OK,OK,OK,OK
743,2025-12-24,Línea 2,Vespertino,A. Torres,OP010,False,25.023,25.0,Todo en orden durante la auditoría.,1.0,OK,OK,OK,OK,OK,OK,OK,OK
741,2025-12-24,Línea 4,Nocturno,M. Hernández,OP035,False,24.986,25.0,Operación conforme al estándar de la operación.,1.0,OK,OK,OK,OK,OK,OK,OK,OK
740,2025-12-24,Línea 4,Vespertino,L. Cruz,OP005,False,24.993,25.0,"Sin observaciones, cumple con el estándar.",1.0,OK,OK,OK,OK,OK,OK,OK,OK
748,2025-12-25,Línea 1,Nocturno,J. Ramírez,OP040,True,25.0,25.0,"Bata y calzado de seguridad correctos, pero sin cofia. Omite paso de verificación intermedio marcado en la IT. Operador cubre la estación sin estar certificado en la matriz de polivalencia. Operador se adelanta al tiempo estándar, riesgo de omitir pasos.",0.688,No OK con acción,OK,No OK sin acción,No OK con acción,OK,OK,No OK con acción,OK
746,2025-12-25,Línea 2,Matutino,J. Ramírez,OP036,False,25.001,25.0,Operación conforme al estándar de la operación.,1.0,OK,OK,OK,OK,OK,OK,OK,OK
745,2025-12-25,Línea 3,Vespertino,J. Ramírez,OP013,False,25.007,25.0,Operación conforme al estándar de la operación.,1.0,OK,OK,OK,OK,OK,OK,OK,OK
744,2025-12-25,Línea 4,Vespertino,M. Hernández,OP035,False,25.008,25.0,Tapones auditivos no colocados correctamente. Herramientas fuera de su lugar identificado. Datos capturados con letra ilegible / con tachaduras.,0.812,No OK con acción,OK,OK,OK,No OK con acción,No OK con acción,OK,OK
747,2025-12-25,Línea 4,Vespertino,A. Torres,OP022,False,25.039,25.0,Operación conforme al estándar de la operación.,1.0,OK,OK,OK,OK,OK,OK,OK,OK
750,2025-12-26,Línea 2,Matutino,M. Hernández,OP018,True,25.001,25.0,Operador cubre la estación sin estar certificado en la matriz de polivalencia. Datos capturados con letra ilegible / con tachaduras.,0.875,OK,OK,OK,No OK con acción,OK,No OK con acción,OK,OK
749,2025-12-26,Línea 4,Vespertino,M. Hernández,OP014,False,25.002,25.0,"Sin observaciones, cumple con el estándar.",1.0,OK,OK,OK,OK,OK,OK,OK,OK
751,2025-12-27,Línea 1,Matutino,A. Torres,OP010,True,25.052,25.0,Omite paso de verificación intermedio marcado en la IT. Operador de otra línea cubre ausentismo sin entrenamiento formal. Datos capturados con letra ilegible / con tachaduras.,0.75,OK,OK,No OK con acción,No OK sin acción,OK,No OK con acción,OK,OK
752,2025-12-27,Línea 3,Vespertino,L. Cruz,OP032,False,25.005,25.0,Omite paso de verificación intermedio marcado en la IT. Pieza no conforme detectada sin segregar en área roja.,0.812,OK,OK,No OK sin acción,OK,OK,OK,OK,No OK con acción
753,2025-12-28,Línea 1,Vespertino,M. Hernández,OP036,False,25.061,25.0,"Sin observaciones, cumple con el estándar.",1.0,OK,OK,OK,OK,OK,OK,OK,OK
754,2025-12-28,Línea 3,Matutino,J. Ramírez,OP017,False,25.021,25.0,Operador no verifica cero del vernier antes de medir. No tiene la IT disponible en el puesto de trabajo.,0.812,OK,No OK sin acción,No OK con acción,OK,OK,OK,OK,OK
756,2025-12-29,Línea 1,Matutino,A. Torres,OP022,False,25.016,25.0,"No tiene la IT disponible en el puesto de trabajo. Tiempo de ciclo por encima del estándar, genera cuello de botella.",0.875,OK,OK,No OK con acción,OK,OK,OK,No OK con acción,OK
755,2025-12-29,Línea 2,Matutino,M. Hernández,OP010,False,24.999,25.0,Registro de calidad incompleto en el turno.,0.938,OK,OK,OK,OK,OK,No OK con acción,OK,OK
757,2025-12-29,Línea 4,Matutino,M. Hernández,OP020,False,24.957,25.0,"Bata y calzado de seguridad correctos, pero sin cofia. Operador no verifica cero del vernier antes de medir.",0.875,No OK con acción,No OK con acción,OK,OK,OK,OK,OK,OK
761,2025-12-30,Línea 1,Matutino,A. Torres,OP002,False,25.013,25.0,"Sin observaciones, cumple con el estándar.",1.0,OK,OK,OK,OK,OK,OK,OK,OK
760,2025-12-30,Línea 1,Vespertino,J. Ramírez,OP039,False,24.969,25.0,Operador de otra línea cubre ausentismo sin entrenamiento formal.,0.875,OK,OK,OK,No OK sin acción,OK,OK,OK,OK
758,2025-12-30,Línea 2,Matutino,M. Hernández,OP026,False,25.043,25.0,No se registró la hora de la medición.,0.875,OK,OK,OK,OK,OK,No OK sin acción,OK,OK
762,2025-12-30,Línea 4,Matutino,J. Ramírez,OP014,False,24.939,25.0,Operación conforme al estándar de la operación.,1.0,OK,OK,OK,OK,OK,OK,OK,OK
759,2025-12-30,Línea 4,Nocturno,L. Cruz,OP024,False,25.021,25.0,"Sin observaciones, cumple con el estándar.",1.0,OK,OK,OK,OK,OK,OK,OK,OK
767,2025-12-31,Línea 1,Nocturno,M. Hernández,OP020,False,25.017,25.0,"Certificación vigente pero próxima a vencer, requiere recertificación. Contenedores de scrap sin identificar correctamente. Datos capturados con letra ilegible / con tachaduras.",0.75,OK,OK,OK,No OK con acción,No OK con acción,No OK sin acción,OK,OK
764,2025-12-31,Línea 2,Matutino,A. Torres,OP001,True,24.994,25.0,Operador cubre la estación sin estar certificado en la matriz de polivalencia. Acumulación de material en pasillo de evacuación.,0.75,OK,OK,OK,No OK sin acción,No OK sin acción,OK,OK,OK
763,2025-12-31,Línea 2,Vespertino,J. Ramírez,OP035,True,25.004,25.0,"Operador no verifica cero del vernier antes de medir. Certificación vigente pero próxima a vencer, requiere recertificación. Herramientas fuera de su lugar identificado.",0.688,OK,No OK con acción,OK,No OK sin acción,No OK sin acción,OK,OK,OK
765,2025-12-31,Línea 3,Nocturno,L. Cruz,OP031,False,24.994,25.0,Operación conforme al estándar de la operación.,1.0,OK,OK,OK,OK,OK,OK,OK,OK
766,2025-12-31,Línea 4,Matutino,L. Cruz,OP022,False,24.984,25.0,"IT desactualizada en el puesto, no coincide con el proceso actual. Acumulación de material en pasillo de evacuación. Tiempo de ciclo por encima del estándar, genera cuello de botella.",0.812,OK,OK,No OK con acción,OK,No OK con acción,OK,No OK con acción,OK
770,2026-01-01,Línea 2,Vespertino,L. Cruz,OP015,False,25.009,25.0,"Tiempo de ciclo por encima del estándar, genera cuello de botella.",0.875,OK,OK,OK,OK,OK,OK,No OK sin acción,OK
771,2026-01-01,Línea 3,Matutino,L. Cruz,OP031,False,25.048,25.0,Pieza no conforme detectada sin segregar en área roja.,0.875,OK,OK,OK,OK,OK,OK,OK,No OK sin acción
768,2026-01-01,Línea 4,Matutino,M. Hernández,OP022,False,25.016,25.0,Operación conforme al estándar de la operación.,1.0,OK,OK,OK,OK,OK,OK,OK,OK
769,2026-01-01,Línea 4,Matutino,M. Hernández,OP010,False,24.969,25.0,Etiqueta de no conformidad mal llenada.,0.875,OK,OK,OK,OK,OK,OK,OK,No OK sin acción
772,2026-01-02,Línea 1,Matutino,L. Cruz,OP020,False,25.001,25.0,"Sin observaciones, cumple con el estándar.",1.0,OK,OK,OK,OK,OK,OK,OK,OK
775,2026-01-02,Línea 1,Matutino,A. Torres,OP031,False,24.974,25.0,"Sin observaciones, cumple con el estándar.",1.0,OK,OK,OK,OK,OK,OK,OK,OK
773,2026-01-02,Línea 4,Matutino,L. Cruz,OP040,False,24.982,25.0,Todo en orden durante la auditoría.,1.0,OK,OK,OK,OK,OK,OK,OK,OK
774,2026-01-02,Línea 4,Matutino,L. Cruz,OP016,False,24.961,25.0,Operación conforme al estándar de la operación.,1.0,OK,OK,OK,OK,OK,OK,OK,OK
776,2026-01-02,Línea 4,Matutino,J. Ramírez,OP020,False,24.981,25.0,Todo en orden durante la auditoría.,1.0,OK,OK,OK,OK,OK,OK,OK,OK
779,2026-01-03,Línea 1,Nocturno,L. Cruz,OP018,False,25.01,25.0,Todo en orden durante la auditoría.,1.0,OK,OK,OK,OK,OK,OK,OK,OK
778,2026-01-03,Línea 2,Vespertino,A. Torres,OP008,False,24.989,25.0,Datos capturados con letra ilegible / con tachaduras.,0.938,OK,OK,OK,OK,OK,No OK con acción,OK,OK
780,2026-01-03,Línea 3,Vespertino,L. Cruz,OP015,False,25.016,25.0,Todo en orden durante la auditoría.,1.0,OK,OK,OK,OK,OK,OK,OK,OK
777,2026-01-03,Línea 4,Vespertino,J. Ramírez,OP022,False,25.011,25.0,"Vernier fuera de calibración vigente, se retiró de línea.",0.875,OK,No OK sin acción,OK,OK,OK,OK,OK,OK
782,2026-01-04,Línea 2,Matutino,J. Ramírez,OP036,False,24.978,25.0,"Contenedores de scrap sin identificar correctamente. Tiempo de ciclo por encima del estándar, genera cuello de botella.",0.812,OK,OK,OK,OK,No OK con acción,OK,No OK sin acción,OK
781,2026-01-04,Línea 2,Vespertino,J. Ramírez,OP031,True,25.024,25.0,"Certificación vigente pero próxima a vencer, requiere recertificación. No se registró la hora de la medición.",0.875,OK,OK,OK,No OK con acción,OK,No OK con acción,OK,OK
783,2026-01-04,Línea 4,Vespertino,A. Torres,OP020,False,25.007,25.0,Operador realiza secuencia distinta a la instrucción de trabajo vigente.,0.938,OK,OK,No OK con acción,OK,OK,OK,OK,OK
784,2026-01-05,Línea 2,Vespertino,M. Hernández,OP011,False,24.999,25.0,"Tiempo de ciclo por encima del estándar, genera cuello de botella.",0.938,OK,OK,OK,OK,OK,OK,No OK con acción,OK
785,2026-01-05,Línea 3,Matutino,J. Ramírez,OP010,False,25.006,25.0,Etiqueta de no conformidad mal llenada.,0.938,OK,OK,OK,OK,OK,OK,OK,No OK con acción
788,2026-01-06,Línea 1,Nocturno,L. Cruz,OP022,False,24.994,25.0,"Bata y calzado de seguridad correctos, pero sin cofia.",0.938,No OK con acción,OK,OK,OK,OK,OK,OK,OK
787,2026-01-06,Línea 3,Matutino,M. Hernández,OP008,False,24.983,25.0,Todo en orden durante la auditoría.,1.0,OK,OK,OK,OK,OK,OK,OK,OK
786,2026-01-06,Línea 3,Vespertino,A. Torres,OP027,True,25.022,25.0,Operador de otra línea cubre ausentismo sin entrenamiento formal.,0.875,OK,OK,OK,No OK sin acción,OK,OK,OK,OK
789,2026-01-06,Línea 3,Vespertino,M. Hernández,OP013,False,24.993,25.0,Operación conforme al estándar de la operación.,1.0,OK,OK,OK,OK,OK,OK,OK,OK
790,2026-01-06,Línea 4,Nocturno,J. Ramírez,OP025,True,25.0,25.0,"Bata y calzado de seguridad correctos, pero sin cofia. Certificación vigente pero próxima a vencer, requiere recertificación.",0.75,No OK sin acción,OK,OK,No OK sin acción,OK,OK,OK,OK
791,2026-01-07,Línea 2,Nocturno,J. Ramírez,OP010,False,24.983,25.0,Herramientas fuera de su lugar identificado. No se registró la hora de la medición.,0.812,OK,OK,OK,OK,No OK sin acción,No OK con acción,OK,OK
792,2026-01-07,Línea 4,Matutino,J. Ramírez,OP009,True,24.978,25.0,"Certificación vigente pero próxima a vencer, requiere recertificación.",0.875,OK,OK,OK,No OK sin acción,OK,OK,OK,OK
793,2026-01-08,Línea 3,Nocturno,L. Cruz,OP013,False,25.002,25.0,Operador sin lentes de seguridad al momento de la auditoría. No se registró la hora de la medición.,0.875,No OK con acción,OK,OK,OK,OK,No OK con acción,OK,OK
794,2026-01-08,Línea 4,Nocturno,A. Torres,OP028,True,25.003,25.0,"Certificación vigente pero próxima a vencer, requiere recertificación. Herramientas fuera de su lugar identificado. Datos capturados con letra ilegible / con tachaduras. Tiempo de ciclo por encima del estándar, genera cuello de botella.",0.625,OK,OK,OK,No OK sin acción,No OK con acción,No OK sin acción,No OK con acción,OK
795,2026-01-08,Línea 4,Vespertino,L. Cruz,OP040,False,24.992,25.0,Operación conforme al estándar de la operación.,1.0,OK,OK,OK,OK,OK,OK,OK,OK
799,2026-01-09,Línea 1,Matutino,J. Ramírez,OP002,False,25.01,25.0,Operación conforme al estándar de la operación.,1.0,OK,OK,OK,OK,OK,OK,OK,OK
796,2026-01-09,Línea 2,Vespertino,L. Cruz,OP017,False,24.973,25.0,Omite paso de verificación intermedio marcado en la IT.,0.875,OK,OK,No OK sin acción,OK,OK,OK,OK,OK
797,2026-01-09,Línea 2,Vespertino,J. Ramírez,OP027,False,24.983,25.0,"IT desactualizada en el puesto, no coincide con el proceso actual. Contenedores de scrap sin identificar correctamente.",0.812,OK,OK,No OK con acción,OK,No OK sin acción,OK,OK,OK
798,2026-01-09,Línea 3,Vespertino,A. Torres,OP008,False,25.013,25.0,Todo en orden durante la auditoría.,1.0,OK,OK,OK,OK,OK,OK,OK,OK
800,2026-01-10,Línea 2,Matutino,J. Ramírez,OP030,False,25.038,25.0,Todo en orden durante la auditoría.,1.0,OK,OK,OK,OK,OK,OK,OK,OK
801,2026-01-10,Línea 2,Vespertino,M. Hernández,OP030,False,24.998,25.0,"Operador sin lentes de seguridad al momento de la auditoría. Operador se adelanta al tiempo estándar, riesgo de omitir pasos.",0.875,No OK con acción,OK,OK,OK,OK,OK,No OK con acción,OK
804,2026-01-11,Línea 2,Matutino,J. Ramírez,OP015,False,24.977,25.0,Etiqueta de no conformidad mal llenada.,0.938,OK,OK,OK,OK,OK,OK,OK,No OK con acción
802,2026-01-11,Línea 2,Nocturno,J. Ramírez,OP017,False,24.967,25.0,Etiqueta de no conformidad mal llenada.,0.938,OK,OK,OK,OK,OK,OK,OK,No OK con acción
806,2026-01-11,Línea 3,Matutino,J. Ramírez,OP001,True,25.04,25.0,"Tapones auditivos no colocados correctamente. Vernier fuera de calibración vigente, se retiró de línea. IT desactualizada en el puesto, no coincide con el proceso actual. Operador de otra línea cubre ausentismo sin entrenamiento formal.",0.625,No OK con acción,No OK con acción,No OK sin acción,No OK sin acción,OK,OK,OK,OK
803,2026-01-11,Línea 4,Matutino,M. Hernández,OP020,False,24.984,25.0,No tiene la IT disponible en el puesto de trabajo.,0.938,OK,OK,No OK con acción,OK,OK,OK,OK,OK
805,2026-01-11,Línea 4,Matutino,L. Cruz,OP003,False,24.983,25.0,"Tiempo de ciclo por encima del estándar, genera cuello de botella.",0.938,OK,OK,OK,OK,OK,OK,No OK con acción,OK
807,2026-01-12,Línea 1,Matutino,M. Hernández,OP012,False,24.996,25.0,Operación conforme al estándar de la operación.,1.0,OK,OK,OK,OK,OK,OK,OK,OK
810,2026-01-12,Línea 1,Matutino,M. Hernández,OP002,False,24.966,25.0,Todo en orden durante la auditoría.,1.0,OK,OK,OK,OK,OK,OK,OK,OK
811,2026-01-12,Línea 1,Matutino,J. Ramírez,OP007,True,25.017,25.0,Acumulación de material en pasillo de evacuación.,0.875,OK,OK,OK,OK,No OK sin acción,OK,OK,OK
809,2026-01-12,Línea 1,Vespertino,A. Torres,OP021,True,24.971,25.0,"Certificación vigente pero próxima a vencer, requiere recertificación.",0.875,OK,OK,OK,No OK sin acción,OK,OK,OK,OK
808,2026-01-12,Línea 2,Vespertino,M. Hernández,OP007,False,24.993,25.0,Todo en orden durante la auditoría.,1.0,OK,OK,OK,OK,OK,OK,OK,OK
812,2026-01-13,Línea 3,Matutino,J. Ramírez,OP040,True,25.042,25.0,"Tiempo de ciclo por encima del estándar, genera cuello de botella.",0.938,OK,OK,OK,OK,OK,OK,No OK con acción,OK
813,2026-01-13,Línea 3,Matutino,A. Torres,OP019,False,24.998,25.0,Omite paso de verificación intermedio marcado en la IT. Datos capturados con letra ilegible / con tachaduras.,0.812,OK,OK,No OK con acción,OK,OK,No OK sin acción,OK,OK
814,2026-01-14,Línea 1,Matutino,A. Torres,OP004,False,24.984,25.0,Operación conforme al estándar de la operación.,1.0,OK,OK,OK,OK,OK,OK,OK,OK
816,2026-01-14,Línea 4,Matutino,A. Torres,OP035,False,25.0,25.0,Todo en orden durante la auditoría.,1.0,OK,OK,OK,OK,OK,OK,OK,OK
815,2026-01-14,Línea 4,Nocturno,A. Torres,OP027,False,24.989,25.0,"Tiempo de ciclo por encima del estándar, genera cuello de botella. Producto sospechoso mezclado con producto bueno.",0.875,OK,OK,OK,OK,OK,OK,No OK con acción,No OK con acción
820,2026-01-15,Línea 1,Vespertino,J. Ramírez,OP018,False,24.972,25.0,Contenedores de scrap sin identificar correctamente.,0.875,OK,OK,OK,OK,No OK sin acción,OK,OK,OK
818,2026-01-15,Línea 3,Nocturno,A. Torres,OP019,False,24.984,25.0,"Registro de calidad incompleto en el turno. Tiempo de ciclo por encima del estándar, genera cuello de botella.",0.812,OK,OK,OK,OK,OK,No OK con acción,No OK sin acción,OK
817,2026-01-15,Línea 3,Vespertino,M. Hernández,OP031,False,24.964,25.0,"Técnica de medición incorrecta, genera lecturas variables.",0.875,OK,No OK sin acción,OK,OK,OK,OK,OK,OK
819,2026-01-15,Línea 3,Vespertino,L. Cruz,OP021,False,24.994,25.0,Etiqueta de no conformidad mal llenada.,0.938,OK,OK,OK,OK,OK,OK,OK,No OK con acción
822,2026-01-16,Línea 1,Nocturno,M. Hernández,OP022,False,25.015,25.0,"Omite paso de verificación intermedio marcado en la IT. Certificación vigente pero próxima a vencer, requiere recertificación.",0.812,OK,OK,No OK sin acción,No OK con acción,OK,OK,OK,OK
821,2026-01-16,Línea 4,Nocturno,M. Hernández,OP016,False,24.964,25.0,Datos capturados con letra ilegible / con tachaduras.,0.938,OK,OK,OK,OK,OK,No OK con acción,OK,OK
826,2026-01-17,Línea 1,Matutino,L. Cruz,OP030,False,24.977,25.0,Operador no verifica cero del vernier antes de medir.,0.938,OK,No OK con acción,OK,OK,OK,OK,OK,OK
827,2026-01-17,Línea 3,Matutino,M. Hernández,OP031,False,25.0,25.0,"Sin observaciones, cumple con el estándar.",1.0,OK,OK,OK,OK,OK,OK,OK,OK
823,2026-01-17,Línea 3,Vespertino,M. Hernández,OP030,False,24.999,25.0,Todo en orden durante la auditoría.,1.0,OK,OK,OK,OK,OK,OK,OK,OK
824,2026-01-17,Línea 3,Vespertino,A. Torres,OP024,False,25.019,25.0,Etiqueta de no conformidad mal llenada.,0.938,OK,OK,OK,OK,OK,OK,OK,No OK con acción
825,2026-01-17,Línea 4,Vespertino,L. Cruz,OP008,False,25.009,25.0,"Tapones auditivos no colocados correctamente. Operador se adelanta al tiempo estándar, riesgo de omitir pasos. Pieza no conforme detectada sin segregar en área roja.",0.75,No OK con acción,OK,OK,OK,OK,OK,No OK con acción,No OK sin acción
831,2026-01-18,Línea 1,Nocturno,A. Torres,OP007,True,24.963,25.0,"Operador se adelanta al tiempo estándar, riesgo de omitir pasos.",0.875,OK,OK,OK,OK,OK,OK,No OK sin acción,OK
829,2026-01-18,Línea 2,Matutino,M. Hernández,OP028,False,25.035,25.0,"Operador se adelanta al tiempo estándar, riesgo de omitir pasos.",0.875,OK,OK,OK,OK,OK,OK,No OK sin acción,OK
828,2026-01-18,Línea 3,Matutino,L. Cruz,OP013,False,25.009,25.0,Todo en orden durante la auditoría.,1.0,OK,OK,OK,OK,OK,OK,OK,OK
830,2026-01-18,Línea 3,Matutino,L. Cruz,OP019,False,25.012,25.0,Pieza no conforme detectada sin segregar en área roja.,0.875,OK,OK,OK,OK,OK,OK,OK,No OK sin acción
833,2026-01-19,Línea 1,Nocturno,M. Hernández,OP004,False,24.971,25.0,Herramientas fuera de su lugar identificado.,0.938,OK,OK,OK,OK,No OK con acción,OK,OK,OK
832,2026-01-19,Línea 2,Matutino,A. Torres,OP025,False,25.011,25.0,"Sin observaciones, cumple con el estándar.",1.0,OK,OK,OK,OK,OK,OK,OK,OK
834,2026-01-20,Línea 3,Matutino,J. Ramírez,OP014,False,24.996,25.0,Omite paso de verificación intermedio marcado en la IT.,0.938,OK,OK,No OK con acción,OK,OK,OK,OK,OK
835,2026-01-20,Línea 4,Vespertino,J. Ramírez,OP035,False,24.981,25.0,Registro de calidad incompleto en el turno.,0.938,OK,OK,OK,OK,OK,No OK con acción,OK,OK
837,2026-01-21,Línea 2,Vespertino,A. Torres,OP026,False,25.003,25.0,Registro de calidad incompleto en el turno.,0.938,OK,OK,OK,OK,OK,No OK con acción,OK,OK
840,2026-01-21,Línea 2,Vespertino,A. Torres,OP017,False,25.001,25.0,"IT desactualizada en el puesto, no coincide con el proceso actual. Tiempo de ciclo por encima del estándar, genera cuello de botella.",0.875,OK,OK,No OK con acción,OK,OK,OK,No OK con acción,OK
836,2026-01-21,Línea 3,Matutino,J. Ramírez,OP010,False,24.988,25.0,Operación conforme al estándar de la operación.,1.0,OK,OK,OK,OK,OK,OK,OK,OK
839,2026-01-21,Línea 3,Matutino,M. Hernández,OP019,False,24.983,25.0,"Técnica de medición incorrecta, genera lecturas variables. Pieza no conforme detectada sin segregar en área roja.",0.875,OK,No OK con acción,OK,OK,OK,OK,OK,No OK con acción
838,2026-01-21,Línea 3,Vespertino,M. Hernández,OP008,False,24.983,25.0,Herramientas fuera de su lugar identificado.,0.938,OK,OK,OK,OK,No OK con acción,OK,OK,OK
841,2026-01-22,Línea 1,Vespertino,J. Ramírez,OP031,False,24.986,25.0,"Falta guantes de protección, se corrigió en el momento.",0.938,No OK con acción,OK,OK,OK,OK,OK,OK,OK
842,2026-01-22,Línea 2,Vespertino,A. Torres,OP005,False,25.024,25.0,Datos capturados con letra ilegible / con tachaduras.,0.938,OK,OK,OK,OK,OK,No OK con acción,OK,OK
843,2026-01-22,Línea 4,Nocturno,L. Cruz,OP003,False,25.011,25.0,Operador realiza secuencia distinta a la instrucción de trabajo vigente.,0.938,OK,OK,No OK con acción,OK,OK,OK,OK,OK
844,2026-01-22,Línea 4,Vespertino,L. Cruz,OP016,False,24.985,25.0,"Falta guantes de protección, se corrigió en el momento. Acumulación de material en pasillo de evacuación.",0.812,No OK sin acción,OK,OK,OK,No OK con acción,OK,OK,OK
847,2026-01-23,Línea 1,Nocturno,M. Hernández,OP006,False,24.995,25.0,Todo en orden durante la auditoría.,1.0,OK,OK,OK,OK,OK,OK,OK,OK
846,2026-01-23,Línea 2,Nocturno,A. Torres,OP025,False,24.974,25.0,"Sin observaciones, cumple con el estándar.",1.0,OK,OK,OK,OK,OK,OK,OK,OK
845,2026-01-23,Línea 3,Nocturno,M. Hernández,OP010,False,25.006,25.0,"Sin observaciones, cumple con el estándar.",1.0,OK,OK,OK,OK,OK,OK,OK,OK
848,2026-01-23,Línea 4,Nocturno,A. Torres,OP014,False,24.995,25.0,"Operador se adelanta al tiempo estándar, riesgo de omitir pasos.",0.938,OK,OK,OK,OK,OK,OK,No OK con acción,OK
849,2026-01-24,Línea 1,Vespertino,M. Hernández,OP033,False,25.004,25.0,Contenedores de scrap sin identificar correctamente.,0.938,OK,OK,OK,OK,No OK con acción,OK,OK,OK
850,2026-01-24,Línea 3,Vespertino,J. Ramírez,OP019,False,24.957,25.0,"Sin observaciones, cumple con el estándar.",1.0,OK,OK,OK,OK,OK,OK,OK,OK
854,2026-01-25,Línea 1,Vespertino,L. Cruz,OP020,False,24.99,25.0,"Sin observaciones, cumple con el estándar.",1.0,OK,OK,OK,OK,OK,OK,OK,OK
852,2026-01-25,Línea 2,Vespertino,A. Torres,OP019,False,24.951,25.0,Operador no verifica cero del vernier antes de medir. Operador realiza secuencia distinta a la instrucción de trabajo vigente. No se registró la hora de la medición.,0.75,OK,No OK sin acción,No OK con acción,OK,OK,No OK con acción,OK,OK
853,2026-01-25,Línea 4,Nocturno,J. Ramírez,OP034,False,24.919,25.0,"Técnica de medición incorrecta, genera lecturas variables. Herramientas fuera de su lugar identificado.",0.812,OK,No OK con acción,OK,OK,No OK sin acción,OK,OK,OK
851,2026-01-25,Línea 4,Vespertino,M. Hernández,OP035,False,25.012,25.0,Pieza no conforme detectada sin segregar en área roja.,0.938,OK,OK,OK,OK,OK,OK,OK,No OK con acción
857,2026-01-26,Línea 1,Matutino,M. Hernández,OP023,False,25.096,25.0,"Vernier fuera de calibración vigente, se retiró de línea. Omite paso de verificación intermedio marcado en la IT.",0.812,OK,No OK sin acción,No OK con acción,OK,OK,OK,OK,OK
855,2026-01-26,Línea 2,Matutino,A. Torres,OP011,False,25.01,25.0,"Sin observaciones, cumple con el estándar.",1.0,OK,OK,OK,OK,OK,OK,OK,OK
858,2026-01-26,Línea 3,Nocturno,L. Cruz,OP013,False,25.009,25.0,"No se registró la hora de la medición. Tiempo de ciclo por encima del estándar, genera cuello de botella.",0.812,OK,OK,OK,OK,OK,No OK sin acción,No OK con acción,OK
856,2026-01-26,Línea 4,Nocturno,L. Cruz,OP010,False,24.987,25.0,Datos capturados con letra ilegible / con tachaduras.,0.938,OK,OK,OK,OK,OK,No OK con acción,OK,OK
859,2026-01-27,Línea 1,Matutino,L. Cruz,OP012,False,25.049,25.0,"Tapones auditivos no colocados correctamente. Vernier fuera de calibración vigente, se retiró de línea. Certificación vigente pero próxima a vencer, requiere recertificación. Tiempo de ciclo por encima del estándar, genera cuello de botella.",0.75,No OK con acción,No OK con acción,OK,No OK con acción,OK,OK,No OK con acción,OK
860,2026-01-27,Línea 1,Matutino,L. Cruz,OP039,False,24.971,25.0,"Operador se adelanta al tiempo estándar, riesgo de omitir pasos.",0.938,OK,OK,OK,OK,OK,OK,No OK con acción,OK
862,2026-01-28,Línea 1,Matutino,A. Torres,OP031,False,24.989,25.0,"Operador no verifica cero del vernier antes de medir. Tiempo de ciclo por encima del estándar, genera cuello de botella.",0.812,OK,No OK sin acción,OK,OK,OK,OK,No OK con acción,OK
863,2026-01-28,Línea 1,Nocturno,M. Hernández,OP001,False,24.952,25.0,"Operador no verifica cero del vernier antes de medir. Certificación vigente pero próxima a vencer, requiere recertificación.",0.75,OK,No OK sin acción,OK,No OK sin acción,OK,OK,OK,OK
864,2026-01-28,Línea 3,Nocturno,M. Hernández,OP008,False,25.051,25.0,"Vernier fuera de calibración vigente, se retiró de línea. Certificación vigente pero próxima a vencer, requiere recertificación. No se registró la hora de la medición.",0.812,OK,No OK con acción,OK,No OK con acción,OK,No OK con acción,OK,OK
861,2026-01-28,Línea 4,Matutino,M. Hernández,OP031,False,25.069,25.0,"Vernier fuera de calibración vigente, se retiró de línea.",0.938,OK,No OK con acción,OK,OK,OK,OK,OK,OK
868,2026-01-29,Línea 1,Vespertino,J. Ramírez,OP004,False,24.968,25.0,"Tiempo de ciclo por encima del estándar, genera cuello de botella.",0.938,OK,OK,OK,OK,OK,OK,No OK con acción,OK
866,2026-01-29,Línea 2,Vespertino,M. Hernández,OP027,False,24.985,25.0,"Vernier fuera de calibración vigente, se retiró de línea. Registro de calidad incompleto en el turno. Pieza no conforme detectada sin segregar en área roja.",0.75,OK,No OK con acción,OK,OK,OK,No OK con acción,OK,No OK sin acción
865,2026-01-29,Línea 3,Vespertino,M. Hernández,OP024,False,25.015,25.0,Tapones auditivos no colocados correctamente.,0.938,No OK con acción,OK,OK,OK,OK,OK,OK,OK
867,2026-01-29,Línea 4,Nocturno,M. Hernández,OP037,False,24.991,25.0,"Falta guantes de protección, se corrigió en el momento. Operador se adelanta al tiempo estándar, riesgo de omitir pasos.",0.812,No OK con acción,OK,OK,OK,OK,OK,No OK sin acción,OK
871,2026-01-30,Línea 1,Vespertino,L. Cruz,OP024,True,25.0,25.0,Operador de otra línea cubre ausentismo sin entrenamiento formal.,0.938,OK,OK,OK,No OK con acción,OK,OK,OK,OK
870,2026-01-30,Línea 2,Vespertino,A. Torres,OP026,False,24.994,25.0,No tiene la IT disponible en el puesto de trabajo.,0.938,OK,OK,No OK con acción,OK,OK,OK,OK,OK
872,2026-01-30,Línea 2,Vespertino,L. Cruz,OP030,False,24.946,25.0,"Vernier fuera de calibración vigente, se retiró de línea. Acumulación de material en pasillo de evacuación. Pieza no conforme detectada sin segregar en área roja.",0.688,OK,No OK sin acción,OK,OK,No OK sin acción,OK,OK,No OK con acción
869,2026-01-30,Línea 3,Matutino,A. Torres,OP008,False,25.042,25.0,No registra la medición en el formato de control. Operador realiza secuencia distinta a la instrucción de trabajo vigente.,0.875,OK,No OK con acción,No OK con acción,OK,OK,OK,OK,OK
873,2026-01-31,Línea 1,Matutino,J. Ramírez,OP022,False,24.985,25.0,"Registro de calidad incompleto en el turno. Tiempo de ciclo por encima del estándar, genera cuello de botella.",0.875,OK,OK,OK,OK,OK,No OK con acción,No OK con acción,OK
874,2026-01-31,Línea 1,Matutino,J. Ramírez,OP030,False,24.988,25.0,"Contenedores de scrap sin identificar correctamente. Operador se adelanta al tiempo estándar, riesgo de omitir pasos.",0.875,OK,OK,OK,OK,No OK con acción,OK,No OK con acción,OK
876,2026-02-01,Línea 3,Matutino,M. Hernández,OP029,False,25.0,25.0,Operación conforme al estándar de la operación.,1.0,OK,OK,OK,OK,OK,OK,OK,OK
878,2026-02-01,Línea 3,Nocturno,L. Cruz,OP008,False,24.985,25.0,"Contenedores de scrap sin identificar correctamente. Operador se adelanta al tiempo estándar, riesgo de omitir pasos.",0.875,OK,OK,OK,OK,No OK con acción,OK,No OK con acción,OK
875,2026-02-01,Línea 3,Vespertino,J. Ramírez,OP024,False,24.991,25.0,Operación conforme al estándar de la operación.,1.0,OK,OK,OK,OK,OK,OK,OK,OK
879,2026-02-01,Línea 3,Vespertino,L. Cruz,OP037,True,25.003,25.0,Operador cubre la estación sin estar certificado en la matriz de polivalencia.,0.938,OK,OK,OK,No OK con acción,OK,OK,OK,OK
877,2026-02-01,Línea 4,Vespertino,A. Torres,OP004,True,24.987,25.0,"Certificación vigente pero próxima a vencer, requiere recertificación.",0.875,OK,OK,OK,No OK sin acción,OK,OK,OK,OK
881,2026-02-02,Línea 1,Vespertino,M. Hernández,OP012,False,24.977,25.0,Todo en orden durante la auditoría.,1.0,OK,OK,OK,OK,OK,OK,OK,OK
880,2026-02-02,Línea 3,Nocturno,A. Torres,OP030,False,24.937,25.0,Operador no verifica cero del vernier antes de medir.,0.938,OK,No OK con acción,OK,OK,OK,OK,OK,OK
882,2026-02-03,Línea 1,Matutino,L. Cruz,OP002,False,25.028,25.0,"Operador se adelanta al tiempo estándar, riesgo de omitir pasos.",0.938,OK,OK,OK,OK,OK,OK,No OK con acción,OK
885,2026-02-03,Línea 1,Vespertino,A. Torres,OP001,False,25.012,25.0,"Sin observaciones, cumple con el estándar.",1.0,OK,OK,OK,OK,OK,OK,OK,OK
883,2026-02-03,Línea 2,Matutino,L. Cruz,OP036,False,25.015,25.0,"Operador se adelanta al tiempo estándar, riesgo de omitir pasos.",0.938,OK,OK,OK,OK,OK,OK,No OK con acción,OK
886,2026-02-03,Línea 2,Matutino,J. Ramírez,OP011,False,24.94,25.0,"Falta guantes de protección, se corrigió en el momento. Operador realiza secuencia distinta a la instrucción de trabajo vigente.",0.812,No OK con acción,OK,No OK sin acción,OK,OK,OK,OK,OK
884,2026-02-03,Línea 4,Vespertino,A. Torres,OP008,False,24.977,25.0,No registra la medición en el formato de control.,0.938,OK,No OK con acción,OK,OK,OK,OK,OK,OK
888,2026-02-04,Línea 1,Nocturno,A. Torres,OP026,False,25.024,25.0,Tapones auditivos no colocados correctamente. No tiene la IT disponible en el puesto de trabajo. Producto sospechoso mezclado con producto bueno.,0.812,No OK con acción,OK,No OK con acción,OK,OK,OK,OK,No OK con acción
887,2026-02-04,Línea 4,Matutino,M. Hernández,OP020,False,25.042,25.0,"Vernier fuera de calibración vigente, se retiró de línea.",0.938,OK,No OK con acción,OK,OK,OK,OK,OK,OK
892,2026-02-05,Línea 1,Matutino,L. Cruz,OP022,False,24.973,25.0,"Sin observaciones, cumple con el estándar.",1.0,OK,OK,OK,OK,OK,OK,OK,OK
889,2026-02-05,Línea 3,Nocturno,J. Ramírez,OP032,False,24.993,25.0,Tapones auditivos no colocados correctamente.,0.875,No OK sin acción,OK,OK,OK,OK,OK,OK,OK
891,2026-02-05,Línea 3,Nocturno,A. Torres,OP008,False,25.002,25.0,Operador realiza secuencia distinta a la instrucción de trabajo vigente. Herramientas fuera de su lugar identificado. Producto sospechoso mezclado con producto bueno.,0.75,OK,OK,No OK con acción,OK,No OK sin acción,OK,OK,No OK con acción
890,2026-02-05,Línea 3,Vespertino,A. Torres,OP031,False,25.003,25.0,Operación conforme al estándar de la operación.,1.0,OK,OK,OK,OK,OK,OK,OK,OK
894,2026-02-06,Línea 2,Vespertino,J. Ramírez,OP029,True,25.007,25.0,Operador realiza secuencia distinta a la instrucción de trabajo vigente. Operador cubre la estación sin estar certificado en la matriz de polivalencia.,0.875,OK,OK,No OK con acción,No OK con acción,OK,OK,OK,OK
893,2026-02-06,Línea 4,Matutino,J. Ramírez,OP027,False,24.986,25.0,Contenedores de scrap sin identificar correctamente.,0.875,OK,OK,OK,OK,No OK sin acción,OK,OK,OK
897,2026-02-07,Línea 1,Vespertino,J. Ramírez,OP004,False,25.011,25.0,Todo en orden durante la auditoría.,1.0,OK,OK,OK,OK,OK,OK,OK,OK
895,2026-02-07,Línea 4,Nocturno,M. Hernández,OP035,False,25.077,25.0,Operador no verifica cero del vernier antes de medir.,0.875,OK,No OK sin acción,OK,OK,OK,OK,OK,OK
896,2026-02-07,Línea 4,Vespertino,L. Cruz,OP031,False,24.97,25.0,Todo en orden durante la auditoría.,1.0,OK,OK,OK,OK,OK,OK,OK,OK
900,2026-02-08,Línea 1,Matutino,L. Cruz,OP020,False,24.975,25.0,"Sin observaciones, cumple con el estándar.",1.0,OK,OK,OK,OK,OK,OK,OK,OK
901,2026-02-08,Línea 1,Matutino,A. Torres,OP020,False,25.032,25.0,Operación conforme al estándar de la operación.,1.0,OK,OK,OK,OK,OK,OK,OK,OK
898,2026-02-08,Línea 2,Matutino,L. Cruz,OP011,False,25.017,25.0,Datos capturados con letra ilegible / con tachaduras. Etiqueta de no conformidad mal llenada.,0.875,OK,OK,OK,OK,OK,No OK con acción,OK,No OK con acción
899,2026-02-08,Línea 2,Nocturno,L. Cruz,OP030,False,24.978,25.0,"Técnica de medición incorrecta, genera lecturas variables. Tiempo de ciclo por encima del estándar, genera cuello de botella. Etiqueta de no conformidad mal llenada.",0.812,OK,No OK con acción,OK,OK,OK,OK,No OK con acción,No OK con acción
902,2026-02-08,Línea 3,Matutino,J. Ramírez,OP013,False,25.002,25.0,Operación conforme al estándar de la operación.,1.0,OK,OK,OK,OK,OK,OK,OK,OK
906,2026-02-09,Línea 1,Matutino,J. Ramírez,OP026,False,24.994,25.0,"Sin observaciones, cumple con el estándar.",1.0,OK,OK,OK,OK,OK,OK,OK,OK
905,2026-02-09,Línea 2,Matutino,J. Ramírez,OP028,False,25.025,25.0,Todo en orden durante la auditoría.,1.0,OK,OK,OK,OK,OK,OK,OK,OK
903,2026-02-09,Línea 4,Matutino,L. Cruz,OP008,False,24.98,25.0,Operador sin lentes de seguridad al momento de la auditoría.,0.938,No OK con acción,OK,OK,OK,OK,OK,OK,OK
904,2026-02-09,Línea 4,Nocturno,M. Hernández,OP014,False,24.999,25.0,"Operador se adelanta al tiempo estándar, riesgo de omitir pasos.",0.938,OK,OK,OK,OK,OK,OK,No OK con acción,OK
909,2026-02-10,Línea 1,Matutino,A. Torres,OP006,False,25.003,25.0,Operador de otra línea cubre ausentismo sin entrenamiento formal.,0.875,OK,OK,OK,No OK sin acción,OK,OK,OK,OK
907,2026-02-10,Línea 1,Nocturno,J. Ramírez,OP004,False,25.018,25.0,"Técnica de medición incorrecta, genera lecturas variables. Tiempo de ciclo por encima del estándar, genera cuello de botella. Producto sospechoso mezclado con producto bueno.",0.75,OK,No OK sin acción,OK,OK,OK,OK,No OK con acción,No OK con acción
908,2026-02-10,Línea 1,Nocturno,L. Cruz,OP002,False,25.024,25.0,"Sin observaciones, cumple con el estándar.",1.0,OK,OK,OK,OK,OK,OK,OK,OK
911,2026-02-11,Línea 2,Vespertino,L. Cruz,OP031,True,24.975,25.0,"Operador de otra línea cubre ausentismo sin entrenamiento formal. Operador se adelanta al tiempo estándar, riesgo de omitir pasos.",0.875,OK,OK,OK,No OK con acción,OK,OK,No OK con acción,OK
913,2026-02-11,Línea 3,Matutino,A. Torres,OP030,False,24.993,25.0,"Sin observaciones, cumple con el estándar.",1.0,OK,OK,OK,OK,OK,OK,OK,OK
910,2026-02-11,Línea 3,Nocturno,A. Torres,OP017,False,24.99,25.0,"Operador se adelanta al tiempo estándar, riesgo de omitir pasos.",0.938,OK,OK,OK,OK,OK,OK,No OK con acción,OK
912,2026-02-11,Línea 4,Matutino,L. Cruz,OP017,True,25.015,25.0,Operador de otra línea cubre ausentismo sin entrenamiento formal. Herramientas fuera de su lugar identificado.,0.812,OK,OK,OK,No OK sin acción,No OK con acción,OK,OK,OK
914,2026-02-12,Línea 2,Matutino,J. Ramírez,OP030,False,25.019,25.0,Operación conforme al estándar de la operación.,1.0,OK,OK,OK,OK,OK,OK,OK,OK
917,2026-02-12,Línea 2,Vespertino,M. Hernández,OP011,False,24.962,25.0,Operación conforme al estándar de la operación.,1.0,OK,OK,OK,OK,OK,OK,OK,OK
916,2026-02-12,Línea 3,Matutino,J. Ramírez,OP008,False,25.003,25.0,Tapones auditivos no colocados correctamente.,0.938,No OK con acción,OK,OK,OK,OK,OK,OK,OK
915,2026-02-12,Línea 3,Vespertino,L. Cruz,OP014,False,24.984,25.0,"Operador realiza secuencia distinta a la instrucción de trabajo vigente. Tiempo de ciclo por encima del estándar, genera cuello de botella.",0.812,OK,OK,No OK con acción,OK,OK,OK,No OK sin acción,OK
918,2026-02-13,Línea 1,Nocturno,J. Ramírez,OP026,False,24.983,25.0,Registro de calidad incompleto en el turno.,0.938,OK,OK,OK,OK,OK,No OK con acción,OK,OK
919,2026-02-13,Línea 3,Vespertino,A. Torres,OP007,False,24.965,25.0,Operación conforme al estándar de la operación.,1.0,OK,OK,OK,OK,OK,OK,OK,OK
920,2026-02-13,Línea 4,Vespertino,A. Torres,OP004,True,24.979,25.0,Operador de otra línea cubre ausentismo sin entrenamiento formal. Producto sospechoso mezclado con producto bueno.,0.75,OK,OK,OK,No OK sin acción,OK,OK,OK,No OK sin acción
922,2026-02-14,Línea 1,Nocturno,L. Cruz,OP035,False,25.0,25.0,"Sin observaciones, cumple con el estándar.",1.0,OK,OK,OK,OK,OK,OK,OK,OK
924,2026-02-14,Línea 3,Matutino,M. Hernández,OP017,False,24.971,25.0,Todo en orden durante la auditoría.,1.0,OK,OK,OK,OK,OK,OK,OK,OK
921,2026-02-14,Línea 3,Vespertino,M. Hernández,OP029,False,25.013,25.0,Todo en orden durante la auditoría.,1.0,OK,OK,OK,OK,OK,OK,OK,OK
923,2026-02-14,Línea 4,Matutino,A. Torres,OP037,False,24.989,25.0,"IT desactualizada en el puesto, no coincide con el proceso actual.",0.938,OK,OK,No OK con acción,OK,OK,OK,OK,OK
926,2026-02-15,Línea 2,Nocturno,A. Torres,OP007,False,24.993,25.0,"Certificación vigente pero próxima a vencer, requiere recertificación. No se registró la hora de la medición. Tiempo de ciclo por encima del estándar, genera cuello de botella.",0.75,OK,OK,OK,No OK con acción,OK,No OK sin acción,No OK con acción,OK
928,2026-02-15,Línea 2,Vespertino,L. Cruz,OP007,False,24.998,25.0,"Operador se adelanta al tiempo estándar, riesgo de omitir pasos.",0.938,OK,OK,OK,OK,OK,OK,No OK con acción,OK
925,2026-02-15,Línea 3,Matutino,L. Cruz,OP014,False,24.979,25.0,Operación conforme al estándar de la operación.,1.0,OK,OK,OK,OK,OK,OK,OK,OK
927,2026-02-15,Línea 4,Matutino,M. Hernández,OP027,False,25.001,25.0,Todo en orden durante la auditoría.,1.0,OK,OK,OK,OK,OK,OK,OK,OK
930,2026-02-16,Línea 2,Matutino,L. Cruz,OP009,False,25.055,25.0,"Técnica de medición incorrecta, genera lecturas variables.",0.875,OK,No OK sin acción,OK,OK,OK,OK,OK,OK
929,2026-02-16,Línea 3,Matutino,A. Torres,OP008,False,24.976,25.0,No tiene la IT disponible en el puesto de trabajo.,0.938,OK,OK,No OK con acción,OK,OK,OK,OK,OK
931,2026-02-16,Línea 4,Vespertino,J. Ramírez,OP022,False,25.009,25.0,"Vernier fuera de calibración vigente, se retiró de línea. Tiempo de ciclo por encima del estándar, genera cuello de botella.",0.812,OK,No OK sin acción,OK,OK,OK,OK,No OK con acción,OK
932,2026-02-17,Línea 2,Matutino,A. Torres,OP022,False,24.978,25.0,Acumulación de material en pasillo de evacuación.,0.938,OK,OK,OK,OK,No OK con acción,OK,OK,OK
933,2026-02-17,Línea 2,Nocturno,J. Ramírez,OP039,True,24.992,25.0,Operador de otra línea cubre ausentismo sin entrenamiento formal. Pieza no conforme detectada sin segregar en área roja.,0.75,OK,OK,OK,No OK sin acción,OK,OK,OK,No OK sin acción
937,2026-02-18,Línea 3,Nocturno,J. Ramírez,OP012,True,24.979,25.0,"IT desactualizada en el puesto, no coincide con el proceso actual. Operador de otra línea cubre ausentismo sin entrenamiento formal. Tiempo de ciclo por encima del estándar, genera cuello de botella.",0.688,OK,OK,No OK con acción,No OK sin acción,OK,OK,No OK sin acción,OK
934,2026-02-18,Línea 3,Vespertino,A. Torres,OP019,False,25.004,25.0,Todo en orden durante la auditoría.,1.0,OK,OK,OK,OK,OK,OK,OK,OK
935,2026-02-18,Línea 4,Matutino,L. Cruz,OP022,False,25.018,25.0,Herramientas fuera de su lugar identificado.,0.938,OK,OK,OK,OK,No OK con acción,OK,OK,OK
936,2026-02-18,Línea 4,Vespertino,L. Cruz,OP010,False,24.986,25.0,"IT desactualizada en el puesto, no coincide con el proceso actual. Tiempo de ciclo por encima del estándar, genera cuello de botella.",0.875,OK,OK,No OK con acción,OK,OK,OK,No OK con acción,OK
938,2026-02-19,Línea 1,Nocturno,L. Cruz,OP002,False,25.033,25.0,Todo en orden durante la auditoría.,1.0,OK,OK,OK,OK,OK,OK,OK,OK
939,2026-02-19,Línea 2,Vespertino,M. Hernández,OP036,False,24.966,25.0,Herramientas fuera de su lugar identificado.,0.875,OK,OK,OK,OK,No OK sin acción,OK,OK,OK
940,2026-02-19,Línea 3,Vespertino,L. Cruz,OP021,False,24.998,25.0,"Sin observaciones, cumple con el estándar.",1.0,OK,OK,OK,OK,OK,OK,OK,OK
942,2026-02-19,Línea 3,Vespertino,L. Cruz,OP032,False,24.986,25.0,"No registra la medición en el formato de control. Tiempo de ciclo por encima del estándar, genera cuello de botella.",0.75,OK,No OK sin acción,OK,OK,OK,OK,No OK sin acción,OK
941,2026-02-19,Línea 4,Vespertino,M. Hernández,OP005,False,25.007,25.0,Datos capturados con letra ilegible / con tachaduras.,0.938,OK,OK,OK,OK,OK,No OK con acción,OK,OK
943,2026-02-20,Línea 2,Matutino,A. Torres,OP018,True,25.035,25.0,Operador cubre la estación sin estar certificado en la matriz de polivalencia. Herramientas fuera de su lugar identificado.,0.812,OK,OK,OK,No OK con acción,No OK sin acción,OK,OK,OK
945,2026-02-20,Línea 3,Matutino,J. Ramírez,OP007,False,25.014,25.0,"Sin observaciones, cumple con el estándar.",1.0,OK,OK,OK,OK,OK,OK,OK,OK
944,2026-02-20,Línea 3,Vespertino,L. Cruz,OP015,False,25.006,25.0,Todo en orden durante la auditoría.,1.0,OK,OK,OK,OK,OK,OK,OK,OK
947,2026-02-21,Línea 2,Matutino,M. Hernández,OP037,True,25.011,25.0,"Certificación vigente pero próxima a vencer, requiere recertificación. Datos capturados con letra ilegible / con tachaduras. Etiqueta de no conformidad mal llenada.",0.812,OK,OK,OK,No OK con acción,OK,No OK con acción,OK,No OK con acción
946,2026-02-21,Línea 3,Matutino,M. Hernández,OP017,False,25.013,25.0,"Bata y calzado de seguridad correctos, pero sin cofia. Operador se adelanta al tiempo estándar, riesgo de omitir pasos.",0.812,No OK sin acción,OK,OK,OK,OK,OK,No OK con acción,OK
948,2026-02-21,Línea 4,Nocturno,M. Hernández,OP024,False,25.017,25.0,"No tiene la IT disponible en el puesto de trabajo. Operador se adelanta al tiempo estándar, riesgo de omitir pasos.",0.875,OK,OK,No OK con acción,OK,OK,OK,No OK con acción,OK
950,2026-02-22,Línea 3,Matutino,M. Hernández,OP031,False,24.967,25.0,Operación conforme al estándar de la operación.,1.0,OK,OK,OK,OK,OK,OK,OK,OK
951,2026-02-22,Línea 4,Nocturno,M. Hernández,OP020,False,25.022,25.0,"Operador no verifica cero del vernier antes de medir. Operador cubre la estación sin estar certificado en la matriz de polivalencia. Tiempo de ciclo por encima del estándar, genera cuello de botella.",0.812,OK,No OK con acción,OK,No OK con acción,OK,OK,No OK con acción,OK
949,2026-02-22,Línea 4,Vespertino,J. Ramírez,OP035,False,25.125,25.0,"No registra la medición en el formato de control. Tiempo de ciclo por encima del estándar, genera cuello de botella.",0.875,OK,No OK con acción,OK,OK,OK,OK,No OK con acción,OK
953,2026-02-23,Línea 4,Matutino,J. Ramírez,OP014,False,24.971,25.0,Pieza no conforme detectada sin segregar en área roja.,0.938,OK,OK,OK,OK,OK,OK,OK,No OK con acción
954,2026-02-23,Línea 4,Matutino,J. Ramírez,OP008,False,25.006,25.0,"Falta guantes de protección, se corrigió en el momento. Datos capturados con letra ilegible / con tachaduras.",0.875,No OK con acción,OK,OK,OK,OK,No OK con acción,OK,OK
952,2026-02-23,Línea 4,Nocturno,A. Torres,OP034,False,24.977,25.0,"Vernier fuera de calibración vigente, se retiró de línea. Omite paso de verificación intermedio marcado en la IT. Contenedores de scrap sin identificar correctamente. No se registró la hora de la medición.",0.688,OK,No OK con acción,No OK sin acción,OK,No OK con acción,No OK con acción,OK,OK
957,2026-02-24,Línea 2,Vespertino,M. Hernández,OP036,False,25.083,25.0,No registra la medición en el formato de control.,0.938,OK,No OK con acción,OK,OK,OK,OK,OK,OK
955,2026-02-24,Línea 3,Matutino,L. Cruz,OP013,False,25.011,25.0,Operación conforme al estándar de la operación.,1.0,OK,OK,OK,OK,OK,OK,OK,OK
958,2026-02-24,Línea 3,Vespertino,M. Hernández,OP032,False,24.991,25.0,"Sin observaciones, cumple con el estándar.",1.0,OK,OK,OK,OK,OK,OK,OK,OK
956,2026-02-24,Línea 4,Matutino,L. Cruz,OP031,False,25.028,25.0,Operación conforme al estándar de la operación.,1.0,OK,OK,OK,OK,OK,OK,OK,OK
960,2026-02-25,Línea 2,Vespertino,L. Cruz,OP039,True,24.992,25.0,Operador de otra línea cubre ausentismo sin entrenamiento formal. Contenedores de scrap sin identificar correctamente.,0.875,OK,OK,OK,No OK con acción,No OK con acción,OK,OK,OK
959,2026-02-25,Línea 4,Matutino,J. Ramírez,OP015,True,24.982,25.0,"Técnica de medición incorrecta, genera lecturas variables. Certificación vigente pero próxima a vencer, requiere recertificación. No se registró la hora de la medición.",0.75,OK,No OK sin acción,OK,No OK con acción,OK,No OK con acción,OK,OK
964,2026-02-26,Línea 1,Matutino,J. Ramírez,OP030,False,24.971,25.0,Operación conforme al estándar de la operación.,1.0,OK,OK,OK,OK,OK,OK,OK,OK
965,2026-02-26,Línea 2,Matutino,M. Hernández,OP025,False,25.006,25.0,No registra la medición en el formato de control.,0.875,OK,No OK sin acción,OK,OK,OK,OK,OK,OK
963,2026-02-26,Línea 3,Matutino,L. Cruz,OP021,False,24.932,25.0,Operador no verifica cero del vernier antes de medir. Contenedores de scrap sin identificar correctamente. No se registró la hora de la medición. Pieza no conforme detectada sin segregar en área roja.,0.625,OK,No OK con acción,OK,OK,No OK sin acción,No OK sin acción,OK,No OK con acción
962,2026-02-26,Línea 3,Vespertino,J. Ramírez,OP014,False,24.992,25.0,Operador realiza secuencia distinta a la instrucción de trabajo vigente. Producto sospechoso mezclado con producto bueno.,0.75,OK,OK,No OK sin acción,OK,OK,OK,OK,No OK sin acción
961,2026-02-26,Línea 4,Matutino,A. Torres,OP010,False,25.01,25.0,"Sin observaciones, cumple con el estándar.",1.0,OK,OK,OK,OK,OK,OK,OK,OK
967,2026-02-27,Línea 1,Vespertino,L. Cruz,OP012,False,25.019,25.0,Todo en orden durante la auditoría.,1.0,OK,OK,OK,OK,OK,OK,OK,OK
966,2026-02-27,Línea 2,Nocturno,M. Hernández,OP027,False,24.988,25.0,"IT desactualizada en el puesto, no coincide con el proceso actual. No se registró la hora de la medición. Operador se adelanta al tiempo estándar, riesgo de omitir pasos.",0.75,OK,OK,No OK con acción,OK,OK,No OK con acción,No OK sin acción,OK
969,2026-02-28,Línea 2,Vespertino,J. Ramírez,OP022,False,25.035,25.0,"Vernier fuera de calibración vigente, se retiró de línea.",0.938,OK,No OK con acción,OK,OK,OK,OK,OK,OK
968,2026-02-28,Línea 4,Matutino,L. Cruz,OP034,False,25.026,25.0,Todo en orden durante la auditoría.,1.0,OK,OK,OK,OK,OK,OK,OK,OK
971,2026-03-01,Línea 1,Vespertino,L. Cruz,OP036,False,24.988,25.0,"Sin observaciones, cumple con el estándar.",1.0,OK,OK,OK,OK,OK,OK,OK,OK
972,2026-03-01,Línea 4,Matutino,A. Torres,OP003,False,24.995,25.0,"Contenedores de scrap sin identificar correctamente. Operador se adelanta al tiempo estándar, riesgo de omitir pasos.",0.875,OK,OK,OK,OK,No OK con acción,OK,No OK con acción,OK
970,2026-03-01,Línea 4,Vespertino,M. Hernández,OP003,False,24.993,25.0,Contenedores de scrap sin identificar correctamente.,0.938,OK,OK,OK,OK,No OK con acción,OK,OK,OK
973,2026-03-01,Línea 4,Vespertino,L. Cruz,OP031,False,24.991,25.0,Operador realiza secuencia distinta a la instrucción de trabajo vigente.,0.875,OK,OK,No OK sin acción,OK,OK,OK,OK,OK
978,2026-03-02,Línea 2,Matutino,A. Torres,OP031,True,25.002,25.0,"Certificación vigente pero próxima a vencer, requiere recertificación.",0.938,OK,OK,OK,No OK con acción,OK,OK,OK,OK
977,2026-03-02,Línea 2,Nocturno,M. Hernández,OP036,False,24.959,25.0,Datos capturados con letra ilegible / con tachaduras.,0.875,OK,OK,OK,OK,OK,No OK sin acción,OK,OK
975,2026-03-02,Línea 3,Matutino,M. Hernández,OP007,False,25.024,25.0,"Vernier fuera de calibración vigente, se retiró de línea. Contenedores de scrap sin identificar correctamente.",0.75,OK,No OK sin acción,OK,OK,No OK sin acción,OK,OK,OK
974,2026-03-02,Línea 3,Vespertino,J. Ramírez,OP013,False,24.979,25.0,"IT desactualizada en el puesto, no coincide con el proceso actual.",0.875,OK,OK,No OK sin acción,OK,OK,OK,OK,OK
976,2026-03-02,Línea 4,Matutino,A. Torres,OP003,False,25.004,25.0,Operación conforme al estándar de la operación.,1.0,OK,OK,OK,OK,OK,OK,OK,OK
979,2026-03-03,Línea 1,Nocturno,A. Torres,OP026,False,25.005,25.0,"Bata y calzado de seguridad correctos, pero sin cofia. Pieza no conforme detectada sin segregar en área roja.",0.875,No OK con acción,OK,OK,OK,OK,OK,OK,No OK con acción
981,2026-03-03,Línea 2,Matutino,J. Ramírez,OP022,False,24.985,25.0,"Bata y calzado de seguridad correctos, pero sin cofia.",0.875,No OK sin acción,OK,OK,OK,OK,OK,OK,OK
980,2026-03-03,Línea 4,Nocturno,L. Cruz,OP010,False,25.035,25.0,"Técnica de medición incorrecta, genera lecturas variables.",0.938,OK,No OK con acción,OK,OK,OK,OK,OK,OK
982,2026-03-03,Línea 4,Nocturno,L. Cruz,OP008,False,24.967,25.0,Operador cubre la estación sin estar certificado en la matriz de polivalencia. Producto sospechoso mezclado con producto bueno.,0.812,OK,OK,OK,No OK sin acción,OK,OK,OK,No OK con acción
984,2026-03-04,Línea 2,Vespertino,J. Ramírez,OP005,False,25.017,25.0,Operación conforme al estándar de la operación.,1.0,OK,OK,OK,OK,OK,OK,OK,OK
983,2026-03-04,Línea 4,Vespertino,A. Torres,OP023,True,25.007,25.0,Herramientas fuera de su lugar identificado.,0.938,OK,OK,OK,OK,No OK con acción,OK,OK,OK
985,2026-03-04,Línea 4,Vespertino,A. Torres,OP031,False,25.022,25.0,"Operador se adelanta al tiempo estándar, riesgo de omitir pasos.",0.938,OK,OK,OK,OK,OK,OK,No OK con acción,OK
986,2026-03-05,Línea 2,Matutino,L. Cruz,OP011,False,24.998,25.0,"Tiempo de ciclo por encima del estándar, genera cuello de botella.",0.875,OK,OK,OK,OK,OK,OK,No OK sin acción,OK
987,2026-03-05,Línea 3,Matutino,J. Ramírez,OP015,False,24.972,25.0,Acumulación de material en pasillo de evacuación.,0.938,OK,OK,OK,OK,No OK con acción,OK,OK,OK
988,2026-03-05,Línea 4,Matutino,J. Ramírez,OP037,False,24.963,25.0,"Tiempo de ciclo por encima del estándar, genera cuello de botella.",0.938,OK,OK,OK,OK,OK,OK,No OK con acción,OK
989,2026-03-05,Línea 4,Vespertino,J. Ramírez,OP014,False,24.976,25.0,"Sin observaciones, cumple con el estándar.",1.0,OK,OK,OK,OK,OK,OK,OK,OK
994,2026-03-06,Línea 1,Matutino,M. Hernández,OP027,True,25.003,25.0,"Certificación vigente pero próxima a vencer, requiere recertificación. Acumulación de material en pasillo de evacuación.",0.875,OK,OK,OK,No OK con acción,No OK con acción,OK,OK,OK
993,2026-03-06,Línea 1,Vespertino,L. Cruz,OP001,False,25.081,25.0,No registra la medición en el formato de control.,0.875,OK,No OK sin acción,OK,OK,OK,OK,OK,OK
990,2026-03-06,Línea 4,Matutino,A. Torres,OP020,False,25.001,25.0,"Registro de calidad incompleto en el turno. Tiempo de ciclo por encima del estándar, genera cuello de botella.",0.812,OK,OK,OK,OK,OK,No OK sin acción,No OK con acción,OK
992,2026-03-06,Línea 4,Matutino,L. Cruz,OP016,False,25.016,25.0,"Sin observaciones, cumple con el estándar.",1.0,OK,OK,OK,OK,OK,OK,OK,OK
991,2026-03-06,Línea 4,Vespertino,M. Hernández,OP031,False,24.981,25.0,"Sin observaciones, cumple con el estándar.",1.0,OK,OK,OK,OK,OK,OK,OK,OK
998,2026-03-07,Línea 1,Matutino,J. Ramírez,OP030,False,24.988,25.0,"Sin observaciones, cumple con el estándar.",1.0,OK,OK,OK,OK,OK,OK,OK,OK
995,2026-03-07,Línea 1,Vespertino,L. Cruz,OP035,False,25.007,25.0,Operador realiza secuencia distinta a la instrucción de trabajo vigente.,0.938,OK,OK,No OK con acción,OK,OK,OK,OK,OK
997,2026-03-07,Línea 3,Matutino,J. Ramírez,OP032,False,25.048,25.0,Operación conforme al estándar de la operación.,1.0,OK,OK,OK,OK,OK,OK,OK,OK
999,2026-03-07,Línea 3,Nocturno,M. Hernández,OP032,False,25.017,25.0,"Omite paso de verificación intermedio marcado en la IT. Tiempo de ciclo por encima del estándar, genera cuello de botella.",0.875,OK,OK,No OK con acción,OK,OK,OK,No OK con acción,OK
996,2026-03-07,Línea 4,Nocturno,M. Hernández,OP020,False,25.016,25.0,Todo en orden durante la auditoría.,1.0,OK,OK,OK,OK,OK,OK,OK,OK
1000,2026-03-08,Línea 1,Nocturno,M. Hernández,OP026,False,24.996,25.0,"Falta guantes de protección, se corrigió en el momento. IT desactualizada en el puesto, no coincide con el proceso actual.",0.875,No OK con acción,OK,No OK con acción,OK,OK,OK,OK,OK
1001,2026-03-08,Línea 4,Matutino,L. Cruz,OP016,False,24.989,25.0,Operación conforme al estándar de la operación.,1.0,OK,OK,OK,OK,OK,OK,OK,OK
1004,2026-03-09,Línea 1,Matutino,M. Hernández,OP002,False,25.033,25.0,Operación conforme al estándar de la operación.,1.0,OK,OK,OK,OK,OK,OK,OK,OK
1003,2026-03-09,Línea 3,Vespertino,A. Torres,OP008,False,25.02,25.0,Operador realiza secuencia distinta a la instrucción de trabajo vigente.,0.938,OK,OK,No OK con acción,OK,OK,OK,OK,OK
1002,2026-03-09,Línea 4,Nocturno,J. Ramírez,OP020,False,25.018,25.0,Todo en orden durante la auditoría.,1.0,OK,OK,OK,OK,OK,OK,OK,OK
1005,2026-03-10,Línea 2,Matutino,L. Cruz,OP011,False,25.02,25.0,Herramientas fuera de su lugar identificado.,0.938,OK,OK,OK,OK,No OK con acción,OK,OK,OK
1006,2026-03-10,Línea 3,Vespertino,A. Torres,OP024,False,25.014,25.0,Operación conforme al estándar de la operación.,1.0,OK,OK,OK,OK,OK,OK,OK,OK
1008,2026-03-11,Línea 1,Nocturno,J. Ramírez,OP013,True,24.99,25.0,No registra la medición en el formato de control. Operador cubre la estación sin estar certificado en la matriz de polivalencia.,0.875,OK,No OK con acción,OK,No OK con acción,OK,OK,OK,OK
1010,2026-03-11,Línea 1,Vespertino,M. Hernández,OP036,False,24.98,25.0,Operación conforme al estándar de la operación.,1.0,OK,OK,OK,OK,OK,OK,OK,OK
1007,2026-03-11,Línea 4,Nocturno,M. Hernández,OP031,False,25.016,25.0,No tiene la IT disponible en el puesto de trabajo. Producto sospechoso mezclado con producto bueno.,0.812,OK,OK,No OK sin acción,OK,OK,OK,OK,No OK con acción
1009,2026-03-11,Línea 4,Nocturno,A. Torres,OP014,False,24.965,25.0,No tiene la IT disponible en el puesto de trabajo.,0.875,OK,OK,No OK sin acción,OK,OK,OK,OK,OK
1011,2026-03-12,Línea 4,Matutino,J. Ramírez,OP022,False,25.036,25.0,Herramientas fuera de su lugar identificado.,0.875,OK,OK,OK,OK,No OK sin acción,OK,OK,OK
1013,2026-03-12,Línea 4,Matutino,L. Cruz,OP008,False,25.004,25.0,Operación conforme al estándar de la operación.,1.0,OK,OK,OK,OK,OK,OK,OK,OK
1012,2026-03-12,Línea 4,Nocturno,A. Torres,OP035,False,24.993,25.0,No tiene la IT disponible en el puesto de trabajo. Registro de calidad incompleto en el turno.,0.812,OK,OK,No OK con acción,OK,OK,No OK sin acción,OK,OK
1016,2026-03-13,Línea 1,Nocturno,M. Hernández,OP037,True,25.019,25.0,"IT desactualizada en el puesto, no coincide con el proceso actual. Certificación vigente pero próxima a vencer, requiere recertificación. Datos capturados con letra ilegible / con tachaduras. Operador se adelanta al tiempo estándar, riesgo de omitir pasos.",0.75,OK,OK,No OK con acción,No OK con acción,OK,No OK con acción,No OK con acción,OK
1017,2026-03-13,Línea 2,Matutino,L. Cruz,OP026,False,25.019,25.0,Operación conforme al estándar de la operación.,1.0,OK,OK,OK,OK,OK,OK,OK,OK
1014,2026-03-13,Línea 2,Nocturno,L. Cruz,OP008,False,24.984,25.0,Registro de calidad incompleto en el turno.,0.938,OK,OK,OK,OK,OK,No OK con acción,OK,OK
1015,2026-03-13,Línea 4,Matutino,J. Ramírez,OP027,False,25.031,25.0,Todo en orden durante la auditoría.,1.0,OK,OK,OK,OK,OK,OK,OK,OK
1019,2026-03-14,Línea 1,Matutino,J. Ramírez,OP002,False,24.992,25.0,Todo en orden durante la auditoría.,1.0,OK,OK,OK,OK,OK,OK,OK,OK
1018,2026-03-14,Línea 2,Matutino,J. Ramírez,OP007,False,24.999,25.0,"Falta guantes de protección, se corrigió en el momento. No tiene la IT disponible en el puesto de trabajo.",0.812,No OK con acción,OK,No OK sin acción,OK,OK,OK,OK,OK
1022,2026-03-15,Línea 1,Matutino,L. Cruz,OP030,False,24.995,25.0,Todo en orden durante la auditoría.,1.0,OK,OK,OK,OK,OK,OK,OK,OK
1020,2026-03-15,Línea 2,Nocturno,L. Cruz,OP005,False,24.989,25.0,"Tiempo de ciclo por encima del estándar, genera cuello de botella.",0.875,OK,OK,OK,OK,OK,OK,No OK sin acción,OK
1023,2026-03-15,Línea 3,Matutino,A. Torres,OP015,False,25.02,25.0,"Sin observaciones, cumple con el estándar.",1.0,OK,OK,OK,OK,OK,OK,OK,OK
1021,2026-03-15,Línea 4,Nocturno,M. Hernández,OP010,False,24.977,25.0,"Tiempo de ciclo por encima del estándar, genera cuello de botella.",0.938,OK,OK,OK,OK,OK,OK,No OK con acción,OK
1026,2026-03-16,Línea 1,Vespertino,J. Ramírez,OP012,False,25.006,25.0,Operador realiza secuencia distinta a la instrucción de trabajo vigente.,0.938,OK,OK,No OK con acción,OK,OK,OK,OK,OK
1024,2026-03-16,Línea 3,Matutino,M. Hernández,OP015,False,24.962,25.0,Acumulación de material en pasillo de evacuación.,0.875,OK,OK,OK,OK,No OK sin acción,OK,OK,OK
1025,2026-03-16,Línea 4,Matutino,L. Cruz,OP022,False,25.016,25.0,"Bata y calzado de seguridad correctos, pero sin cofia.",0.875,No OK sin acción,OK,OK,OK,OK,OK,OK,OK
1027,2026-03-17,Línea 1,Matutino,A. Torres,OP028,True,25.007,25.0,"Operador de otra línea cubre ausentismo sin entrenamiento formal. Contenedores de scrap sin identificar correctamente. Tiempo de ciclo por encima del estándar, genera cuello de botella.",0.625,OK,OK,OK,No OK sin acción,No OK sin acción,OK,No OK sin acción,OK
1028,2026-03-17,Línea 1,Matutino,L. Cruz,OP033,False,24.994,25.0,Operación conforme al estándar de la operación.,1.0,OK,OK,OK,OK,OK,OK,OK,OK
1029,2026-03-18,Línea 2,Matutino,J. Ramírez,OP025,False,24.948,25.0,"Sin observaciones, cumple con el estándar.",1.0,OK,OK,OK,OK,OK,OK,OK,OK
1030,2026-03-18,Línea 2,Vespertino,M. Hernández,OP015,False,24.993,25.0,Producto sospechoso mezclado con producto bueno.,0.938,OK,OK,OK,OK,OK,OK,OK,No OK con acción
1035,2026-03-19,Línea 1,Matutino,J. Ramírez,OP006,False,24.999,25.0,Registro de calidad incompleto en el turno. Etiqueta de no conformidad mal llenada.,0.812,OK,OK,OK,OK,OK,No OK sin acción,OK,No OK con acción
1031,2026-03-19,Línea 1,Vespertino,L. Cruz,OP012,False,24.971,25.0,Operación conforme al estándar de la operación.,1.0,OK,OK,OK,OK,OK,OK,OK,OK
1032,2026-03-19,Línea 3,Nocturno,L. Cruz,OP019,False,25.022,25.0,"Operador no verifica cero del vernier antes de medir. Tiempo de ciclo por encima del estándar, genera cuello de botella.",0.812,OK,No OK con acción,OK,OK,OK,OK,No OK sin acción,OK
1034,2026-03-19,Línea 3,Nocturno,A. Torres,OP036,True,24.984,25.0,"Operador de otra línea cubre ausentismo sin entrenamiento formal. Registro de calidad incompleto en el turno. Tiempo de ciclo por encima del estándar, genera cuello de botella.",0.75,OK,OK,OK,No OK con acción,OK,No OK con acción,No OK sin acción,OK
1033,2026-03-19,Línea 4,Matutino,J. Ramírez,OP034,False,24.989,25.0,"Sin observaciones, cumple con el estándar.",1.0,OK,OK,OK,OK,OK,OK,OK,OK
1036,2026-03-20,Línea 1,Vespertino,J. Ramírez,OP033,False,25.003,25.0,Contenedores de scrap sin identificar correctamente.,0.875,OK,OK,OK,OK,No OK sin acción,OK,OK,OK
1038,2026-03-20,Línea 1,Vespertino,L. Cruz,OP033,False,25.035,25.0,"Contenedores de scrap sin identificar correctamente. Tiempo de ciclo por encima del estándar, genera cuello de botella.",0.75,OK,OK,OK,OK,No OK sin acción,OK,No OK sin acción,OK
1037,2026-03-20,Línea 4,Nocturno,A. Torres,OP005,False,25.004,25.0,"Tiempo de ciclo por encima del estándar, genera cuello de botella.",0.875,OK,OK,OK,OK,OK,OK,No OK sin acción,OK
1041,2026-03-21,Línea 1,Vespertino,M. Hernández,OP038,False,25.024,25.0,Todo en orden durante la auditoría.,1.0,OK,OK,OK,OK,OK,OK,OK,OK
1039,2026-03-21,Línea 2,Vespertino,M. Hernández,OP013,False,25.017,25.0,Registro de calidad incompleto en el turno.,0.875,OK,OK,OK,OK,OK,No OK sin acción,OK,OK
1040,2026-03-21,Línea 2,Vespertino,M. Hernández,OP009,False,24.999,25.0,Operador realiza secuencia distinta a la instrucción de trabajo vigente.,0.938,OK,OK,No OK con acción,OK,OK,OK,OK,OK
1043,2026-03-22,Línea 1,Nocturno,A. Torres,OP020,False,24.991,25.0,"Vernier fuera de calibración vigente, se retiró de línea. Operador se adelanta al tiempo estándar, riesgo de omitir pasos.",0.812,OK,No OK sin acción,OK,OK,OK,OK,No OK con acción,OK
1042,2026-03-22,Línea 3,Matutino,J. Ramírez,OP031,False,25.028,25.0,Todo en orden durante la auditoría.,1.0,OK,OK,OK,OK,OK,OK,OK,OK
1045,2026-03-23,Línea 3,Nocturno,J. Ramírez,OP039,True,24.98,25.0,"Falta guantes de protección, se corrigió en el momento. Operador cubre la estación sin estar certificado en la matriz de polivalencia.",0.75,No OK sin acción,OK,OK,No OK sin acción,OK,OK,OK,OK
1044,2026-03-23,Línea 3,Vespertino,A. Torres,OP010,False,25.007,25.0,Operación conforme al estándar de la operación.,1.0,OK,OK,OK,OK,OK,OK,OK,OK
1046,2026-03-23,Línea 4,Vespertino,J. Ramírez,OP037,False,24.977,25.0,Todo en orden durante la auditoría.,1.0,OK,OK,OK,OK,OK,OK,OK,OK
1047,2026-03-24,Línea 1,Nocturno,M. Hernández,OP002,False,25.001,25.0,"Vernier fuera de calibración vigente, se retiró de línea. Producto sospechoso mezclado con producto bueno.",0.875,OK,No OK con acción,OK,OK,OK,OK,OK,No OK con acción
1048,2026-03-24,Línea 3,Matutino,M. Hernández,OP010,False,24.974,25.0,"Sin observaciones, cumple con el estándar.",1.0,OK,OK,OK,OK,OK,OK,OK,OK
1049,2026-03-25,Línea 2,Matutino,M. Hernández,OP027,False,24.995,25.0,Operación conforme al estándar de la operación.,1.0,OK,OK,OK,OK,OK,OK,OK,OK
1052,2026-03-25,Línea 2,Matutino,M. Hernández,OP022,False,24.903,25.0,"Vernier fuera de calibración vigente, se retiró de línea.",0.875,OK,No OK sin acción,OK,OK,OK,OK,OK,OK
1050,2026-03-25,Línea 3,Matutino,L. Cruz,OP033,True,25.035,25.0,Operador cubre la estación sin estar certificado en la matriz de polivalencia.,0.938,OK,OK,OK,No OK con acción,OK,OK,OK,OK
1051,2026-03-25,Línea 3,Nocturno,L. Cruz,OP032,False,24.989,25.0,"IT desactualizada en el puesto, no coincide con el proceso actual.",0.938,OK,OK,No OK con acción,OK,OK,OK,OK,OK
1056,2026-03-26,Línea 1,Nocturno,M. Hernández,OP036,False,25.024,25.0,"Falta guantes de protección, se corrigió en el momento. Omite paso de verificación intermedio marcado en la IT. Contenedores de scrap sin identificar correctamente. Tiempo de ciclo por encima del estándar, genera cuello de botella.",0.625,No OK con acción,OK,No OK sin acción,OK,No OK sin acción,OK,No OK con acción,OK
1054,2026-03-26,Línea 1,Vespertino,L. Cruz,OP012,False,25.03,25.0,"Vernier fuera de calibración vigente, se retiró de línea. No tiene la IT disponible en el puesto de trabajo.",0.812,OK,No OK sin acción,No OK con acción,OK,OK,OK,OK,OK
1057,2026-03-26,Línea 1,Vespertino,A. Torres,OP039,False,24.982,25.0,"Datos capturados con letra ilegible / con tachaduras. Tiempo de ciclo por encima del estándar, genera cuello de botella.",0.812,OK,OK,OK,OK,OK,No OK con acción,No OK sin acción,OK
1053,2026-03-26,Línea 2,Nocturno,J. Ramírez,OP027,False,24.995,25.0,Tapones auditivos no colocados correctamente. Contenedores de scrap sin identificar correctamente. Pieza no conforme detectada sin segregar en área roja.,0.688,No OK sin acción,OK,OK,OK,No OK con acción,OK,OK,No OK sin acción
1055,2026-03-26,Línea 2,Nocturno,A. Torres,OP005,False,24.986,25.0,Acumulación de material en pasillo de evacuación. Registro de calidad incompleto en el turno. Producto sospechoso mezclado con producto bueno.,0.812,OK,OK,OK,OK,No OK con acción,No OK con acción,OK,No OK con acción
1060,2026-03-27,Línea 2,Matutino,M. Hernández,OP007,False,25.027,25.0,"IT desactualizada en el puesto, no coincide con el proceso actual. Operador se adelanta al tiempo estándar, riesgo de omitir pasos.",0.875,OK,OK,No OK con acción,OK,OK,OK,No OK con acción,OK
1059,2026-03-27,Línea 2,Vespertino,M. Hernández,OP007,False,24.997,25.0,Operación conforme al estándar de la operación.,1.0,OK,OK,OK,OK,OK,OK,OK,OK
1058,2026-03-27,Línea 3,Nocturno,M. Hernández,OP013,False,24.997,25.0,"Certificación vigente pero próxima a vencer, requiere recertificación. Registro de calidad incompleto en el turno.",0.812,OK,OK,OK,No OK sin acción,OK,No OK con acción,OK,OK
1061,2026-03-27,Línea 3,Vespertino,J. Ramírez,OP022,True,24.972,25.0,"IT desactualizada en el puesto, no coincide con el proceso actual. Operador cubre la estación sin estar certificado en la matriz de polivalencia.",0.875,OK,OK,No OK con acción,No OK con acción,OK,OK,OK,OK
1062,2026-03-27,Línea 3,Vespertino,A. Torres,OP029,False,24.981,25.0,"No registra la medición en el formato de control. Tiempo de ciclo por encima del estándar, genera cuello de botella.",0.812,OK,No OK con acción,OK,OK,OK,OK,No OK sin acción,OK
1065,2026-03-28,Línea 1,Nocturno,L. Cruz,OP024,True,24.961,25.0,"Operador realiza secuencia distinta a la instrucción de trabajo vigente. Operador de otra línea cubre ausentismo sin entrenamiento formal. Operador se adelanta al tiempo estándar, riesgo de omitir pasos.",0.688,OK,OK,No OK sin acción,No OK sin acción,OK,OK,No OK con acción,OK
1066,2026-03-28,Línea 2,Nocturno,M. Hernández,OP011,False,25.117,25.0,"Tapones auditivos no colocados correctamente. No registra la medición en el formato de control. Herramientas fuera de su lugar identificado. Operador se adelanta al tiempo estándar, riesgo de omitir pasos.",0.625,No OK con acción,No OK sin acción,OK,OK,No OK con acción,OK,No OK sin acción,OK
1064,2026-03-28,Línea 4,Matutino,L. Cruz,OP031,False,25.03,25.0,"Operador se adelanta al tiempo estándar, riesgo de omitir pasos.",0.875,OK,OK,OK,OK,OK,OK,No OK sin acción,OK
1063,2026-03-28,Línea 4,Vespertino,L. Cruz,OP035,False,25.007,25.0,"Tiempo de ciclo por encima del estándar, genera cuello de botella.",0.938,OK,OK,OK,OK,OK,OK,No OK con acción,OK
1067,2026-03-29,Línea 1,Matutino,J. Ramírez,OP038,False,25.06,25.0,"Tapones auditivos no colocados correctamente. Vernier fuera de calibración vigente, se retiró de línea. No tiene la IT disponible en el puesto de trabajo. Etiqueta de no conformidad mal llenada.",0.562,No OK con acción,No OK sin acción,No OK sin acción,OK,OK,OK,OK,No OK sin acción
1068,2026-03-29,Línea 2,Matutino,L. Cruz,OP030,False,24.972,25.0,"Sin observaciones, cumple con el estándar.",1.0,OK,OK,OK,OK,OK,OK,OK,OK
1069,2026-03-29,Línea 2,Matutino,A. Torres,OP026,False,25.01,25.0,"Bata y calzado de seguridad correctos, pero sin cofia. Operador se adelanta al tiempo estándar, riesgo de omitir pasos.",0.75,No OK sin acción,OK,OK,OK,OK,OK,No OK sin acción,OK
1070,2026-03-29,Línea 2,Matutino,A. Torres,OP027,False,24.945,25.0,"Técnica de medición incorrecta, genera lecturas variables. No se registró la hora de la medición.",0.812,OK,No OK con acción,OK,OK,OK,No OK sin acción,OK,OK
1072,2026-03-30,Línea 3,Matutino,M. Hernández,OP003,False,24.992,25.0,Pieza no conforme detectada sin segregar en área roja.,0.875,OK,OK,OK,OK,OK,OK,OK,No OK sin acción
1071,2026-03-30,Línea 3,Vespertino,A. Torres,OP007,False,24.979,25.0,No tiene la IT disponible en el puesto de trabajo.,0.938,OK,OK,No OK con acción,OK,OK,OK,OK,OK
1074,2026-03-31,Línea 1,Vespertino,A. Torres,OP022,False,25.05,25.0,No registra la medición en el formato de control.,0.938,OK,No OK con acción,OK,OK,OK,OK,OK,OK
1075,2026-03-31,Línea 1,Vespertino,L. Cruz,OP006,False,24.986,25.0,Herramientas fuera de su lugar identificado.,0.938,OK,OK,OK,OK,No OK con acción,OK,OK,OK
1073,2026-03-31,Línea 2,Nocturno,J. Ramírez,OP022,False,24.954,25.0,Tapones auditivos no colocados correctamente. No registra la medición en el formato de control.,0.875,No OK con acción,No OK con acción,OK,OK,OK,OK,OK,OK
1076,2026-03-31,Línea 3,Matutino,L. Cruz,OP007,False,25.005,25.0,"Sin observaciones, cumple con el estándar.",1.0,OK,OK,OK,OK,OK,OK,OK,OK
1079,2026-04-01,Línea 1,Vespertino,J. Ramírez,OP016,False,25.014,25.0,"Tiempo de ciclo por encima del estándar, genera cuello de botella.",0.875,OK,OK,OK,OK,OK,OK,No OK sin acción,OK
1077,2026-04-01,Línea 3,Vespertino,J. Ramírez,OP014,False,24.986,25.0,No tiene la IT disponible en el puesto de trabajo. Herramientas fuera de su lugar identificado.,0.75,OK,OK,No OK sin acción,OK,No OK sin acción,OK,OK,OK
1080,2026-04-01,Línea 3,Vespertino,L. Cruz,OP008,False,25.039,25.0,Operador realiza secuencia distinta a la instrucción de trabajo vigente.,0.938,OK,OK,No OK con acción,OK,OK,OK,OK,OK
1078,2026-04-01,Línea 4,Matutino,L. Cruz,OP014,False,25.003,25.0,No se registró la hora de la medición.,0.938,OK,OK,OK,OK,OK,No OK con acción,OK,OK
1082,2026-04-02,Línea 1,Matutino,M. Hernández,OP038,False,25.037,25.0,"No tiene la IT disponible en el puesto de trabajo. Operador se adelanta al tiempo estándar, riesgo de omitir pasos.",0.812,OK,OK,No OK con acción,OK,OK,OK,No OK sin acción,OK
1081,2026-04-02,Línea 1,Vespertino,M. Hernández,OP032,True,25.002,25.0,"Certificación vigente pero próxima a vencer, requiere recertificación.",0.875,OK,OK,OK,No OK sin acción,OK,OK,OK,OK
1085,2026-04-02,Línea 1,Vespertino,J. Ramírez,OP036,False,25.076,25.0,"Técnica de medición incorrecta, genera lecturas variables. Certificación vigente pero próxima a vencer, requiere recertificación.",0.812,OK,No OK con acción,OK,No OK sin acción,OK,OK,OK,OK
1084,2026-04-02,Línea 2,Nocturno,J. Ramírez,OP027,False,25.008,25.0,"Bata y calzado de seguridad correctos, pero sin cofia. Operador realiza secuencia distinta a la instrucción de trabajo vigente. Producto sospechoso mezclado con producto bueno.",0.75,No OK con acción,OK,No OK sin acción,OK,OK,OK,OK,No OK con acción
1083,2026-04-02,Línea 2,Vespertino,A. Torres,OP010,False,24.967,25.0,"Operador se adelanta al tiempo estándar, riesgo de omitir pasos.",0.938,OK,OK,OK,OK,OK,OK,No OK con acción,OK
1086,2026-04-03,Línea 1,Matutino,L. Cruz,OP018,False,24.985,25.0,Acumulación de material en pasillo de evacuación.,0.875,OK,OK,OK,OK,No OK sin acción,OK,OK,OK
1087,2026-04-03,Línea 1,Matutino,A. Torres,OP026,False,24.974,25.0,No registra la medición en el formato de control.,0.875,OK,No OK sin acción,OK,OK,OK,OK,OK,OK
1088,2026-04-03,Línea 1,Nocturno,M. Hernández,OP038,False,24.963,25.0,Datos capturados con letra ilegible / con tachaduras.,0.875,OK,OK,OK,OK,OK,No OK sin acción,OK,OK
1089,2026-04-03,Línea 1,Nocturno,M. Hernández,OP022,False,24.99,25.0,Todo en orden durante la auditoría.,1.0,OK,OK,OK,OK,OK,OK,OK,OK
1090,2026-04-04,Línea 3,Matutino,L. Cruz,OP015,False,25.001,25.0,"Sin observaciones, cumple con el estándar.",1.0,OK,OK,OK,OK,OK,OK,OK,OK
1091,2026-04-04,Línea 3,Matutino,M. Hernández,OP021,False,25.036,25.0,"Certificación vigente pero próxima a vencer, requiere recertificación. No se registró la hora de la medición.",0.812,OK,OK,OK,No OK sin acción,OK,No OK con acción,OK,OK
1092,2026-04-04,Línea 4,Matutino,A. Torres,OP035,False,24.993,25.0,"Vernier fuera de calibración vigente, se retiró de línea.",0.938,OK,No OK con acción,OK,OK,OK,OK,OK,OK
1093,2026-04-04,Línea 4,Nocturno,L. Cruz,OP008,False,24.99,25.0,"Tiempo de ciclo por encima del estándar, genera cuello de botella. Pieza no conforme detectada sin segregar en área roja.",0.75,OK,OK,OK,OK,OK,OK,No OK sin acción,No OK sin acción
1095,2026-04-05,Línea 2,Nocturno,L. Cruz,OP027,False,25.005,25.0,Operación conforme al estándar de la operación.,1.0,OK,OK,OK,OK,OK,OK,OK,OK
1097,2026-04-05,Línea 3,Nocturno,A. Torres,OP030,False,25.153,25.0,"Vernier fuera de calibración vigente, se retiró de línea. Certificación vigente pero próxima a vencer, requiere recertificación. Operador se adelanta al tiempo estándar, riesgo de omitir pasos.",0.625,OK,No OK sin acción,OK,No OK sin acción,OK,OK,No OK sin acción,OK
1094,2026-04-05,Línea 4,Matutino,A. Torres,OP027,False,25.024,25.0,Operador realiza secuencia distinta a la instrucción de trabajo vigente. Pieza no conforme detectada sin segregar en área roja.,0.75,OK,OK,No OK sin acción,OK,OK,OK,OK,No OK sin acción
1096,2026-04-05,Línea 4,Vespertino,M. Hernández,OP035,False,24.995,25.0,Operador sin lentes de seguridad al momento de la auditoría.,0.938,No OK con acción,OK,OK,OK,OK,OK,OK,OK
1098,2026-04-06,Línea 1,Vespertino,J. Ramírez,OP026,False,24.995,25.0,Todo en orden durante la auditoría.,1.0,OK,OK,OK,OK,OK,OK,OK,OK
1099,2026-04-06,Línea 1,Vespertino,A. Torres,OP002,False,25.012,25.0,Pieza no conforme detectada sin segregar en área roja.,0.938,OK,OK,OK,OK,OK,OK,OK,No OK con acción
1101,2026-04-07,Línea 2,Vespertino,J. Ramírez,OP010,False,24.971,25.0,"Sin observaciones, cumple con el estándar.",1.0,OK,OK,OK,OK,OK,OK,OK,OK
1100,2026-04-07,Línea 3,Nocturno,A. Torres,OP019,False,25.0,25.0,"Certificación vigente pero próxima a vencer, requiere recertificación. No se registró la hora de la medición.",0.875,OK,OK,OK,No OK con acción,OK,No OK con acción,OK,OK
1104,2026-04-08,Línea 1,Vespertino,L. Cruz,OP022,False,25.021,25.0,Datos capturados con letra ilegible / con tachaduras.,0.875,OK,OK,OK,OK,OK,No OK sin acción,OK,OK
1102,2026-04-08,Línea 2,Nocturno,A. Torres,OP003,True,24.963,25.0,"Certificación vigente pero próxima a vencer, requiere recertificación. Herramientas fuera de su lugar identificado. Datos capturados con letra ilegible / con tachaduras.",0.75,OK,OK,OK,No OK con acción,No OK sin acción,No OK con acción,OK,OK
1103,2026-04-08,Línea 4,Vespertino,M. Hernández,OP040,False,24.996,25.0,"Sin observaciones, cumple con el estándar.",1.0,OK,OK,OK,OK,OK,OK,OK,OK
1105,2026-04-09,Línea 1,Matutino,A. Torres,OP004,False,24.989,25.0,"Herramientas fuera de su lugar identificado. Operador se adelanta al tiempo estándar, riesgo de omitir pasos.",0.875,OK,OK,OK,OK,No OK con acción,OK,No OK con acción,OK
1106,2026-04-09,Línea 3,Matutino,L. Cruz,OP021,False,24.992,25.0,"Sin observaciones, cumple con el estándar.",1.0,OK,OK,OK,OK,OK,OK,OK,OK
1108,2026-04-09,Línea 4,Matutino,L. Cruz,OP035,False,24.99,25.0,"IT desactualizada en el puesto, no coincide con el proceso actual.",0.938,OK,OK,No OK con acción,OK,OK,OK,OK,OK
1107,2026-04-09,Línea 4,Vespertino,J. Ramírez,OP034,False,25.023,25.0,Todo en orden durante la auditoría.,1.0,OK,OK,OK,OK,OK,OK,OK,OK
1110,2026-04-10,Línea 2,Vespertino,A. Torres,OP027,False,25.015,25.0,Todo en orden durante la auditoría.,1.0,OK,OK,OK,OK,OK,OK,OK,OK
1109,2026-04-10,Línea 4,Vespertino,L. Cruz,OP010,False,25.001,25.0,"IT desactualizada en el puesto, no coincide con el proceso actual.",0.938,OK,OK,No OK con acción,OK,OK,OK,OK,OK
1112,2026-04-11,Línea 1,Matutino,L. Cruz,OP012,False,25.015,25.0,Operación conforme al estándar de la operación.,1.0,OK,OK,OK,OK,OK,OK,OK,OK
1111,2026-04-11,Línea 3,Matutino,J. Ramírez,OP031,False,24.994,25.0,"Sin observaciones, cumple con el estándar.",1.0,OK,OK,OK,OK,OK,OK,OK,OK
1113,2026-04-12,Línea 1,Vespertino,M. Hernández,OP036,False,25.073,25.0,No registra la medición en el formato de control.,0.938,OK,No OK con acción,OK,OK,OK,OK,OK,OK
1114,2026-04-12,Línea 2,Matutino,A. Torres,OP022,False,24.996,25.0,"Falta guantes de protección, se corrigió en el momento.",0.875,No OK sin acción,OK,OK,OK,OK,OK,OK,OK
1116,2026-04-13,Línea 1,Matutino,A. Torres,OP012,False,25.008,25.0,No tiene la IT disponible en el puesto de trabajo. Contenedores de scrap sin identificar correctamente.,0.812,OK,OK,No OK con acción,OK,No OK sin acción,OK,OK,OK
1115,2026-04-13,Línea 2,Vespertino,L. Cruz,OP005,False,25.013,25.0,"Operador se adelanta al tiempo estándar, riesgo de omitir pasos.",0.938,OK,OK,OK,OK,OK,OK,No OK con acción,OK
1119,2026-04-14,Línea 1,Vespertino,A. Torres,OP018,False,25.002,25.0,"Sin observaciones, cumple con el estándar.",1.0,OK,OK,OK,OK,OK,OK,OK,OK
1117,2026-04-14,Línea 2,Matutino,M. Hernández,OP036,False,25.017,25.0,"Sin observaciones, cumple con el estándar.",1.0,OK,OK,OK,OK,OK,OK,OK,OK
1118,2026-04-14,Línea 3,Matutino,A. Torres,OP019,False,25.009,25.0,"Tiempo de ciclo por encima del estándar, genera cuello de botella.",0.875,OK,OK,OK,OK,OK,OK,No OK sin acción,OK
1120,2026-04-14,Línea 4,Vespertino,M. Hernández,OP024,False,24.976,25.0,Todo en orden durante la auditoría.,1.0,OK,OK,OK,OK,OK,OK,OK,OK
1125,2026-04-15,Línea 1,Matutino,L. Cruz,OP022,False,24.999,25.0,Todo en orden durante la auditoría.,1.0,OK,OK,OK,OK,OK,OK,OK,OK
1123,2026-04-15,Línea 1,Nocturno,J. Ramírez,OP035,False,24.979,25.0,"Operador sin lentes de seguridad al momento de la auditoría. Tiempo de ciclo por encima del estándar, genera cuello de botella.",0.875,No OK con acción,OK,OK,OK,OK,OK,No OK con acción,OK
1121,2026-04-15,Línea 2,Nocturno,L. Cruz,OP036,False,24.984,25.0,"Sin observaciones, cumple con el estándar.",1.0,OK,OK,OK,OK,OK,OK,OK,OK
1122,2026-04-15,Línea 2,Nocturno,A. Torres,OP010,False,25.004,25.0,"Operador se adelanta al tiempo estándar, riesgo de omitir pasos.",0.875,OK,OK,OK,OK,OK,OK,No OK sin acción,OK
1124,2026-04-15,Línea 3,Nocturno,J. Ramírez,OP007,False,24.991,25.0,Operador sin lentes de seguridad al momento de la auditoría. Acumulación de material en pasillo de evacuación.,0.875,No OK con acción,OK,OK,OK,No OK con acción,OK,OK,OK
1126,2026-04-16,Línea 1,Matutino,A. Torres,OP033,False,25.01,25.0,Operación conforme al estándar de la operación.,1.0,OK,OK,OK,OK,OK,OK,OK,OK
1127,2026-04-16,Línea 2,Vespertino,M. Hernández,OP022,False,24.912,25.0,No registra la medición en el formato de control.,0.875,OK,No OK sin acción,OK,OK,OK,OK,OK,OK
1128,2026-04-16,Línea 4,Nocturno,J. Ramírez,OP020,False,25.007,25.0,Operación conforme al estándar de la operación.,1.0,OK,OK,OK,OK,OK,OK,OK,OK
1130,2026-04-17,Línea 3,Matutino,M. Hernández,OP007,False,25.004,25.0,Todo en orden durante la auditoría.,1.0,OK,OK,OK,OK,OK,OK,OK,OK
1131,2026-04-17,Línea 3,Vespertino,M. Hernández,OP030,False,24.983,25.0,Todo en orden durante la auditoría.,1.0,OK,OK,OK,OK,OK,OK,OK,OK
1133,2026-04-17,Línea 3,Vespertino,L. Cruz,OP031,False,25.022,25.0,"Sin observaciones, cumple con el estándar.",1.0,OK,OK,OK,OK,OK,OK,OK,OK
1129,2026-04-17,Línea 4,Nocturno,A. Torres,OP034,False,25.044,25.0,"Operador no verifica cero del vernier antes de medir. Registro de calidad incompleto en el turno. Tiempo de ciclo por encima del estándar, genera cuello de botella. Etiqueta de no conformidad mal llenada.",0.562,OK,No OK sin acción,OK,OK,OK,No OK sin acción,No OK con acción,No OK sin acción
1132,2026-04-17,Línea 4,Nocturno,J. Ramírez,OP024,False,24.987,25.0,Operador realiza secuencia distinta a la instrucción de trabajo vigente. Registro de calidad incompleto en el turno. Producto sospechoso mezclado con producto bueno.,0.625,OK,OK,No OK sin acción,OK,OK,No OK sin acción,OK,No OK sin acción
1137,2026-04-18,Línea 1,Matutino,J. Ramírez,OP030,False,25.019,25.0,"Tiempo de ciclo por encima del estándar, genera cuello de botella.",0.938,OK,OK,OK,OK,OK,OK,No OK con acción,OK
1135,2026-04-18,Línea 2,Matutino,A. Torres,OP013,False,24.989,25.0,Todo en orden durante la auditoría.,1.0,OK,OK,OK,OK,OK,OK,OK,OK
1136,2026-04-18,Línea 4,Nocturno,M. Hernández,OP004,True,25.009,25.0,"Falta guantes de protección, se corrigió en el momento. Certificación vigente pero próxima a vencer, requiere recertificación. Operador se adelanta al tiempo estándar, riesgo de omitir pasos.",0.688,No OK con acción,OK,OK,No OK sin acción,OK,OK,No OK sin acción,OK
1134,2026-04-18,Línea 4,Vespertino,L. Cruz,OP022,False,24.986,25.0,Todo en orden durante la auditoría.,1.0,OK,OK,OK,OK,OK,OK,OK,OK
1139,2026-04-19,Línea 1,Vespertino,M. Hernández,OP033,False,25.005,25.0,"Sin observaciones, cumple con el estándar.",1.0,OK,OK,OK,OK,OK,OK,OK,OK
1140,2026-04-19,Línea 1,Vespertino,A. Torres,OP035,False,25.048,25.0,"Vernier fuera de calibración vigente, se retiró de línea.",0.875,OK,No OK sin acción,OK,OK,OK,OK,OK,OK
1138,2026-04-19,Línea 2,Matutino,A. Torres,OP004,True,24.992,25.0,"No registra la medición en el formato de control. Tiempo de ciclo por encima del estándar, genera cuello de botella.",0.812,OK,No OK sin acción,OK,OK,OK,OK,No OK con acción,OK
1142,2026-04-19,Línea 2,Nocturno,L. Cruz,OP017,False,25.002,25.0,"Operador se adelanta al tiempo estándar, riesgo de omitir pasos.",0.875,OK,OK,OK,OK,OK,OK,No OK sin acción,OK
1141,2026-04-19,Línea 2,Vespertino,L. Cruz,OP027,False,25.013,25.0,"Datos capturados con letra ilegible / con tachaduras. Operador se adelanta al tiempo estándar, riesgo de omitir pasos.",0.812,OK,OK,OK,OK,OK,No OK sin acción,No OK con acción,OK
1144,2026-04-20,Línea 1,Nocturno,L. Cruz,OP035,False,24.981,25.0,Operación conforme al estándar de la operación.,1.0,OK,OK,OK,OK,OK,OK,OK,OK
1145,2026-04-20,Línea 2,Vespertino,J. Ramírez,OP025,False,25.035,25.0,"Vernier fuera de calibración vigente, se retiró de línea. Tiempo de ciclo por encima del estándar, genera cuello de botella.",0.812,OK,No OK sin acción,OK,OK,OK,OK,No OK con acción,OK
1143,2026-04-20,Línea 3,Vespertino,A. Torres,OP014,False,24.993,25.0,"Operador se adelanta al tiempo estándar, riesgo de omitir pasos.",0.938,OK,OK,OK,OK,OK,OK,No OK con acción,OK
1146,2026-04-20,Línea 4,Vespertino,A. Torres,OP014,False,24.885,25.0,Operador no verifica cero del vernier antes de medir.,0.875,OK,No OK sin acción,OK,OK,OK,OK,OK,OK
1147,2026-04-21,Línea 1,Matutino,A. Torres,OP035,False,24.997,25.0,Operador no verifica cero del vernier antes de medir.,0.938,OK,No OK con acción,OK,OK,OK,OK,OK,OK
1149,2026-04-21,Línea 1,Matutino,M. Hernández,OP022,False,25.097,25.0,"Vernier fuera de calibración vigente, se retiró de línea. IT desactualizada en el puesto, no coincide con el proceso actual.",0.875,OK,No OK con acción,No OK con acción,OK,OK,OK,OK,OK
1150,2026-04-21,Línea 3,Matutino,J. Ramírez,OP029,False,24.987,25.0,"Sin observaciones, cumple con el estándar.",1.0,OK,OK,OK,OK,OK,OK,OK,OK
1148,2026-04-21,Línea 3,Nocturno,J. Ramírez,OP008,False,25.014,25.0,Omite paso de verificación intermedio marcado en la IT. Herramientas fuera de su lugar identificado. No se registró la hora de la medición.,0.812,OK,OK,No OK con acción,OK,No OK con acción,No OK con acción,OK,OK
1152,2026-04-22,Línea 1,Matutino,A. Torres,OP023,False,24.991,25.0,Operador sin lentes de seguridad al momento de la auditoría. Omite paso de verificación intermedio marcado en la IT.,0.875,No OK con acción,OK,No OK con acción,OK,OK,OK,OK,OK
1153,2026-04-22,Línea 1,Matutino,M. Hernández,OP036,False,24.966,25.0,"Sin observaciones, cumple con el estándar.",1.0,OK,OK,OK,OK,OK,OK,OK,OK
1151,2026-04-22,Línea 2,Vespertino,M. Hernández,OP030,False,25.042,25.0,"Operador se adelanta al tiempo estándar, riesgo de omitir pasos.",0.875,OK,OK,OK,OK,OK,OK,No OK sin acción,OK
1154,2026-04-23,Línea 2,Nocturno,L. Cruz,OP011,False,24.981,25.0,No tiene la IT disponible en el puesto de trabajo. No se registró la hora de la medición.,0.812,OK,OK,No OK con acción,OK,OK,No OK sin acción,OK,OK
1155,2026-04-23,Línea 4,Matutino,L. Cruz,OP005,False,24.923,25.0,Operador no verifica cero del vernier antes de medir.,0.875,OK,No OK sin acción,OK,OK,OK,OK,OK,OK
1158,2026-04-24,Línea 3,Nocturno,L. Cruz,OP007,False,25.013,25.0,"IT desactualizada en el puesto, no coincide con el proceso actual.",0.938,OK,OK,No OK con acción,OK,OK,OK,OK,OK
1157,2026-04-24,Línea 4,Matutino,M. Hernández,OP031,False,25.013,25.0,Todo en orden durante la auditoría.,1.0,OK,OK,OK,OK,OK,OK,OK,OK
1156,2026-04-24,Línea 4,Vespertino,A. Torres,OP024,False,25.014,25.0,Tapones auditivos no colocados correctamente.,0.938,No OK con acción,OK,OK,OK,OK,OK,OK,OK
1159,2026-04-25,Línea 3,Matutino,M. Hernández,OP003,False,25.003,25.0,"Bata y calzado de seguridad correctos, pero sin cofia. Acumulación de material en pasillo de evacuación. Registro de calidad incompleto en el turno.",0.688,No OK con acción,OK,OK,OK,No OK sin acción,No OK sin acción,OK,OK
1160,2026-04-25,Línea 4,Matutino,L. Cruz,OP031,False,24.998,25.0,"Sin observaciones, cumple con el estándar.",1.0,OK,OK,OK,OK,OK,OK,OK,OK
1163,2026-04-26,Línea 1,Vespertino,J. Ramírez,OP022,False,25.009,25.0,"Sin observaciones, cumple con el estándar.",1.0,OK,OK,OK,OK,OK,OK,OK,OK
1161,2026-04-26,Línea 2,Vespertino,A. Torres,OP030,False,24.929,25.0,"Vernier fuera de calibración vigente, se retiró de línea.",0.875,OK,No OK sin acción,OK,OK,OK,OK,OK,OK
1162,2026-04-26,Línea 3,Vespertino,A. Torres,OP007,False,25.02,25.0,Producto sospechoso mezclado con producto bueno.,0.875,OK,OK,OK,OK,OK,OK,OK,No OK sin acción
1165,2026-04-27,Línea 1,Matutino,L. Cruz,OP026,False,25.021,25.0,"Tiempo de ciclo por encima del estándar, genera cuello de botella.",0.938,OK,OK,OK,OK,OK,OK,No OK con acción,OK
1164,2026-04-27,Línea 1,Vespertino,L. Cruz,OP008,True,24.983,25.0,"Certificación vigente pero próxima a vencer, requiere recertificación.",0.875,OK,OK,OK,No OK sin acción,OK,OK,OK,OK
1167,2026-04-28,Línea 1,Vespertino,A. Torres,OP038,False,25.0,25.0,"Operador realiza secuencia distinta a la instrucción de trabajo vigente. Operador de otra línea cubre ausentismo sin entrenamiento formal. Operador se adelanta al tiempo estándar, riesgo de omitir pasos.",0.812,OK,OK,No OK con acción,No OK con acción,OK,OK,No OK con acción,OK
1166,2026-04-28,Línea 2,Matutino,A. Torres,OP014,True,25.009,25.0,"Operador de otra línea cubre ausentismo sin entrenamiento formal. No se registró la hora de la medición. Operador se adelanta al tiempo estándar, riesgo de omitir pasos.",0.625,OK,OK,OK,No OK sin acción,OK,No OK sin acción,No OK sin acción,OK
1168,2026-04-29,Línea 2,Matutino,A. Torres,OP019,False,25.001,25.0,Operador no verifica cero del vernier antes de medir.,0.875,OK,No OK sin acción,OK,OK,OK,OK,OK,OK
1169,2026-04-29,Línea 4,Vespertino,A. Torres,OP020,False,25.052,25.0,"Tiempo de ciclo por encima del estándar, genera cuello de botella.",0.938,OK,OK,OK,OK,OK,OK,No OK con acción,OK
1174,2026-04-30,Línea 1,Matutino,J. Ramírez,OP029,True,24.994,25.0,"Certificación vigente pero próxima a vencer, requiere recertificación. Contenedores de scrap sin identificar correctamente.",0.875,OK,OK,OK,No OK con acción,No OK con acción,OK,OK,OK
1172,2026-04-30,Línea 1,Vespertino,M. Hernández,OP039,False,24.996,25.0,Acumulación de material en pasillo de evacuación.,0.938,OK,OK,OK,OK,No OK con acción,OK,OK,OK
1170,2026-04-30,Línea 4,Nocturno,J. Ramírez,OP003,False,25.066,25.0,"Vernier fuera de calibración vigente, se retiró de línea.",0.938,OK,No OK con acción,OK,OK,OK,OK,OK,OK
1171,2026-04-30,Línea 4,Vespertino,M. Hernández,OP031,False,25.011,25.0,No se registró la hora de la medición.,0.875,OK,OK,OK,OK,OK,No OK sin acción,OK,OK
1173,2026-04-30,Línea 4,Vespertino,L. Cruz,OP010,False,25.008,25.0,"Operador se adelanta al tiempo estándar, riesgo de omitir pasos.",0.938,OK,OK,OK,OK,OK,OK,No OK con acción,OK
1175,2026-05-01,Línea 1,Matutino,M. Hernández,OP016,False,24.982,25.0,Todo en orden durante la auditoría.,1.0,OK,OK,OK,OK,OK,OK,OK,OK
1177,2026-05-01,Línea 2,Matutino,L. Cruz,OP027,False,25.05,25.0,"Bata y calzado de seguridad correctos, pero sin cofia. Operador se adelanta al tiempo estándar, riesgo de omitir pasos.",0.875,No OK con acción,OK,OK,OK,OK,OK,No OK con acción,OK
1176,2026-05-01,Línea 3,Vespertino,A. Torres,OP014,False,24.996,25.0,Acumulación de material en pasillo de evacuación.,0.938,OK,OK,OK,OK,No OK con acción,OK,OK,OK
1178,2026-05-01,Línea 4,Vespertino,A. Torres,OP003,False,25.0,25.0,"Operador se adelanta al tiempo estándar, riesgo de omitir pasos.",0.938,OK,OK,OK,OK,OK,OK,No OK con acción,OK
1183,2026-05-02,Línea 1,Matutino,M. Hernández,OP006,False,24.999,25.0,Todo en orden durante la auditoría.,1.0,OK,OK,OK,OK,OK,OK,OK,OK
1180,2026-05-02,Línea 2,Matutino,L. Cruz,OP019,False,25.036,25.0,Operación conforme al estándar de la operación.,1.0,OK,OK,OK,OK,OK,OK,OK,OK
1181,2026-05-02,Línea 2,Matutino,M. Hernández,OP029,True,25.029,25.0,"Certificación vigente pero próxima a vencer, requiere recertificación. Tiempo de ciclo por encima del estándar, genera cuello de botella.",0.75,OK,OK,OK,No OK sin acción,OK,OK,No OK sin acción,OK
1182,2026-05-02,Línea 3,Nocturno,M. Hernández,OP019,False,24.989,25.0,"Tiempo de ciclo por encima del estándar, genera cuello de botella.",0.938,OK,OK,OK,OK,OK,OK,No OK con acción,OK
1179,2026-05-02,Línea 3,Vespertino,A. Torres,OP029,False,24.984,25.0,Todo en orden durante la auditoría.,1.0,OK,OK,OK,OK,OK,OK,OK,OK
1185,2026-05-03,Línea 1,Vespertino,M. Hernández,OP035,False,24.948,25.0,"Tiempo de ciclo por encima del estándar, genera cuello de botella.",0.938,OK,OK,OK,OK,OK,OK,No OK con acción,OK
1186,2026-05-03,Línea 2,Nocturno,L. Cruz,OP007,False,24.991,25.0,"No se registró la hora de la medición. Tiempo de ciclo por encima del estándar, genera cuello de botella.",0.875,OK,OK,OK,OK,OK,No OK con acción,No OK con acción,OK
1184,2026-05-03,Línea 4,Matutino,J. Ramírez,OP026,True,24.974,25.0,Operador de otra línea cubre ausentismo sin entrenamiento formal.,0.938,OK,OK,OK,No OK con acción,OK,OK,OK,OK
1187,2026-05-04,Línea 1,Matutino,J. Ramírez,OP007,True,24.989,25.0,"Certificación vigente pero próxima a vencer, requiere recertificación.",0.938,OK,OK,OK,No OK con acción,OK,OK,OK,OK
1188,2026-05-04,Línea 1,Nocturno,M. Hernández,OP012,False,24.992,25.0,"Datos capturados con letra ilegible / con tachaduras. Tiempo de ciclo por encima del estándar, genera cuello de botella.",0.75,OK,OK,OK,OK,OK,No OK sin acción,No OK sin acción,OK
1190,2026-05-04,Línea 3,Vespertino,J. Ramírez,OP003,False,24.996,25.0,Operación conforme al estándar de la operación.,1.0,OK,OK,OK,OK,OK,OK,OK,OK
1189,2026-05-04,Línea 4,Matutino,L. Cruz,OP010,False,24.996,25.0,"Operador se adelanta al tiempo estándar, riesgo de omitir pasos.",0.938,OK,OK,OK,OK,OK,OK,No OK con acción,OK
1191,2026-05-05,Línea 2,Matutino,M. Hernández,OP013,False,25.021,25.0,Operación conforme al estándar de la operación.,1.0,OK,OK,OK,OK,OK,OK,OK,OK
1192,2026-05-05,Línea 3,Matutino,L. Cruz,OP010,False,24.978,25.0,"Sin observaciones, cumple con el estándar.",1.0,OK,OK,OK,OK,OK,OK,OK,OK
1193,2026-05-06,Línea 1,Matutino,A. Torres,OP022,False,25.027,25.0,"Operador se adelanta al tiempo estándar, riesgo de omitir pasos.",0.938,OK,OK,OK,OK,OK,OK,No OK con acción,OK
1197,2026-05-06,Línea 1,Matutino,M. Hernández,OP036,False,24.985,25.0,"Sin observaciones, cumple con el estándar.",1.0,OK,OK,OK,OK,OK,OK,OK,OK
1196,2026-05-06,Línea 1,Nocturno,J. Ramírez,OP022,False,25.02,25.0,Operador cubre la estación sin estar certificado en la matriz de polivalencia.,0.875,OK,OK,OK,No OK sin acción,OK,OK,OK,OK
1194,2026-05-06,Línea 3,Nocturno,A. Torres,OP014,False,25.067,25.0,"Operador no verifica cero del vernier antes de medir. Tiempo de ciclo por encima del estándar, genera cuello de botella.",0.875,OK,No OK con acción,OK,OK,OK,OK,No OK con acción,OK
1195,2026-05-06,Línea 4,Vespertino,L. Cruz,OP022,False,24.983,25.0,"Sin observaciones, cumple con el estándar.",1.0,OK,OK,OK,OK,OK,OK,OK,OK
1198,2026-05-07,Línea 2,Matutino,L. Cruz,OP036,False,24.988,25.0,"Sin observaciones, cumple con el estándar.",1.0,OK,OK,OK,OK,OK,OK,OK,OK
1200,2026-05-07,Línea 2,Matutino,L. Cruz,OP025,False,24.997,25.0,Operación conforme al estándar de la operación.,1.0,OK,OK,OK,OK,OK,OK,OK,OK
1199,2026-05-07,Línea 4,Vespertino,A. Torres,OP031,False,25.015,25.0,Operación conforme al estándar de la operación.,1.0,OK,OK,OK,OK,OK,OK,OK,OK
1205,2026-05-08,Línea 1,Vespertino,J. Ramírez,OP030,False,25.003,25.0,Todo en orden durante la auditoría.,1.0,OK,OK,OK,OK,OK,OK,OK,OK
1204,2026-05-08,Línea 3,Matutino,M. Hernández,OP015,False,25.009,25.0,Etiqueta de no conformidad mal llenada.,0.938,OK,OK,OK,OK,OK,OK,OK,No OK con acción
1203,2026-05-08,Línea 3,Nocturno,J. Ramírez,OP019,False,25.015,25.0,"Sin observaciones, cumple con el estándar.",1.0,OK,OK,OK,OK,OK,OK,OK,OK
1201,2026-05-08,Línea 3,Vespertino,J. Ramírez,OP032,False,24.975,25.0,Producto sospechoso mezclado con producto bueno.,0.938,OK,OK,OK,OK,OK,OK,OK,No OK con acción
1202,2026-05-08,Línea 4,Nocturno,M. Hernández,OP035,False,24.996,25.0,Operador realiza secuencia distinta a la instrucción de trabajo vigente.,0.938,OK,OK,No OK con acción,OK,OK,OK,OK,OK
1206,2026-05-09,Línea 1,Nocturno,M. Hernández,OP030,False,25.004,25.0,Operador cubre la estación sin estar certificado en la matriz de polivalencia.,0.875,OK,OK,OK,No OK sin acción,OK,OK,OK,OK
1210,2026-05-09,Línea 1,Nocturno,L. Cruz,OP006,False,24.978,25.0,No tiene la IT disponible en el puesto de trabajo. Producto sospechoso mezclado con producto bueno.,0.812,OK,OK,No OK sin acción,OK,OK,OK,OK,No OK con acción
1207,2026-05-09,Línea 3,Matutino,L. Cruz,OP019,False,25.0,25.0,Operación conforme al estándar de la operación.,1.0,OK,OK,OK,OK,OK,OK,OK,OK
1208,2026-05-09,Línea 3,Vespertino,J. Ramírez,OP007,False,24.996,25.0,Operador no verifica cero del vernier antes de medir. Etiqueta de no conformidad mal llenada.,0.812,OK,No OK sin acción,OK,OK,OK,OK,OK,No OK con acción
1209,2026-05-09,Línea 4,Vespertino,M. Hernández,OP027,False,25.033,25.0,Operador sin lentes de seguridad al momento de la auditoría. Omite paso de verificación intermedio marcado en la IT.,0.812,No OK sin acción,OK,No OK con acción,OK,OK,OK,OK,OK
1213,2026-05-10,Línea 1,Vespertino,L. Cruz,OP022,False,25.002,25.0,"Operador se adelanta al tiempo estándar, riesgo de omitir pasos.",0.938,OK,OK,OK,OK,OK,OK,No OK con acción,OK
1211,2026-05-10,Línea 2,Matutino,M. Hernández,OP030,False,25.001,25.0,Operación conforme al estándar de la operación.,1.0,OK,OK,OK,OK,OK,OK,OK,OK
1212,2026-05-10,Línea 3,Nocturno,L. Cruz,OP009,True,25.011,25.0,"Falta guantes de protección, se corrigió en el momento. IT desactualizada en el puesto, no coincide con el proceso actual. Certificación vigente pero próxima a vencer, requiere recertificación. No se registró la hora de la medición. Operador se adelanta al tiempo estándar, riesgo de omitir pasos.",0.562,No OK con acción,OK,No OK sin acción,No OK sin acción,OK,No OK con acción,No OK con acción,OK
1216,2026-05-11,Línea 1,Vespertino,A. Torres,OP038,False,25.011,25.0,"IT desactualizada en el puesto, no coincide con el proceso actual. Registro de calidad incompleto en el turno.",0.812,OK,OK,No OK sin acción,OK,OK,No OK con acción,OK,OK
1214,2026-05-11,Línea 3,Matutino,A. Torres,OP003,False,25.031,25.0,"Sin observaciones, cumple con el estándar.",1.0,OK,OK,OK,OK,OK,OK,OK,OK
1215,2026-05-11,Línea 3,Nocturno,A. Torres,OP013,False,24.967,25.0,No registra la medición en el formato de control. Operador de otra línea cubre ausentismo sin entrenamiento formal. Pieza no conforme detectada sin segregar en área roja.,0.812,OK,No OK con acción,OK,No OK con acción,OK,OK,OK,No OK con acción
1217,2026-05-11,Línea 3,Nocturno,A. Torres,OP032,False,25.014,25.0,"Contenedores de scrap sin identificar correctamente. Tiempo de ciclo por encima del estándar, genera cuello de botella. Pieza no conforme detectada sin segregar en área roja.",0.812,OK,OK,OK,OK,No OK con acción,OK,No OK con acción,No OK con acción
1221,2026-05-12,Línea 1,Matutino,J. Ramírez,OP020,False,25.006,25.0,Operación conforme al estándar de la operación.,1.0,OK,OK,OK,OK,OK,OK,OK,OK
1222,2026-05-12,Línea 1,Matutino,M. Hernández,OP022,False,24.972,25.0,No tiene la IT disponible en el puesto de trabajo.,0.875,OK,OK,No OK sin acción,OK,OK,OK,OK,OK
1219,2026-05-12,Línea 1,Nocturno,L. Cruz,OP020,False,24.986,25.0,Operador de otra línea cubre ausentismo sin entrenamiento formal. Contenedores de scrap sin identificar correctamente.,0.875,OK,OK,OK,No OK con acción,No OK con acción,OK,OK,OK
1218,2026-05-12,Línea 3,Vespertino,M. Hernández,OP017,False,24.994,25.0,"Vernier fuera de calibración vigente, se retiró de línea.",0.938,OK,No OK con acción,OK,OK,OK,OK,OK,OK
1220,2026-05-12,Línea 4,Matutino,A. Torres,OP034,False,24.939,25.0,"No registra la medición en el formato de control. IT desactualizada en el puesto, no coincide con el proceso actual.",0.812,OK,No OK sin acción,No OK con acción,OK,OK,OK,OK,OK
1225,2026-05-13,Línea 1,Nocturno,L. Cruz,OP039,False,25.023,25.0,"Tiempo de ciclo por encima del estándar, genera cuello de botella.",0.938,OK,OK,OK,OK,OK,OK,No OK con acción,OK
1223,2026-05-13,Línea 3,Matutino,M. Hernández,OP003,False,25.019,25.0,Herramientas fuera de su lugar identificado.,0.938,OK,OK,OK,OK,No OK con acción,OK,OK,OK
1224,2026-05-13,Línea 3,Matutino,L. Cruz,OP010,False,24.98,25.0,Contenedores de scrap sin identificar correctamente.,0.938,OK,OK,OK,OK,No OK con acción,OK,OK,OK
1228,2026-05-14,Línea 1,Matutino,A. Torres,OP016,False,24.978,25.0,Todo en orden durante la auditoría.,1.0,OK,OK,OK,OK,OK,OK,OK,OK
1227,2026-05-14,Línea 2,Vespertino,L. Cruz,OP011,False,24.978,25.0,Todo en orden durante la auditoría.,1.0,OK,OK,OK,OK,OK,OK,OK,OK
1226,2026-05-14,Línea 4,Nocturno,A. Torres,OP012,True,24.95,25.0,"Falta guantes de protección, se corrigió en el momento. No registra la medición en el formato de control. Operador cubre la estación sin estar certificado en la matriz de polivalencia.",0.625,No OK sin acción,No OK sin acción,OK,No OK sin acción,OK,OK,OK,OK
1230,2026-05-15,Línea 1,Matutino,M. Hernández,OP038,False,25.005,25.0,Todo en orden durante la auditoría.,1.0,OK,OK,OK,OK,OK,OK,OK,OK
1229,2026-05-15,Línea 1,Nocturno,L. Cruz,OP010,True,24.987,25.0,Operador cubre la estación sin estar certificado en la matriz de polivalencia. Herramientas fuera de su lugar identificado.,0.75,OK,OK,OK,No OK sin acción,No OK sin acción,OK,OK,OK
1234,2026-05-16,Línea 2,Matutino,A. Torres,OP027,False,24.977,25.0,"Sin observaciones, cumple con el estándar.",1.0,OK,OK,OK,OK,OK,OK,OK,OK
1232,2026-05-16,Línea 3,Matutino,L. Cruz,OP024,False,25.011,25.0,"Sin observaciones, cumple con el estándar.",1.0,OK,OK,OK,OK,OK,OK,OK,OK
1231,2026-05-16,Línea 3,Vespertino,M. Hernández,OP031,False,24.986,25.0,Operación conforme al estándar de la operación.,1.0,OK,OK,OK,OK,OK,OK,OK,OK
1233,2026-05-16,Línea 3,Vespertino,L. Cruz,OP010,False,25.03,25.0,"Tiempo de ciclo por encima del estándar, genera cuello de botella.",0.938,OK,OK,OK,OK,OK,OK,No OK con acción,OK
1237,2026-05-17,Línea 1,Matutino,L. Cruz,OP005,True,24.978,25.0,Operador de otra línea cubre ausentismo sin entrenamiento formal.,0.875,OK,OK,OK,No OK sin acción,OK,OK,OK,OK
1235,2026-05-17,Línea 1,Nocturno,A. Torres,OP022,False,25.0,25.0,"Falta guantes de protección, se corrigió en el momento. No registra la medición en el formato de control.",0.875,No OK con acción,No OK con acción,OK,OK,OK,OK,OK,OK
1239,2026-05-17,Línea 2,Matutino,M. Hernández,OP011,False,25.008,25.0,Todo en orden durante la auditoría.,1.0,OK,OK,OK,OK,OK,OK,OK,OK
1236,2026-05-17,Línea 2,Vespertino,M. Hernández,OP009,False,25.01,25.0,"Sin observaciones, cumple con el estándar.",1.0,OK,OK,OK,OK,OK,OK,OK,OK
1238,2026-05-17,Línea 4,Matutino,L. Cruz,OP020,False,25.008,25.0,"Sin observaciones, cumple con el estándar.",1.0,OK,OK,OK,OK,OK,OK,OK,OK
1240,2026-05-18,Línea 1,Matutino,A. Torres,OP004,False,25.021,25.0,Registro de calidad incompleto en el turno.,0.938,OK,OK,OK,OK,OK,No OK con acción,OK,OK
1244,2026-05-18,Línea 1,Matutino,M. Hernández,OP018,False,25.009,25.0,"No registra la medición en el formato de control. Tiempo de ciclo por encima del estándar, genera cuello de botella.",0.812,OK,No OK con acción,OK,OK,OK,OK,No OK sin acción,OK
1241,2026-05-18,Línea 1,Nocturno,M. Hernández,OP015,True,24.995,25.0,"Certificación vigente pero próxima a vencer, requiere recertificación.",0.875,OK,OK,OK,No OK sin acción,OK,OK,OK,OK
1242,2026-05-18,Línea 1,Nocturno,A. Torres,OP016,False,24.966,25.0,Contenedores de scrap sin identificar correctamente. Producto sospechoso mezclado con producto bueno.,0.875,OK,OK,OK,OK,No OK con acción,OK,OK,No OK con acción
1243,2026-05-18,Línea 2,Matutino,A. Torres,OP037,True,25.006,25.0,Pieza no conforme detectada sin segregar en área roja.,0.938,OK,OK,OK,OK,OK,OK,OK,No OK con acción
1245,2026-05-19,Línea 1,Vespertino,M. Hernández,OP036,False,25.019,25.0,No se registró la hora de la medición.,0.938,OK,OK,OK,OK,OK,No OK con acción,OK,OK
1246,2026-05-19,Línea 1,Vespertino,J. Ramírez,OP015,True,25.006,25.0,"IT desactualizada en el puesto, no coincide con el proceso actual. Operador de otra línea cubre ausentismo sin entrenamiento formal.",0.75,OK,OK,No OK sin acción,No OK sin acción,OK,OK,OK,OK
1247,2026-05-19,Línea 4,Matutino,A. Torres,OP014,False,25.003,25.0,"Sin observaciones, cumple con el estándar.",1.0,OK,OK,OK,OK,OK,OK,OK,OK
1248,2026-05-19,Línea 4,Vespertino,A. Torres,OP010,False,24.972,25.0,"Sin observaciones, cumple con el estándar.",1.0,OK,OK,OK,OK,OK,OK,OK,OK
1250,2026-05-20,Línea 2,Nocturno,A. Torres,OP008,False,25.003,25.0,Registro de calidad incompleto en el turno. Etiqueta de no conformidad mal llenada.,0.875,OK,OK,OK,OK,OK,No OK con acción,OK,No OK con acción
1251,2026-05-20,Línea 2,Vespertino,J. Ramírez,OP036,False,24.999,25.0,"Sin observaciones, cumple con el estándar.",1.0,OK,OK,OK,OK,OK,OK,OK,OK
1249,2026-05-20,Línea 3,Vespertino,J. Ramírez,OP030,False,24.99,25.0,"Sin observaciones, cumple con el estándar.",1.0,OK,OK,OK,OK,OK,OK,OK,OK
1252,2026-05-21,Línea 2,Nocturno,J. Ramírez,OP008,False,25.037,25.0,Operador sin lentes de seguridad al momento de la auditoría.,0.938,No OK con acción,OK,OK,OK,OK,OK,OK,OK
1254,2026-05-21,Línea 3,Matutino,M. Hernández,OP013,False,25.015,25.0,Todo en orden durante la auditoría.,1.0,OK,OK,OK,OK,OK,OK,OK,OK
1253,2026-05-21,Línea 4,Nocturno,M. Hernández,OP034,False,25.037,25.0,"Sin observaciones, cumple con el estándar.",1.0,OK,OK,OK,OK,OK,OK,OK,OK
1256,2026-05-22,Línea 1,Vespertino,A. Torres,OP011,True,24.979,25.0,Operador de otra línea cubre ausentismo sin entrenamiento formal.,0.938,OK,OK,OK,No OK con acción,OK,OK,OK,OK
1257,2026-05-22,Línea 2,Matutino,M. Hernández,OP013,False,25.015,25.0,Producto sospechoso mezclado con producto bueno.,0.875,OK,OK,OK,OK,OK,OK,OK,No OK sin acción
1255,2026-05-22,Línea 2,Nocturno,A. Torres,OP022,False,25.035,25.0,Registro de calidad incompleto en el turno.,0.938,OK,OK,OK,OK,OK,No OK con acción,OK,OK
1258,2026-05-22,Línea 3,Vespertino,M. Hernández,OP031,False,24.995,25.0,Todo en orden durante la auditoría.,1.0,OK,OK,OK,OK,OK,OK,OK,OK
1262,2026-05-23,Línea 1,Matutino,M. Hernández,OP016,False,24.969,25.0,"Vernier fuera de calibración vigente, se retiró de línea.",0.875,OK,No OK sin acción,OK,OK,OK,OK,OK,OK
1260,2026-05-23,Línea 1,Nocturno,M. Hernández,OP031,False,25.014,25.0,Registro de calidad incompleto en el turno.,0.938,OK,OK,OK,OK,OK,No OK con acción,OK,OK
1259,2026-05-23,Línea 1,Vespertino,A. Torres,OP016,False,24.981,25.0,"Sin observaciones, cumple con el estándar.",1.0,OK,OK,OK,OK,OK,OK,OK,OK
1261,2026-05-23,Línea 2,Matutino,L. Cruz,OP022,False,24.979,25.0,Operación conforme al estándar de la operación.,1.0,OK,OK,OK,OK,OK,OK,OK,OK
1265,2026-05-24,Línea 2,Nocturno,L. Cruz,OP017,False,25.018,25.0,Operación conforme al estándar de la operación.,1.0,OK,OK,OK,OK,OK,OK,OK,OK
1266,2026-05-24,Línea 2,Nocturno,L. Cruz,OP010,False,25.028,25.0,"Registro de calidad incompleto en el turno. Operador se adelanta al tiempo estándar, riesgo de omitir pasos.",0.812,OK,OK,OK,OK,OK,No OK con acción,No OK sin acción,OK
1264,2026-05-24,Línea 3,Matutino,L. Cruz,OP021,False,25.021,25.0,Operación conforme al estándar de la operación.,1.0,OK,OK,OK,OK,OK,OK,OK,OK
1263,2026-05-24,Línea 3,Nocturno,L. Cruz,OP028,True,25.045,25.0,No registra la medición en el formato de control. Operador cubre la estación sin estar certificado en la matriz de polivalencia.,0.875,OK,No OK con acción,OK,No OK con acción,OK,OK,OK,OK
1267,2026-05-24,Línea 4,Vespertino,J. Ramírez,OP013,True,24.973,25.0,"Certificación vigente pero próxima a vencer, requiere recertificación.",0.938,OK,OK,OK,No OK con acción,OK,OK,OK,OK
1268,2026-05-25,Línea 1,Nocturno,L. Cruz,OP037,True,25.015,25.0,"Operador cubre la estación sin estar certificado en la matriz de polivalencia. Operador se adelanta al tiempo estándar, riesgo de omitir pasos.",0.875,OK,OK,OK,No OK con acción,OK,OK,No OK con acción,OK
1270,2026-05-25,Línea 1,Vespertino,M. Hernández,OP039,False,25.009,25.0,"Registro de calidad incompleto en el turno. Tiempo de ciclo por encima del estándar, genera cuello de botella. Producto sospechoso mezclado con producto bueno.",0.688,OK,OK,OK,OK,OK,No OK sin acción,No OK sin acción,No OK con acción
1269,2026-05-25,Línea 2,Nocturno,L. Cruz,OP025,False,25.017,25.0,"Sin observaciones, cumple con el estándar.",1.0,OK,OK,OK,OK,OK,OK,OK,OK
1271,2026-05-25,Línea 4,Matutino,J. Ramírez,OP040,False,24.998,25.0,"Operador se adelanta al tiempo estándar, riesgo de omitir pasos.",0.938,OK,OK,OK,OK,OK,OK,No OK con acción,OK
1272,2026-05-25,Línea 4,Nocturno,A. Torres,OP036,True,24.978,25.0,Operador no verifica cero del vernier antes de medir. Operador cubre la estación sin estar certificado en la matriz de polivalencia. No se registró la hora de la medición.,0.75,OK,No OK sin acción,OK,No OK con acción,OK,No OK con acción,OK,OK
1273,2026-05-26,Línea 1,Vespertino,M. Hernández,OP030,False,25.012,25.0,Todo en orden durante la auditoría.,1.0,OK,OK,OK,OK,OK,OK,OK,OK
1274,2026-05-26,Línea 4,Vespertino,A. Torres,OP005,False,24.942,25.0,"Técnica de medición incorrecta, genera lecturas variables. Operador realiza secuencia distinta a la instrucción de trabajo vigente.",0.812,OK,No OK sin acción,No OK con acción,OK,OK,OK,OK,OK
1276,2026-05-27,Línea 2,Vespertino,J. Ramírez,OP010,False,24.976,25.0,"Sin observaciones, cumple con el estándar.",1.0,OK,OK,OK,OK,OK,OK,OK,OK
1275,2026-05-27,Línea 4,Matutino,L. Cruz,OP014,False,25.026,25.0,"Vernier fuera de calibración vigente, se retiró de línea.",0.875,OK,No OK sin acción,OK,OK,OK,OK,OK,OK
1277,2026-05-27,Línea 4,Vespertino,A. Torres,OP027,False,25.008,25.0,"Tiempo de ciclo por encima del estándar, genera cuello de botella.",0.938,OK,OK,OK,OK,OK,OK,No OK con acción,OK
1279,2026-05-28,Línea 1,Nocturno,J. Ramírez,OP035,False,25.014,25.0,Datos capturados con letra ilegible / con tachaduras.,0.938,OK,OK,OK,OK,OK,No OK con acción,OK,OK
1282,2026-05-28,Línea 4,Matutino,M. Hernández,OP031,False,24.98,25.0,No se registró la hora de la medición.,0.875,OK,OK,OK,OK,OK,No OK sin acción,OK,OK
1280,2026-05-28,Línea 4,Nocturno,J. Ramírez,OP027,False,25.074,25.0,Operador no verifica cero del vernier antes de medir. Omite paso de verificación intermedio marcado en la IT. Datos capturados con letra ilegible / con tachaduras.,0.75,OK,No OK con acción,No OK sin acción,OK,OK,No OK con acción,OK,OK
1278,2026-05-28,Línea 4,Vespertino,A. Torres,OP031,False,24.982,25.0,"Sin observaciones, cumple con el estándar.",1.0,OK,OK,OK,OK,OK,OK,OK,OK
1281,2026-05-28,Línea 4,Vespertino,J. Ramírez,OP016,False,24.981,25.0,Acumulación de material en pasillo de evacuación.,0.938,OK,OK,OK,OK,No OK con acción,OK,OK,OK
1283,2026-05-29,Línea 3,Matutino,J. Ramírez,OP009,True,24.98,25.0,"Omite paso de verificación intermedio marcado en la IT. Certificación vigente pero próxima a vencer, requiere recertificación. Operador se adelanta al tiempo estándar, riesgo de omitir pasos.",0.812,OK,OK,No OK con acción,No OK con acción,OK,OK,No OK con acción,OK
1285,2026-05-29,Línea 3,Nocturno,L. Cruz,OP007,False,24.984,25.0,Tapones auditivos no colocados correctamente.,0.875,No OK sin acción,OK,OK,OK,OK,OK,OK,OK
1284,2026-05-29,Línea 4,Matutino,M. Hernández,OP020,False,25.003,25.0,Operación conforme al estándar de la operación.,1.0,OK,OK,OK,OK,OK,OK,OK,OK
1286,2026-05-29,Línea 4,Vespertino,A. Torres,OP003,False,25.018,25.0,Operador no verifica cero del vernier antes de medir.,0.938,OK,No OK con acción,OK,OK,OK,OK,OK,OK
1290,2026-05-30,Línea 1,Nocturno,L. Cruz,OP016,False,25.031,25.0,"Sin observaciones, cumple con el estándar.",1.0,OK,OK,OK,OK,OK,OK,OK,OK
1288,2026-05-30,Línea 2,Matutino,J. Ramírez,OP028,False,25.028,25.0,Todo en orden durante la auditoría.,1.0,OK,OK,OK,OK,OK,OK,OK,OK
1289,2026-05-30,Línea 3,Matutino,M. Hernández,OP014,False,24.986,25.0,"Certificación vigente pero próxima a vencer, requiere recertificación. Operador se adelanta al tiempo estándar, riesgo de omitir pasos.",0.875,OK,OK,OK,No OK con acción,OK,OK,No OK con acción,OK
1287,2026-05-30,Línea 4,Vespertino,A. Torres,OP034,False,25.026,25.0,"Vernier fuera de calibración vigente, se retiró de línea.",0.875,OK,No OK sin acción,OK,OK,OK,OK,OK,OK
1292,2026-05-31,Línea 1,Matutino,J. Ramírez,OP020,False,24.944,25.0,Datos capturados con letra ilegible / con tachaduras.,0.938,OK,OK,OK,OK,OK,No OK con acción,OK,OK
1293,2026-05-31,Línea 1,Matutino,A. Torres,OP002,False,25.005,25.0,No se registró la hora de la medición.,0.938,OK,OK,OK,OK,OK,No OK con acción,OK,OK
1291,2026-05-31,Línea 2,Vespertino,A. Torres,OP019,False,25.019,25.0,No registra la medición en el formato de control.,0.938,OK,No OK con acción,OK,OK,OK,OK,OK,OK
1295,2026-06-01,Línea 3,Matutino,L. Cruz,OP032,False,24.997,25.0,Todo en orden durante la auditoría.,1.0,OK,OK,OK,OK,OK,OK,OK,OK
1294,2026-06-01,Línea 3,Vespertino,A. Torres,OP021,False,24.986,25.0,Todo en orden durante la auditoría.,1.0,OK,OK,OK,OK,OK,OK,OK,OK
1298,2026-06-02,Línea 1,Vespertino,J. Ramírez,OP006,False,25.022,25.0,No tiene la IT disponible en el puesto de trabajo. Acumulación de material en pasillo de evacuación.,0.812,OK,OK,No OK sin acción,OK,No OK con acción,OK,OK,OK
1300,2026-06-02,Línea 3,Nocturno,L. Cruz,OP007,False,25.02,25.0,No tiene la IT disponible en el puesto de trabajo. Contenedores de scrap sin identificar correctamente.,0.812,OK,OK,No OK sin acción,OK,No OK con acción,OK,OK,OK
1299,2026-06-02,Línea 3,Vespertino,J. Ramírez,OP031,False,25.008,25.0,Operación conforme al estándar de la operación.,1.0,OK,OK,OK,OK,OK,OK,OK,OK
1296,2026-06-02,Línea 4,Nocturno,L. Cruz,OP031,False,24.984,25.0,"Sin observaciones, cumple con el estándar.",1.0,OK,OK,OK,OK,OK,OK,OK,OK
1297,2026-06-02,Línea 4,Nocturno,M. Hernández,OP022,False,25.034,25.0,Operación conforme al estándar de la operación.,1.0,OK,OK,OK,OK,OK,OK,OK,OK
1301,2026-06-03,Línea 2,Matutino,M. Hernández,OP019,False,25.008,25.0,No se registró la hora de la medición.,0.938,OK,OK,OK,OK,OK,No OK con acción,OK,OK
1302,2026-06-03,Línea 3,Vespertino,M. Hernández,OP003,False,25.001,25.0,Todo en orden durante la auditoría.,1.0,OK,OK,OK,OK,OK,OK,OK,OK
1304,2026-06-04,Línea 2,Matutino,M. Hernández,OP007,False,25.001,25.0,Operación conforme al estándar de la operación.,1.0,OK,OK,OK,OK,OK,OK,OK,OK
1303,2026-06-04,Línea 3,Matutino,M. Hernández,OP009,True,24.991,25.0,"Omite paso de verificación intermedio marcado en la IT. Certificación vigente pero próxima a vencer, requiere recertificación. Operador se adelanta al tiempo estándar, riesgo de omitir pasos.",0.688,OK,OK,No OK con acción,No OK sin acción,OK,OK,No OK sin acción,OK
1305,2026-06-05,Línea 1,Matutino,A. Torres,OP022,False,24.996,25.0,Todo en orden durante la auditoría.,1.0,OK,OK,OK,OK,OK,OK,OK,OK
1307,2026-06-05,Línea 2,Nocturno,M. Hernández,OP022,False,25.026,25.0,"Sin observaciones, cumple con el estándar.",1.0,OK,OK,OK,OK,OK,OK,OK,OK
1306,2026-06-05,Línea 3,Vespertino,A. Torres,OP013,False,25.048,25.0,No registra la medición en el formato de control. Omite paso de verificación intermedio marcado en la IT.,0.75,OK,No OK sin acción,No OK sin acción,OK,OK,OK,OK,OK
1310,2026-06-06,Línea 1,Matutino,J. Ramírez,OP029,True,24.961,25.0,No tiene la IT disponible en el puesto de trabajo. Operador de otra línea cubre ausentismo sin entrenamiento formal.,0.812,OK,OK,No OK sin acción,No OK con acción,OK,OK,OK,OK
1309,2026-06-06,Línea 1,Nocturno,A. Torres,OP016,False,24.962,25.0,Operación conforme al estándar de la operación.,1.0,OK,OK,OK,OK,OK,OK,OK,OK
1308,2026-06-06,Línea 2,Nocturno,J. Ramírez,OP006,True,25.009,25.0,"Operador sin lentes de seguridad al momento de la auditoría. Certificación vigente pero próxima a vencer, requiere recertificación. Registro de calidad incompleto en el turno.",0.625,No OK sin acción,OK,OK,No OK sin acción,OK,No OK sin acción,OK,OK
1313,2026-06-07,Línea 1,Nocturno,L. Cruz,OP004,False,25.001,25.0,Tapones auditivos no colocados correctamente.,0.875,No OK sin acción,OK,OK,OK,OK,OK,OK,OK
1311,2026-06-07,Línea 2,Nocturno,L. Cruz,OP015,False,25.01,25.0,"IT desactualizada en el puesto, no coincide con el proceso actual. No se registró la hora de la medición. Producto sospechoso mezclado con producto bueno.",0.688,OK,OK,No OK sin acción,OK,OK,No OK con acción,OK,No OK sin acción
1312,2026-06-07,Línea 3,Matutino,A. Torres,OP017,False,25.006,25.0,"Sin observaciones, cumple con el estándar.",1.0,OK,OK,OK,OK,OK,OK,OK,OK
1315,2026-06-07,Línea 3,Nocturno,A. Torres,OP007,False,24.996,25.0,No tiene la IT disponible en el puesto de trabajo.,0.875,OK,OK,No OK sin acción,OK,OK,OK,OK,OK
1314,2026-06-07,Línea 3,Vespertino,M. Hernández,OP029,False,25.001,25.0,Operación conforme al estándar de la operación.,1.0,OK,OK,OK,OK,OK,OK,OK,OK
1316,2026-06-08,Línea 2,Vespertino,A. Torres,OP008,False,24.998,25.0,Operador realiza secuencia distinta a la instrucción de trabajo vigente.,0.875,OK,OK,No OK sin acción,OK,OK,OK,OK,OK
1319,2026-06-08,Línea 2,Vespertino,L. Cruz,OP036,False,25.049,25.0,"Técnica de medición incorrecta, genera lecturas variables.",0.938,OK,No OK con acción,OK,OK,OK,OK,OK,OK
1320,2026-06-08,Línea 3,Nocturno,L. Cruz,OP030,False,25.003,25.0,"Operador se adelanta al tiempo estándar, riesgo de omitir pasos.",0.938,OK,OK,OK,OK,OK,OK,No OK con acción,OK
1317,2026-06-08,Línea 4,Nocturno,L. Cruz,OP031,False,24.996,25.0,Datos capturados con letra ilegible / con tachaduras.,0.938,OK,OK,OK,OK,OK,No OK con acción,OK,OK
1318,2026-06-08,Línea 4,Nocturno,M. Hernández,OP017,True,24.992,25.0,"Técnica de medición incorrecta, genera lecturas variables. Certificación vigente pero próxima a vencer, requiere recertificación. Datos capturados con letra ilegible / con tachaduras. Tiempo de ciclo por encima del estándar, genera cuello de botella.",0.5,OK,No OK sin acción,OK,No OK sin acción,OK,No OK sin acción,No OK sin acción,OK
1321,2026-06-09,Línea 1,Nocturno,M. Hernández,OP020,False,24.948,25.0,"Falta guantes de protección, se corrigió en el momento. Técnica de medición incorrecta, genera lecturas variables.",0.812,No OK con acción,No OK sin acción,OK,OK,OK,OK,OK,OK
1322,2026-06-09,Línea 1,Nocturno,M. Hernández,OP018,False,25.0,25.0,Todo en orden durante la auditoría.,1.0,OK,OK,OK,OK,OK,OK,OK,OK
1323,2026-06-09,Línea 2,Vespertino,M. Hernández,OP008,False,24.985,25.0,"Sin observaciones, cumple con el estándar.",1.0,OK,OK,OK,OK,OK,OK,OK,OK
1324,2026-06-09,Línea 3,Matutino,J. Ramírez,OP021,False,24.948,25.0,"Operador cubre la estación sin estar certificado en la matriz de polivalencia. Contenedores de scrap sin identificar correctamente. Operador se adelanta al tiempo estándar, riesgo de omitir pasos.",0.75,OK,OK,OK,No OK con acción,No OK sin acción,OK,No OK con acción,OK
1326,2026-06-10,Línea 2,Matutino,A. Torres,OP036,False,25.022,25.0,Todo en orden durante la auditoría.,1.0,OK,OK,OK,OK,OK,OK,OK,OK
1325,2026-06-10,Línea 3,Vespertino,J. Ramírez,OP003,False,24.985,25.0,Todo en orden durante la auditoría.,1.0,OK,OK,OK,OK,OK,OK,OK,OK
1330,2026-06-11,Línea 1,Matutino,J. Ramírez,OP025,True,24.999,25.0,Todo en orden durante la auditoría.,1.0,OK,OK,OK,OK,OK,OK,OK,OK
1327,2026-06-11,Línea 2,Matutino,M. Hernández,OP025,False,25.004,25.0,Todo en orden durante la auditoría.,1.0,OK,OK,OK,OK,OK,OK,OK,OK
1329,2026-06-11,Línea 2,Vespertino,L. Cruz,OP009,False,24.98,25.0,Operación conforme al estándar de la operación.,1.0,OK,OK,OK,OK,OK,OK,OK,OK
1328,2026-06-11,Línea 3,Vespertino,L. Cruz,OP032,False,25.043,25.0,Todo en orden durante la auditoría.,1.0,OK,OK,OK,OK,OK,OK,OK,OK
1331,2026-06-11,Línea 3,Vespertino,M. Hernández,OP013,False,24.992,25.0,Operación conforme al estándar de la operación.,1.0,OK,OK,OK,OK,OK,OK,OK,OK
1333,2026-06-12,Línea 1,Vespertino,A. Torres,OP006,False,25.004,25.0,"Tiempo de ciclo por encima del estándar, genera cuello de botella.",0.875,OK,OK,OK,OK,OK,OK,No OK sin acción,OK
1335,2026-06-12,Línea 2,Matutino,A. Torres,OP005,False,24.999,25.0,No se registró la hora de la medición.,0.938,OK,OK,OK,OK,OK,No OK con acción,OK,OK
1332,2026-06-12,Línea 3,Matutino,J. Ramírez,OP007,False,25.002,25.0,Operación conforme al estándar de la operación.,1.0,OK,OK,OK,OK,OK,OK,OK,OK
1334,2026-06-12,Línea 3,Vespertino,L. Cruz,OP001,True,24.989,25.0,Operador de otra línea cubre ausentismo sin entrenamiento formal.,0.938,OK,OK,OK,No OK con acción,OK,OK,OK,OK
1336,2026-06-13,Línea 2,Vespertino,J. Ramírez,OP013,False,24.981,25.0,Registro de calidad incompleto en el turno.,0.875,OK,OK,OK,OK,OK,No OK sin acción,OK,OK
1337,2026-06-13,Línea 4,Matutino,A. Torres,OP035,False,25.01,25.0,Todo en orden durante la auditoría.,1.0,OK,OK,OK,OK,OK,OK,OK,OK
1338,2026-06-13,Línea 4,Matutino,M. Hernández,OP040,False,25.029,25.0,Operación conforme al estándar de la operación.,1.0,OK,OK,OK,OK,OK,OK,OK,OK
1340,2026-06-14,Línea 2,Matutino,L. Cruz,OP008,False,25.012,25.0,"Operador se adelanta al tiempo estándar, riesgo de omitir pasos.",0.875,OK,OK,OK,OK,OK,OK,No OK sin acción,OK
1339,2026-06-14,Línea 2,Nocturno,A. Torres,OP013,False,25.011,25.0,Todo en orden durante la auditoría.,1.0,OK,OK,OK,OK,OK,OK,OK,OK
1341,2026-06-14,Línea 2,Nocturno,L. Cruz,OP007,False,25.036,25.0,Todo en orden durante la auditoría.,1.0,OK,OK,OK,OK,OK,OK,OK,OK
1343,2026-06-14,Línea 2,Nocturno,L. Cruz,OP036,False,24.98,25.0,"Registro de calidad incompleto en el turno. Tiempo de ciclo por encima del estándar, genera cuello de botella. Producto sospechoso mezclado con producto bueno.",0.688,OK,OK,OK,OK,OK,No OK con acción,No OK sin acción,No OK sin acción
1342,2026-06-14,Línea 3,Vespertino,M. Hernández,OP008,False,25.001,25.0,Operación conforme al estándar de la operación.,1.0,OK,OK,OK,OK,OK,OK,OK,OK
1344,2026-06-15,Línea 2,Nocturno,L. Cruz,OP013,False,24.997,25.0,Omite paso de verificación intermedio marcado en la IT. Contenedores de scrap sin identificar correctamente.,0.812,OK,OK,No OK sin acción,OK,No OK con acción,OK,OK,OK
1346,2026-06-15,Línea 4,Matutino,L. Cruz,OP020,False,24.995,25.0,"Operador se adelanta al tiempo estándar, riesgo de omitir pasos.",0.875,OK,OK,OK,OK,OK,OK,No OK sin acción,OK
1345,2026-06-15,Línea 4,Nocturno,J. Ramírez,OP016,False,25.047,25.0,"Herramientas fuera de su lugar identificado. Tiempo de ciclo por encima del estándar, genera cuello de botella.",0.812,OK,OK,OK,OK,No OK con acción,OK,No OK sin acción,OK
1347,2026-06-16,Línea 1,Matutino,A. Torres,OP001,False,24.983,25.0,Todo en orden durante la auditoría.,1.0,OK,OK,OK,OK,OK,OK,OK,OK
1351,2026-06-16,Línea 1,Matutino,A. Torres,OP039,False,25.017,25.0,Todo en orden durante la auditoría.,1.0,OK,OK,OK,OK,OK,OK,OK,OK
1349,2026-06-16,Línea 2,Matutino,A. Torres,OP025,False,25.03,25.0,"Tiempo de ciclo por encima del estándar, genera cuello de botella.",0.938,OK,OK,OK,OK,OK,OK,No OK con acción,OK
1350,2026-06-16,Línea 2,Matutino,M. Hernández,OP013,False,24.98,25.0,Omite paso de verificación intermedio marcado en la IT. Etiqueta de no conformidad mal llenada.,0.812,OK,OK,No OK sin acción,OK,OK,OK,OK,No OK con acción
1348,2026-06-16,Línea 4,Vespertino,A. Torres,OP035,False,25.037,25.0,"No se registró la hora de la medición. Operador se adelanta al tiempo estándar, riesgo de omitir pasos.",0.812,OK,OK,OK,OK,OK,No OK con acción,No OK sin acción,OK
1354,2026-06-17,Línea 1,Matutino,A. Torres,OP031,False,25.014,25.0,Todo en orden durante la auditoría.,1.0,OK,OK,OK,OK,OK,OK,OK,OK
1352,2026-06-17,Línea 1,Nocturno,A. Torres,OP002,False,25.006,25.0,"Operador se adelanta al tiempo estándar, riesgo de omitir pasos.",0.875,OK,OK,OK,OK,OK,OK,No OK sin acción,OK
1356,2026-06-17,Línea 2,Vespertino,M. Hernández,OP009,False,25.024,25.0,"Sin observaciones, cumple con el estándar.",1.0,OK,OK,OK,OK,OK,OK,OK,OK
1353,2026-06-17,Línea 3,Matutino,M. Hernández,OP030,False,25.016,25.0,"Sin observaciones, cumple con el estándar.",1.0,OK,OK,OK,OK,OK,OK,OK,OK
1355,2026-06-17,Línea 4,Matutino,M. Hernández,OP022,False,25.004,25.0,No se registró la hora de la medición.,0.938,OK,OK,OK,OK,OK,No OK con acción,OK,OK
1358,2026-06-18,Línea 2,Vespertino,M. Hernández,OP015,False,25.006,25.0,No se registró la hora de la medición.,0.938,OK,OK,OK,OK,OK,No OK con acción,OK,OK
1357,2026-06-18,Línea 3,Nocturno,A. Torres,OP030,False,25.004,25.0,"Técnica de medición incorrecta, genera lecturas variables.",0.938,OK,No OK con acción,OK,OK,OK,OK,OK,OK
1360,2026-06-19,Línea 1,Vespertino,M. Hernández,OP030,False,25.01,25.0,"Acumulación de material en pasillo de evacuación. Tiempo de ciclo por encima del estándar, genera cuello de botella.",0.875,OK,OK,OK,OK,No OK con acción,OK,No OK con acción,OK
1359,2026-06-19,Línea 3,Vespertino,J. Ramírez,OP031,False,24.991,25.0,"Datos capturados con letra ilegible / con tachaduras. Tiempo de ciclo por encima del estándar, genera cuello de botella.",0.75,OK,OK,OK,OK,OK,No OK sin acción,No OK sin acción,OK
1361,2026-06-19,Línea 3,Vespertino,J. Ramírez,OP008,False,24.971,25.0,"Vernier fuera de calibración vigente, se retiró de línea. IT desactualizada en el puesto, no coincide con el proceso actual.",0.875,OK,No OK con acción,No OK con acción,OK,OK,OK,OK,OK
1362,2026-06-20,Línea 2,Nocturno,J. Ramírez,OP036,False,24.996,25.0,Operador realiza secuencia distinta a la instrucción de trabajo vigente.,0.938,OK,OK,No OK con acción,OK,OK,OK,OK,OK
1364,2026-06-20,Línea 2,Vespertino,L. Cruz,OP028,False,24.963,25.0,Todo en orden durante la auditoría.,1.0,OK,OK,OK,OK,OK,OK,OK,OK
1363,2026-06-20,Línea 4,Nocturno,J. Ramírez,OP024,False,25.021,25.0,Operación conforme al estándar de la operación.,1.0,OK,OK,OK,OK,OK,OK,OK,OK
1365,2026-06-21,Línea 1,Matutino,M. Hernández,OP001,False,24.991,25.0,Todo en orden durante la auditoría.,1.0,OK,OK,OK,OK,OK,OK,OK,OK
1366,2026-06-21,Línea 2,Nocturno,J. Ramírez,OP017,False,25.006,25.0,Operador no verifica cero del vernier antes de medir. No se registró la hora de la medición.,0.812,OK,No OK sin acción,OK,OK,OK,No OK con acción,OK,OK
1369,2026-06-22,Línea 1,Vespertino,M. Hernández,OP026,False,24.991,25.0,Operación conforme al estándar de la operación.,1.0,OK,OK,OK,OK,OK,OK,OK,OK
1368,2026-06-22,Línea 2,Vespertino,J. Ramírez,OP027,False,24.996,25.0,Todo en orden durante la auditoría.,1.0,OK,OK,OK,OK,OK,OK,OK,OK
1367,2026-06-22,Línea 3,Nocturno,A. Torres,OP003,False,25.023,25.0,Operador cubre la estación sin estar certificado en la matriz de polivalencia. Datos capturados con letra ilegible / con tachaduras.,0.75,OK,OK,OK,No OK sin acción,OK,No OK sin acción,OK,OK
1371,2026-06-23,Línea 4,Nocturno,L. Cruz,OP016,False,25.02,25.0,Todo en orden durante la auditoría.,1.0,OK,OK,OK,OK,OK,OK,OK,OK
1370,2026-06-23,Línea 4,Vespertino,M. Hernández,OP010,False,25.007,25.0,"Tiempo de ciclo por encima del estándar, genera cuello de botella.",0.875,OK,OK,OK,OK,OK,OK,No OK sin acción,OK
1373,2026-06-24,Línea 1,Matutino,M. Hernández,OP036,False,25.017,25.0,Operación conforme al estándar de la operación.,1.0,OK,OK,OK,OK,OK,OK,OK,OK
1374,2026-06-24,Línea 1,Matutino,L. Cruz,OP016,False,24.94,25.0,No registra la medición en el formato de control.,0.938,OK,No OK con acción,OK,OK,OK,OK,OK,OK
1372,2026-06-24,Línea 1,Vespertino,J. Ramírez,OP018,False,24.981,25.0,Todo en orden durante la auditoría.,1.0,OK,OK,OK,OK,OK,OK,OK,OK
1375,2026-06-24,Línea 2,Matutino,L. Cruz,OP009,False,25.038,25.0,"Sin observaciones, cumple con el estándar.",1.0,OK,OK,OK,OK,OK,OK,OK,OK
1379,2026-06-25,Línea 1,Matutino,A. Torres,OP002,False,25.031,25.0,"Tiempo de ciclo por encima del estándar, genera cuello de botella.",0.938,OK,OK,OK,OK,OK,OK,No OK con acción,OK
1378,2026-06-25,Línea 4,Matutino,L. Cruz,OP014,False,25.011,25.0,Operador realiza secuencia distinta a la instrucción de trabajo vigente.,0.875,OK,OK,No OK sin acción,OK,OK,OK,OK,OK
1376,2026-06-25,Línea 4,Nocturno,M. Hernández,OP016,False,24.949,25.0,"Tiempo de ciclo por encima del estándar, genera cuello de botella. Pieza no conforme detectada sin segregar en área roja.",0.75,OK,OK,OK,OK,OK,OK,No OK sin acción,No OK sin acción
1380,2026-06-25,Línea 4,Nocturno,J. Ramírez,OP011,True,25.011,25.0,"Falta guantes de protección, se corrigió en el momento. Datos capturados con letra ilegible / con tachaduras. Operador se adelanta al tiempo estándar, riesgo de omitir pasos. Pieza no conforme detectada sin segregar en área roja.",0.75,No OK con acción,OK,OK,OK,OK,No OK con acción,No OK con acción,No OK con acción
1377,2026-06-25,Línea 4,Vespertino,L. Cruz,OP005,False,24.985,25.0,"Operador no verifica cero del vernier antes de medir. Operador se adelanta al tiempo estándar, riesgo de omitir pasos.",0.875,OK,No OK con acción,OK,OK,OK,OK,No OK con acción,OK
1383,2026-06-26,Línea 1,Matutino,L. Cruz,OP026,False,25.002,25.0,Herramientas fuera de su lugar identificado.,0.938,OK,OK,OK,OK,No OK con acción,OK,OK,OK
1384,2026-06-26,Línea 1,Vespertino,J. Ramírez,OP023,False,24.987,25.0,Operador realiza secuencia distinta a la instrucción de trabajo vigente.,0.938,OK,OK,No OK con acción,OK,OK,OK,OK,OK
1381,2026-06-26,Línea 4,Matutino,J. Ramírez,OP003,False,24.988,25.0,"Sin observaciones, cumple con el estándar.",1.0,OK,OK,OK,OK,OK,OK,OK,OK
1382,2026-06-26,Línea 4,Vespertino,M. Hernández,OP027,False,25.013,25.0,"Vernier fuera de calibración vigente, se retiró de línea. No tiene la IT disponible en el puesto de trabajo. Operador se adelanta al tiempo estándar, riesgo de omitir pasos. Etiqueta de no conformidad mal llenada.",0.688,OK,No OK con acción,No OK con acción,OK,OK,OK,No OK con acción,No OK sin acción
1385,2026-06-27,Línea 3,Nocturno,J. Ramírez,OP030,False,24.998,25.0,Operador realiza secuencia distinta a la instrucción de trabajo vigente. No se registró la hora de la medición.,0.75,OK,OK,No OK sin acción,OK,OK,No OK sin acción,OK,OK
1386,2026-06-27,Línea 3,Vespertino,L. Cruz,OP029,False,24.978,25.0,"Sin observaciones, cumple con el estándar.",1.0,OK,OK,OK,OK,OK,OK,OK,OK
1387,2026-06-28,Línea 1,Vespertino,L. Cruz,OP038,False,25.039,25.0,"Técnica de medición incorrecta, genera lecturas variables.",0.875,OK,No OK sin acción,OK,OK,OK,OK,OK,OK
1388,2026-06-28,Línea 3,Matutino,M. Hernández,OP029,False,24.997,25.0,No registra la medición en el formato de control. Omite paso de verificación intermedio marcado en la IT.,0.75,OK,No OK sin acción,No OK sin acción,OK,OK,OK,OK,OK
1389,2026-06-28,Línea 3,Nocturno,L. Cruz,OP019,False,24.997,25.0,"Registro de calidad incompleto en el turno. Operador se adelanta al tiempo estándar, riesgo de omitir pasos.",0.812,OK,OK,OK,OK,OK,No OK con acción,No OK sin acción,OK
1393,2026-06-29,Línea 2,Nocturno,M. Hernández,OP007,False,24.99,25.0,Operador cubre la estación sin estar certificado en la matriz de polivalencia.,0.938,OK,OK,OK,No OK con acción,OK,OK,OK,OK
1392,2026-06-29,Línea 2,Vespertino,A. Torres,OP011,False,25.001,25.0,"Sin observaciones, cumple con el estándar.",1.0,OK,OK,OK,OK,OK,OK,OK,OK
1390,2026-06-29,Línea 4,Matutino,L. Cruz,OP001,True,25.003,25.0,Operador de otra línea cubre ausentismo sin entrenamiento formal.,0.875,OK,OK,OK,No OK sin acción,OK,OK,OK,OK
1391,2026-06-29,Línea 4,Matutino,L. Cruz,OP024,False,25.068,25.0,"Bata y calzado de seguridad correctos, pero sin cofia. Vernier fuera de calibración vigente, se retiró de línea.",0.812,No OK sin acción,No OK con acción,OK,OK,OK,OK,OK,OK
1395,2026-06-30,Línea 1,Nocturno,L. Cruz,OP013,True,25.011,25.0,Operador de otra línea cubre ausentismo sin entrenamiento formal.,0.938,OK,OK,OK,No OK con acción,OK,OK,OK,OK
1396,2026-06-30,Línea 2,Vespertino,L. Cruz,OP002,True,25.009,25.0,Operador de otra línea cubre ausentismo sin entrenamiento formal. Acumulación de material en pasillo de evacuación.,0.875,OK,OK,OK,No OK con acción,No OK con acción,OK,OK,OK
1394,2026-06-30,Línea 3,Vespertino,M. Hernández,OP003,False,24.962,25.0,No tiene la IT disponible en el puesto de trabajo. Producto sospechoso mezclado con producto bueno.,0.812,OK,OK,No OK sin acción,OK,OK,OK,OK,No OK con acción
1397,2026-06-30,Línea 4,Nocturno,J. Ramírez,OP014,False,25.009,25.0,"Certificación vigente pero próxima a vencer, requiere recertificación. Herramientas fuera de su lugar identificado.",0.812,OK,OK,OK,No OK sin acción,No OK con acción,OK,OK,OK
1399,2026-07-01,Línea 3,Matutino,M. Hernández,OP024,False,25.003,25.0,Herramientas fuera de su lugar identificado.,0.875,OK,OK,OK,OK,No OK sin acción,OK,OK,OK
1400,2026-07-01,Línea 3,Vespertino,J. Ramírez,OP003,False,24.923,25.0,No registra la medición en el formato de control.,0.875,OK,No OK sin acción,OK,OK,OK,OK,OK,OK
1398,2026-07-01,Línea 4,Vespertino,L. Cruz,OP010,False,24.984,25.0,"Datos capturados con letra ilegible / con tachaduras. Operador se adelanta al tiempo estándar, riesgo de omitir pasos.",0.812,OK,OK,OK,OK,OK,No OK sin acción,No OK con acción,OK
1401,2026-07-02,Línea 1,Matutino,A. Torres,OP038,False,25.004,25.0,"Bata y calzado de seguridad correctos, pero sin cofia. Datos capturados con letra ilegible / con tachaduras.",0.812,No OK sin acción,OK,OK,OK,OK,No OK con acción,OK,OK
1403,2026-07-02,Línea 3,Matutino,M. Hernández,OP030,False,24.974,25.0,"Operador se adelanta al tiempo estándar, riesgo de omitir pasos.",0.938,OK,OK,OK,OK,OK,OK,No OK con acción,OK
1402,2026-07-02,Línea 3,Vespertino,L. Cruz,OP013,False,24.997,25.0,Registro de calidad incompleto en el turno.,0.938,OK,OK,OK,OK,OK,No OK con acción,OK,OK
1404,2026-07-02,Línea 3,Vespertino,L. Cruz,OP007,False,25.049,25.0,Todo en orden durante la auditoría.,1.0,OK,OK,OK,OK,OK,OK,OK,OK
1405,2026-07-03,Línea 1,Matutino,J. Ramírez,OP001,False,25.031,25.0,Registro de calidad incompleto en el turno.,0.938,OK,OK,OK,OK,OK,No OK con acción,OK,OK
1407,2026-07-03,Línea 1,Nocturno,L. Cruz,OP023,False,24.991,25.0,Acumulación de material en pasillo de evacuación. Pieza no conforme detectada sin segregar en área roja.,0.875,OK,OK,OK,OK,No OK con acción,OK,OK,No OK con acción
1406,2026-07-03,Línea 4,Matutino,L. Cruz,OP010,False,25.021,25.0,Contenedores de scrap sin identificar correctamente. Etiqueta de no conformidad mal llenada.,0.875,OK,OK,OK,OK,No OK con acción,OK,OK,No OK con acción
1408,2026-07-03,Línea 4,Nocturno,J. Ramírez,OP003,False,25.017,25.0,"Registro de calidad incompleto en el turno. Operador se adelanta al tiempo estándar, riesgo de omitir pasos.",0.812,OK,OK,OK,OK,OK,No OK sin acción,No OK con acción,OK
1409,2026-07-03,Línea 4,Vespertino,J. Ramírez,OP024,False,24.998,25.0,Datos capturados con letra ilegible / con tachaduras.,0.938,OK,OK,OK,OK,OK,No OK con acción,OK,OK
1410,2026-07-04,Línea 1,Matutino,J. Ramírez,OP020,False,24.98,25.0,"Operador cubre la estación sin estar certificado en la matriz de polivalencia. Tiempo de ciclo por encima del estándar, genera cuello de botella.",0.75,OK,OK,OK,No OK sin acción,OK,OK,No OK sin acción,OK
1413,2026-07-04,Línea 3,Vespertino,A. Torres,OP031,False,24.989,25.0,"Sin observaciones, cumple con el estándar.",1.0,OK,OK,OK,OK,OK,OK,OK,OK
1411,2026-07-04,Línea 4,Vespertino,L. Cruz,OP037,False,24.986,25.0,Omite paso de verificación intermedio marcado en la IT.,0.875,OK,OK,No OK sin acción,OK,OK,OK,OK,OK
1412,2026-07-04,Línea 4,Vespertino,L. Cruz,OP014,False,24.987,25.0,Operación conforme al estándar de la operación.,1.0,OK,OK,OK,OK,OK,OK,OK,OK
1414,2026-07-05,Línea 2,Nocturno,A. Torres,OP019,False,25.033,25.0,Operación conforme al estándar de la operación.,1.0,OK,OK,OK,OK,OK,OK,OK,OK
1415,2026-07-05,Línea 4,Matutino,J. Ramírez,OP037,False,25.009,25.0,Operador realiza secuencia distinta a la instrucción de trabajo vigente.,0.938,OK,OK,No OK con acción,OK,OK,OK,OK,OK
