linea,fecha,hora,timestamp,desviacion_dimensional_mm,anomalia_inyectada
Línea 1,2025-10-01,0,2025-10-01 00:00:00,0.01602,False
Línea 1,2025-10-01,1,2025-10-01 01:00:00,0.00793,False
Línea 1,2025-10-01,2,2025-10-01 02:00:00,0.01193,False
Línea 1,2025-10-01,3,2025-10-01 03:00:00,0.01092,False
Línea 1,2025-10-01,4,2025-10-01 04:00:00,0.02215,False
Línea 1,2025-10-01,5,2025-10-01 05:00:00,0.02887,False
Línea 1,2025-10-01,6,2025-10-01 06:00:00,0.01117,False
Línea 1,2025-10-01,7,2025-10-01 07:00:00,0.00822,False
Línea 1,2025-10-01,8,2025-10-01 08:00:00,0.02575,False
Línea 1,2025-10-01,9,2025-10-01 09:00:00,0.03042,False
Línea 1,2025-10-01,10,2025-10-01 10:00:00,0.03701,False
Línea 1,2025-10-01,11,2025-10-01 11:00:00,0.03049,False
Línea 1,2025-10-01,12,2025-10-01 12:00:00,0.03471,False
Línea 1,2025-10-01,13,2025-10-01 13:00:00,0.03603,False
Línea 1,2025-10-01,14,2025-10-01 14:00:00,0.03405,False
Línea 1,2025-10-01,15,2025-10-01 15:00:00,0.02928,False
Línea 1,2025-10-01,16,2025-10-01 16:00:00,0.01464,False
Línea 1,2025-10-01,17,2025-10-01 17:00:00,0.02036,False
Línea 1,2025-10-01,18,2025-10-01 18:00:00,0.02014,False
Línea 1,2025-10-01,19,2025-10-01 19:00:00,0.01567,False
Línea 1,2025-10-01,20,2025-10-01 20:00:00,0.01411,False
Línea 1,2025-10-01,21,2025-10-01 21:00:00,0.02208,False
Línea 1,2025-10-01,22,2025-10-01 22:00:00,0.00687,False
Línea 1,2025-10-01,23,2025-10-01 23:00:00,0.0154,False
Línea 1,2025-10-02,0,2025-10-02 00:00:00,0.02241,False
Línea 1,2025-10-02,1,2025-10-02 01:00:00,0.01564,False
Línea 1,2025-10-02,2,2025-10-02 02:00:00,0.01513,False
Línea 1,2025-10-02,3,2025-10-02 03:00:00,0.01265,False
Línea 1,2025-10-02,4,2025-10-02 04:00:00,0.02743,False
Línea 1,2025-10-02,5,2025-10-02 05:00:00,0.02606,False
Línea 1,2025-10-02,6,2025-10-02 06:00:00,0.02356,False
Línea 1,2025-10-02,7,2025-10-02 07:00:00,0.01933,False
Línea 1,2025-10-02,8,2025-10-02 08:00:00,0.03511,False
Línea 1,2025-10-02,9,2025-10-02 09:00:00,0.03313,False
Línea 1,2025-10-02,10,2025-10-02 10:00:00,0.03116,False
Línea 1,2025-10-02,11,2025-10-02 11:00:00,0.03046,False
Línea 1,2025-10-02,12,2025-10-02 12:00:00,0.03508,False
Línea 1,2025-10-02,13,2025-10-02 13:00:00,0.03906,False
Línea 1,2025-10-02,14,2025-10-02 14:00:00,0.03346,False
Línea 1,2025-10-02,15,2025-10-02 15:00:00,0.02704,False
Línea 1,2025-10-02,16,2025-10-02 16:00:00,0.03217,False
Línea 1,2025-10-02,17,2025-10-02 17:00:00,0.03686,False
Línea 1,2025-10-02,18,2025-10-02 18:00:00,0.02876,False
Línea 1,2025-10-02,19,2025-10-02 19:00:00,0.02685,False
Línea 1,2025-10-02,20,2025-10-02 20:00:00,0.02256,False
Línea 1,2025-10-02,21,2025-10-02 21:00:00,0.01752,False
Línea 1,2025-10-02,22,2025-10-02 22:00:00,0.01605,False
Línea 1,2025-10-02,23,2025-10-02 23:00:00,0.01082,False
Línea 1,2025-10-03,0,2025-10-03 00:00:00,0.0276,False
Línea 1,2025-10-03,1,2025-10-03 01:00:00,0.02356,False
Línea 1,2025-10-03,2,2025-10-03 02:00:00,0.02208,False
Línea 1,2025-10-03,3,2025-10-03 03:00:00,0.02463,False
Línea 1,2025-10-03,4,2025-10-03 04:00:00,0.02655,False
Línea 1,2025-10-03,5,2025-10-03 05:00:00,0.02204,False
Línea 1,2025-10-03,6,2025-10-03 06:00:00,0.02656,False
Línea 1,2025-10-03,7,2025-10-03 07:00:00,0.02774,False
Línea 1,2025-10-03,8,2025-10-03 08:00:00,0.04758,False
Línea 1,2025-10-03,9,2025-10-03 09:00:00,0.04029,False
Línea 1,2025-10-03,10,2025-10-03 10:00:00,0.03645,False
Línea 1,2025-10-03,11,2025-10-03 11:00:00,0.04444,False
Línea 1,2025-10-03,12,2025-10-03 12:00:00,0.04395,False
Línea 1,2025-10-03,13,2025-10-03 13:00:00,0.02796,False
Línea 1,2025-10-03,14,2025-10-03 14:00:00,0.03411,False
Línea 1,2025-10-03,15,2025-10-03 15:00:00,0.03407,False
Línea 1,2025-10-03,16,2025-10-03 16:00:00,0.03618,False
Línea 1,2025-10-03,17,2025-10-03 17:00:00,0.02924,False
Línea 1,2025-10-03,18,2025-10-03 18:00:00,0.02792,False
Línea 1,2025-10-03,19,2025-10-03 19:00:00,0.02368,False
Línea 1,2025-10-03,20,2025-10-03 20:00:00,0.03081,False
Línea 1,2025-10-03,21,2025-10-03 21:00:00,0.0142,False
Línea 1,2025-10-03,22,2025-10-03 22:00:00,0.01902,False
Línea 1,2025-10-03,23,2025-10-03 23:00:00,0.00973,False
Línea 1,2025-10-04,0,2025-10-04 00:00:00,0.00416,False
Línea 1,2025-10-04,1,2025-10-04 01:00:00,0.01251,False
Línea 1,2025-10-04,2,2025-10-04 02:00:00,0.01343,False
Línea 1,2025-10-04,3,2025-10-04 03:00:00,0.0108,False
Línea 1,2025-10-04,4,2025-10-04 04:00:00,0.02108,False
Línea 1,2025-10-04,5,2025-10-04 05:00:00,0.02439,False
Línea 1,2025-10-04,6,2025-10-04 06:00:00,0.01792,False
Línea 1,2025-10-04,7,2025-10-04 07:00:00,0.02191,False
Línea 1,2025-10-04,8,2025-10-04 08:00:00,0.01962,False
Línea 1,2025-10-04,9,2025-10-04 09:00:00,0.02776,False
Línea 1,2025-10-04,10,2025-10-04 10:00:00,0.0181,False
Línea 1,2025-10-04,11,2025-10-04 11:00:00,0.03684,False
Línea 1,2025-10-04,12,2025-10-04 12:00:00,0.03318,False
Línea 1,2025-10-04,13,2025-10-04 13:00:00,0.01887,False
Línea 1,2025-10-04,14,2025-10-04 14:00:00,0.02053,False
Línea 1,2025-10-04,15,2025-10-04 15:00:00,0.02652,False
Línea 1,2025-10-04,16,2025-10-04 16:00:00,0.02031,False
Línea 1,2025-10-04,17,2025-10-04 17:00:00,0.02368,False
Línea 1,2025-10-04,18,2025-10-04 18:00:00,0.01618,False
Línea 1,2025-10-04,19,2025-10-04 19:00:00,0.02542,False
Línea 1,2025-10-04,20,2025-10-04 20:00:00,0.01439,False
Línea 1,2025-10-04,21,2025-10-04 21:00:00,0.0272,False
Línea 1,2025-10-04,22,2025-10-04 22:00:00,0.01503,False
Línea 1,2025-10-04,23,2025-10-04 23:00:00,0.00251,False
Línea 1,2025-10-05,0,2025-10-05 00:00:00,0.01017,False
Línea 1,2025-10-05,1,2025-10-05 01:00:00,0.00451,False
Línea 1,2025-10-05,2,2025-10-05 02:00:00,0.001,False
Línea 1,2025-10-05,3,2025-10-05 03:00:00,0.00387,False
Línea 1,2025-10-05,4,2025-10-05 04:00:00,-0.00549,False
Línea 1,2025-10-05,5,2025-10-05 05:00:00,-0.00725,False
Línea 1,2025-10-05,6,2025-10-05 06:00:00,0.0054,False
Línea 1,2025-10-05,7,2025-10-05 07:00:00,0.01599,False
Línea 1,2025-10-05,8,2025-10-05 08:00:00,0.01202,False
Línea 1,2025-10-05,9,2025-10-05 09:00:00,0.02156,False
Línea 1,2025-10-05,10,2025-10-05 10:00:00,0.0205,False
Línea 1,2025-10-05,11,2025-10-05 11:00:00,0.0135,False
Línea 1,2025-10-05,12,2025-10-05 12:00:00,0.02075,False
Línea 1,2025-10-05,13,2025-10-05 13:00:00,0.02251,False
Línea 1,2025-10-05,14,2025-10-05 14:00:00,0.01209,False
Línea 1,2025-10-05,15,2025-10-05 15:00:00,0.01002,False
Línea 1,2025-10-05,16,2025-10-05 16:00:00,0.01049,False
Línea 1,2025-10-05,17,2025-10-05 17:00:00,-0.00675,False
Línea 1,2025-10-05,18,2025-10-05 18:00:00,0.00733,False
Línea 1,2025-10-05,19,2025-10-05 19:00:00,0.0079,False
Línea 1,2025-10-05,20,2025-10-05 20:00:00,0.00251,False
Línea 1,2025-10-05,21,2025-10-05 21:00:00,0.00206,False
Línea 1,2025-10-05,22,2025-10-05 22:00:00,-0.00154,False
Línea 1,2025-10-05,23,2025-10-05 23:00:00,-0.01406,False
Línea 1,2025-10-06,0,2025-10-06 00:00:00,0.00198,False
Línea 1,2025-10-06,1,2025-10-06 01:00:00,-0.00993,False
Línea 1,2025-10-06,2,2025-10-06 02:00:00,-0.01063,False
Línea 1,2025-10-06,3,2025-10-06 03:00:00,0.00249,False
Línea 1,2025-10-06,4,2025-10-06 04:00:00,0.00187,False
Línea 1,2025-10-06,5,2025-10-06 05:00:00,-0.00043,False
Línea 1,2025-10-06,6,2025-10-06 06:00:00,0.00462,False
Línea 1,2025-10-06,7,2025-10-06 07:00:00,-0.00486,False
Línea 1,2025-10-06,8,2025-10-06 08:00:00,0.00351,False
Línea 1,2025-10-06,9,2025-10-06 09:00:00,0.01343,False
Línea 1,2025-10-06,10,2025-10-06 10:00:00,0.00287,False
Línea 1,2025-10-06,11,2025-10-06 11:00:00,0.00174,False
Línea 1,2025-10-06,12,2025-10-06 12:00:00,0.00847,False
Línea 1,2025-10-06,13,2025-10-06 13:00:00,0.00834,False
Línea 1,2025-10-06,14,2025-10-06 14:00:00,0.01081,False
Línea 1,2025-10-06,15,2025-10-06 15:00:00,-0.00261,False
Línea 1,2025-10-06,16,2025-10-06 16:00:00,-0.0113,False
Línea 1,2025-10-06,17,2025-10-06 17:00:00,0.0076,False
Línea 1,2025-10-06,18,2025-10-06 18:00:00,-0.0065,False
Línea 1,2025-10-06,19,2025-10-06 19:00:00,-0.00573,False
Línea 1,2025-10-06,20,2025-10-06 20:00:00,-0.0171,False
Línea 1,2025-10-06,21,2025-10-06 21:00:00,0.00048,False
Línea 1,2025-10-06,22,2025-10-06 22:00:00,-0.00483,False
Línea 1,2025-10-06,23,2025-10-06 23:00:00,-0.00587,False
Línea 1,2025-10-07,0,2025-10-07 00:00:00,-0.00053,False
Línea 1,2025-10-07,1,2025-10-07 01:00:00,-0.01444,False
Línea 1,2025-10-07,2,2025-10-07 02:00:00,-0.00719,False
Línea 1,2025-10-07,3,2025-10-07 03:00:00,-0.00272,False
Línea 1,2025-10-07,4,2025-10-07 04:00:00,-0.00284,False
Línea 1,2025-10-07,5,2025-10-07 05:00:00,0.00195,False
Línea 1,2025-10-07,6,2025-10-07 06:00:00,0.00712,False
Línea 1,2025-10-07,7,2025-10-07 07:00:00,0.01376,False
Línea 1,2025-10-07,8,2025-10-07 08:00:00,0.00077,False
Línea 1,2025-10-07,9,2025-10-07 09:00:00,0.01125,False
Línea 1,2025-10-07,10,2025-10-07 10:00:00,0.01685,False
Línea 1,2025-10-07,11,2025-10-07 11:00:00,0.00783,False
Línea 1,2025-10-07,12,2025-10-07 12:00:00,0.01249,False
Línea 1,2025-10-07,13,2025-10-07 13:00:00,0.01617,False
Línea 1,2025-10-07,14,2025-10-07 14:00:00,0.01264,False
Línea 1,2025-10-07,15,2025-10-07 15:00:00,0.01535,False
Línea 1,2025-10-07,16,2025-10-07 16:00:00,0.01022,False
Línea 1,2025-10-07,17,2025-10-07 17:00:00,0.00585,False
Línea 1,2025-10-07,18,2025-10-07 18:00:00,-0.00139,False
Línea 1,2025-10-07,19,2025-10-07 19:00:00,0.00506,False
Línea 1,2025-10-07,20,2025-10-07 20:00:00,0.00225,False
Línea 1,2025-10-07,21,2025-10-07 21:00:00,-0.00597,False
Línea 1,2025-10-07,22,2025-10-07 22:00:00,0.00221,False
Línea 1,2025-10-07,23,2025-10-07 23:00:00,0.00553,False
Línea 1,2025-10-08,0,2025-10-08 00:00:00,0.00638,False
Línea 1,2025-10-08,1,2025-10-08 01:00:00,0.00624,False
Línea 1,2025-10-08,2,2025-10-08 02:00:00,0.00682,False
Línea 1,2025-10-08,3,2025-10-08 03:00:00,0.00261,False
Línea 1,2025-10-08,4,2025-10-08 04:00:00,0.02636,False
Línea 1,2025-10-08,5,2025-10-08 05:00:00,0.01357,False
Línea 1,2025-10-08,6,2025-10-08 06:00:00,0.01319,False
Línea 1,2025-10-08,7,2025-10-08 07:00:00,0.01365,False
Línea 1,2025-10-08,8,2025-10-08 08:00:00,0.02001,False
Línea 1,2025-10-08,9,2025-10-08 09:00:00,0.01982,False
Línea 1,2025-10-08,10,2025-10-08 10:00:00,0.03389,False
Línea 1,2025-10-08,11,2025-10-08 11:00:00,0.01857,False
Línea 1,2025-10-08,12,2025-10-08 12:00:00,0.01711,False
Línea 1,2025-10-08,13,2025-10-08 13:00:00,0.02938,False
Línea 1,2025-10-08,14,2025-10-08 14:00:00,0.02462,False
Línea 1,2025-10-08,15,2025-10-08 15:00:00,0.02266,False
Línea 1,2025-10-08,16,2025-10-08 16:00:00,0.0257,False
Línea 1,2025-10-08,17,2025-10-08 17:00:00,0.02123,False
Línea 1,2025-10-08,18,2025-10-08 18:00:00,0.01806,False
Línea 1,2025-10-08,19,2025-10-08 19:00:00,0.00783,False
Línea 1,2025-10-08,20,2025-10-08 20:00:00,0.00433,False
Línea 1,2025-10-08,21,2025-10-08 21:00:00,0.00848,False
Línea 1,2025-10-08,22,2025-10-08 22:00:00,0.0049,False
Línea 1,2025-10-08,23,2025-10-08 23:00:00,0.01223,False
Línea 1,2025-10-09,0,2025-10-09 00:00:00,0.00972,False
Línea 1,2025-10-09,1,2025-10-09 01:00:00,0.0181,False
Línea 1,2025-10-09,2,2025-10-09 02:00:00,0.02055,False
Línea 1,2025-10-09,3,2025-10-09 03:00:00,0.02262,False
Línea 1,2025-10-09,4,2025-10-09 04:00:00,0.02691,False
Línea 1,2025-10-09,5,2025-10-09 05:00:00,0.02448,False
Línea 1,2025-10-09,6,2025-10-09 06:00:00,0.02451,False
Línea 1,2025-10-09,7,2025-10-09 07:00:00,0.03805,False
Línea 1,2025-10-09,8,2025-10-09 08:00:00,0.03059,False
Línea 1,2025-10-09,9,2025-10-09 09:00:00,0.04269,False
Línea 1,2025-10-09,10,2025-10-09 10:00:00,0.03349,False
Línea 1,2025-10-09,11,2025-10-09 11:00:00,0.03614,False
Línea 1,2025-10-09,12,2025-10-09 12:00:00,0.03568,False
Línea 1,2025-10-09,13,2025-10-09 13:00:00,0.03763,False
Línea 1,2025-10-09,14,2025-10-09 14:00:00,0.03292,False
Línea 1,2025-10-09,15,2025-10-09 15:00:00,0.03475,False
Línea 1,2025-10-09,16,2025-10-09 16:00:00,0.0417,False
Línea 1,2025-10-09,17,2025-10-09 17:00:00,0.03688,False
Línea 1,2025-10-09,18,2025-10-09 18:00:00,0.03485,False
Línea 1,2025-10-09,19,2025-10-09 19:00:00,0.01839,False
Línea 1,2025-10-09,20,2025-10-09 20:00:00,0.01743,False
Línea 1,2025-10-09,21,2025-10-09 21:00:00,0.02416,False
Línea 1,2025-10-09,22,2025-10-09 22:00:00,0.02621,False
Línea 1,2025-10-09,23,2025-10-09 23:00:00,0.01767,False
Línea 1,2025-10-10,0,2025-10-10 00:00:00,0.01633,False
Línea 1,2025-10-10,1,2025-10-10 01:00:00,0.02915,False
Línea 1,2025-10-10,2,2025-10-10 02:00:00,0.0257,False
Línea 1,2025-10-10,3,2025-10-10 03:00:00,0.02921,False
Línea 1,2025-10-10,4,2025-10-10 04:00:00,0.02187,False
Línea 1,2025-10-10,5,2025-10-10 05:00:00,0.02332,False
Línea 1,2025-10-10,6,2025-10-10 06:00:00,0.03421,False
Línea 1,2025-10-10,7,2025-10-10 07:00:00,0.02901,False
Línea 1,2025-10-10,8,2025-10-10 08:00:00,0.02885,False
Línea 1,2025-10-10,9,2025-10-10 09:00:00,0.02869,False
Línea 1,2025-10-10,10,2025-10-10 10:00:00,0.03237,False
Línea 1,2025-10-10,11,2025-10-10 11:00:00,0.04149,False
Línea 1,2025-10-10,12,2025-10-10 12:00:00,0.02746,False
Línea 1,2025-10-10,13,2025-10-10 13:00:00,0.04002,False
Línea 1,2025-10-10,14,2025-10-10 14:00:00,0.03119,False
Línea 1,2025-10-10,15,2025-10-10 15:00:00,0.03291,False
Línea 1,2025-10-10,16,2025-10-10 16:00:00,0.03164,False
Línea 1,2025-10-10,17,2025-10-10 17:00:00,0.02926,False
Línea 1,2025-10-10,18,2025-10-10 18:00:00,0.02679,False
Línea 1,2025-10-10,19,2025-10-10 19:00:00,0.02378,False
Línea 1,2025-10-10,20,2025-10-10 20:00:00,0.02109,False
Línea 1,2025-10-10,21,2025-10-10 21:00:00,0.03078,False
Línea 1,2025-10-10,22,2025-10-10 22:00:00,0.02174,False
Línea 1,2025-10-10,23,2025-10-10 23:00:00,0.02003,False
Línea 1,2025-10-11,0,2025-10-11 00:00:00,0.00647,False
Línea 1,2025-10-11,1,2025-10-11 01:00:00,0.00816,False
Línea 1,2025-10-11,2,2025-10-11 02:00:00,0.00756,False
Línea 1,2025-10-11,3,2025-10-11 03:00:00,0.01727,False
Línea 1,2025-10-11,4,2025-10-11 04:00:00,0.00982,False
Línea 1,2025-10-11,5,2025-10-11 05:00:00,0.00279,False
Línea 1,2025-10-11,6,2025-10-11 06:00:00,0.01869,False
Línea 1,2025-10-11,7,2025-10-11 07:00:00,0.01873,False
Línea 1,2025-10-11,8,2025-10-11 08:00:00,0.01882,False
Línea 1,2025-10-11,9,2025-10-11 09:00:00,0.02946,False
Línea 1,2025-10-11,10,2025-10-11 10:00:00,0.00886,False
Línea 1,2025-10-11,11,2025-10-11 11:00:00,0.03552,False
Línea 1,2025-10-11,12,2025-10-11 12:00:00,0.03267,False
Línea 1,2025-10-11,13,2025-10-11 13:00:00,0.0223,False
Línea 1,2025-10-11,14,2025-10-11 14:00:00,0.02256,False
Línea 1,2025-10-11,15,2025-10-11 15:00:00,0.02702,False
Línea 1,2025-10-11,16,2025-10-11 16:00:00,0.02553,False
Línea 1,2025-10-11,17,2025-10-11 17:00:00,0.01661,False
Línea 1,2025-10-11,18,2025-10-11 18:00:00,0.00864,False
Línea 1,2025-10-11,19,2025-10-11 19:00:00,0.02895,False
Línea 1,2025-10-11,20,2025-10-11 20:00:00,0.02007,False
Línea 1,2025-10-11,21,2025-10-11 21:00:00,0.01362,False
Línea 1,2025-10-11,22,2025-10-11 22:00:00,0.01246,False
Línea 1,2025-10-11,23,2025-10-11 23:00:00,0.01434,False
Línea 1,2025-10-12,0,2025-10-12 00:00:00,0.00209,False
Línea 1,2025-10-12,1,2025-10-12 01:00:00,-0.0146,False
Línea 1,2025-10-12,2,2025-10-12 02:00:00,-0.00339,False
Línea 1,2025-10-12,3,2025-10-12 03:00:00,-0.00274,False
Línea 1,2025-10-12,4,2025-10-12 04:00:00,0.00068,False
Línea 1,2025-10-12,5,2025-10-12 05:00:00,0.0082,False
Línea 1,2025-10-12,6,2025-10-12 06:00:00,-0.00509,False
Línea 1,2025-10-12,7,2025-10-12 07:00:00,-0.00038,False
Línea 1,2025-10-12,8,2025-10-12 08:00:00,0.00556,False
Línea 1,2025-10-12,9,2025-10-12 09:00:00,0.01223,False
Línea 1,2025-10-12,10,2025-10-12 10:00:00,0.01757,False
Línea 1,2025-10-12,11,2025-10-12 11:00:00,0.02316,False
Línea 1,2025-10-12,12,2025-10-12 12:00:00,0.01193,False
Línea 1,2025-10-12,13,2025-10-12 13:00:00,0.01836,False
Línea 1,2025-10-12,14,2025-10-12 14:00:00,0.01684,False
Línea 1,2025-10-12,15,2025-10-12 15:00:00,0.01455,False
Línea 1,2025-10-12,16,2025-10-12 16:00:00,0.0095,False
Línea 1,2025-10-12,17,2025-10-12 17:00:00,0.00532,False
Línea 1,2025-10-12,18,2025-10-12 18:00:00,-0.00074,False
Línea 1,2025-10-12,19,2025-10-12 19:00:00,-0.00321,False
Línea 1,2025-10-12,20,2025-10-12 20:00:00,0.00373,False
Línea 1,2025-10-12,21,2025-10-12 21:00:00,-0.00034,False
Línea 1,2025-10-12,22,2025-10-12 22:00:00,-0.00377,False
Línea 1,2025-10-12,23,2025-10-12 23:00:00,0.00191,False
Línea 1,2025-10-13,0,2025-10-13 00:00:00,-0.0092,False
Línea 1,2025-10-13,1,2025-10-13 01:00:00,-0.01321,False
Línea 1,2025-10-13,2,2025-10-13 02:00:00,-0.00853,False
Línea 1,2025-10-13,3,2025-10-13 03:00:00,-0.00073,False
Línea 1,2025-10-13,4,2025-10-13 04:00:00,-0.01014,False
Línea 1,2025-10-13,5,2025-10-13 05:00:00,-0.00081,False
Línea 1,2025-10-13,6,2025-10-13 06:00:00,-0.00033,False
Línea 1,2025-10-13,7,2025-10-13 07:00:00,-0.00249,False
Línea 1,2025-10-13,8,2025-10-13 08:00:00,0.00224,False
Línea 1,2025-10-13,9,2025-10-13 09:00:00,-0.00377,False
Línea 1,2025-10-13,10,2025-10-13 10:00:00,0.00759,False
Línea 1,2025-10-13,11,2025-10-13 11:00:00,-0.00046,False
Línea 1,2025-10-13,12,2025-10-13 12:00:00,0.01443,False
Línea 1,2025-10-13,13,2025-10-13 13:00:00,0.00718,False
Línea 1,2025-10-13,14,2025-10-13 14:00:00,0.0035,False
Línea 1,2025-10-13,15,2025-10-13 15:00:00,0.01262,False
Línea 1,2025-10-13,16,2025-10-13 16:00:00,-0.00219,False
Línea 1,2025-10-13,17,2025-10-13 17:00:00,-0.00242,False
Línea 1,2025-10-13,18,2025-10-13 18:00:00,-0.01098,False
Línea 1,2025-10-13,19,2025-10-13 19:00:00,0.00579,False
Línea 1,2025-10-13,20,2025-10-13 20:00:00,0.00724,False
Línea 1,2025-10-13,21,2025-10-13 21:00:00,-0.0157,False
Línea 1,2025-10-13,22,2025-10-13 22:00:00,-0.01182,False
Línea 1,2025-10-13,23,2025-10-13 23:00:00,-0.00731,False
Línea 1,2025-10-14,0,2025-10-14 00:00:00,-0.00545,False
Línea 1,2025-10-14,1,2025-10-14 01:00:00,-0.00227,False
Línea 1,2025-10-14,2,2025-10-14 02:00:00,-0.00199,False
Línea 1,2025-10-14,3,2025-10-14 03:00:00,0.00244,False
Línea 1,2025-10-14,4,2025-10-14 04:00:00,-0.00412,False
Línea 1,2025-10-14,5,2025-10-14 05:00:00,0.00473,False
Línea 1,2025-10-14,6,2025-10-14 06:00:00,-0.00105,False
Línea 1,2025-10-14,7,2025-10-14 07:00:00,0.00525,False
Línea 1,2025-10-14,8,2025-10-14 08:00:00,-0.00077,False
Línea 1,2025-10-14,9,2025-10-14 09:00:00,0.00888,False
Línea 1,2025-10-14,10,2025-10-14 10:00:00,0.00914,False
Línea 1,2025-10-14,11,2025-10-14 11:00:00,0.01904,False
Línea 1,2025-10-14,12,2025-10-14 12:00:00,0.01329,False
Línea 1,2025-10-14,13,2025-10-14 13:00:00,0.01411,False
Línea 1,2025-10-14,14,2025-10-14 14:00:00,0.01244,False
Línea 1,2025-10-14,15,2025-10-14 15:00:00,-0.00147,False
Línea 1,2025-10-14,16,2025-10-14 16:00:00,-0.00233,False
Línea 1,2025-10-14,17,2025-10-14 17:00:00,0.00581,False
Línea 1,2025-10-14,18,2025-10-14 18:00:00,0.00732,False
Línea 1,2025-10-14,19,2025-10-14 19:00:00,0.00217,False
Línea 1,2025-10-14,20,2025-10-14 20:00:00,-0.00354,False
Línea 1,2025-10-14,21,2025-10-14 21:00:00,-0.00145,False
Línea 1,2025-10-14,22,2025-10-14 22:00:00,-0.00324,False
Línea 1,2025-10-14,23,2025-10-14 23:00:00,0.00259,False
Línea 1,2025-10-15,0,2025-10-15 00:00:00,0.01468,False
Línea 1,2025-10-15,1,2025-10-15 01:00:00,0.00729,False
Línea 1,2025-10-15,2,2025-10-15 02:00:00,0.01111,False
Línea 1,2025-10-15,3,2025-10-15 03:00:00,0.01434,False
Línea 1,2025-10-15,4,2025-10-15 04:00:00,0.01689,False
Línea 1,2025-10-15,5,2025-10-15 05:00:00,0.02618,False
Línea 1,2025-10-15,6,2025-10-15 06:00:00,0.01817,False
Línea 1,2025-10-15,7,2025-10-15 07:00:00,0.02742,False
Línea 1,2025-10-15,8,2025-10-15 08:00:00,0.01538,False
Línea 1,2025-10-15,9,2025-10-15 09:00:00,0.02017,False
Línea 1,2025-10-15,10,2025-10-15 10:00:00,0.01245,False
Línea 1,2025-10-15,11,2025-10-15 11:00:00,0.02697,False
Línea 1,2025-10-15,12,2025-10-15 12:00:00,0.03022,False
Línea 1,2025-10-15,13,2025-10-15 13:00:00,0.01073,False
Línea 1,2025-10-15,14,2025-10-15 14:00:00,0.0264,False
Línea 1,2025-10-15,15,2025-10-15 15:00:00,0.02762,False
Línea 1,2025-10-15,16,2025-10-15 16:00:00,0.02562,False
Línea 1,2025-10-15,17,2025-10-15 17:00:00,0.01323,False
Línea 1,2025-10-15,18,2025-10-15 18:00:00,0.02298,False
Línea 1,2025-10-15,19,2025-10-15 19:00:00,0.01632,False
Línea 1,2025-10-15,20,2025-10-15 20:00:00,0.01788,False
Línea 1,2025-10-15,21,2025-10-15 21:00:00,0.01193,False
Línea 1,2025-10-15,22,2025-10-15 22:00:00,0.0137,False
Línea 1,2025-10-15,23,2025-10-15 23:00:00,0.01727,False
Línea 1,2025-10-16,0,2025-10-16 00:00:00,0.01929,False
Línea 1,2025-10-16,1,2025-10-16 01:00:00,0.02249,False
Línea 1,2025-10-16,2,2025-10-16 02:00:00,0.02908,False
Línea 1,2025-10-16,3,2025-10-16 03:00:00,0.02206,False
Línea 1,2025-10-16,4,2025-10-16 04:00:00,0.01776,False
Línea 1,2025-10-16,5,2025-10-16 05:00:00,0.0305,False
Línea 1,2025-10-16,6,2025-10-16 06:00:00,0.03712,False
Línea 1,2025-10-16,7,2025-10-16 07:00:00,0.03832,False
Línea 1,2025-10-16,8,2025-10-16 08:00:00,0.0368,False
Línea 1,2025-10-16,9,2025-10-16 09:00:00,0.02011,False
Línea 1,2025-10-16,10,2025-10-16 10:00:00,0.03163,False
Línea 1,2025-10-16,11,2025-10-16 11:00:00,0.03273,False
Línea 1,2025-10-16,12,2025-10-16 12:00:00,0.03678,False
Línea 1,2025-10-16,13,2025-10-16 13:00:00,0.04637,False
Línea 1,2025-10-16,14,2025-10-16 14:00:00,0.02896,False
Línea 1,2025-10-16,15,2025-10-16 15:00:00,0.04762,False
Línea 1,2025-10-16,16,2025-10-16 16:00:00,0.03022,False
Línea 1,2025-10-16,17,2025-10-16 17:00:00,0.02598,False
Línea 1,2025-10-16,18,2025-10-16 18:00:00,0.03359,False
Línea 1,2025-10-16,19,2025-10-16 19:00:00,0.03199,False
Línea 1,2025-10-16,20,2025-10-16 20:00:00,0.02841,False
Línea 1,2025-10-16,21,2025-10-16 21:00:00,0.01824,False
Línea 1,2025-10-16,22,2025-10-16 22:00:00,0.0246,False
Línea 1,2025-10-16,23,2025-10-16 23:00:00,0.01459,False
Línea 1,2025-10-17,0,2025-10-17 00:00:00,0.01573,False
Línea 1,2025-10-17,1,2025-10-17 01:00:00,0.02022,False
Línea 1,2025-10-17,2,2025-10-17 02:00:00,0.01667,False
Línea 1,2025-10-17,3,2025-10-17 03:00:00,0.02917,False
Línea 1,2025-10-17,4,2025-10-17 04:00:00,0.02105,False
Línea 1,2025-10-17,5,2025-10-17 05:00:00,0.02512,False
Línea 1,2025-10-17,6,2025-10-17 06:00:00,0.02323,False
Línea 1,2025-10-17,7,2025-10-17 07:00:00,0.03681,False
Línea 1,2025-10-17,8,2025-10-17 08:00:00,0.02852,False
Línea 1,2025-10-17,9,2025-10-17 09:00:00,0.04102,False
Línea 1,2025-10-17,10,2025-10-17 10:00:00,0.04185,False
Línea 1,2025-10-17,11,2025-10-17 11:00:00,0.03357,False
Línea 1,2025-10-17,12,2025-10-17 12:00:00,0.03669,False
Línea 1,2025-10-17,13,2025-10-17 13:00:00,0.0334,False
Línea 1,2025-10-17,14,2025-10-17 14:00:00,0.03872,False
Línea 1,2025-10-17,15,2025-10-17 15:00:00,0.033,False
Línea 1,2025-10-17,16,2025-10-17 16:00:00,0.03001,False
Línea 1,2025-10-17,17,2025-10-17 17:00:00,0.03086,False
Línea 1,2025-10-17,18,2025-10-17 18:00:00,0.01902,False
Línea 1,2025-10-17,19,2025-10-17 19:00:00,0.02599,False
Línea 1,2025-10-17,20,2025-10-17 20:00:00,0.02841,False
Línea 1,2025-10-17,21,2025-10-17 21:00:00,0.02369,False
Línea 1,2025-10-17,22,2025-10-17 22:00:00,0.0273,False
Línea 1,2025-10-17,23,2025-10-17 23:00:00,0.01852,False
Línea 1,2025-10-18,0,2025-10-18 00:00:00,0.00758,False
Línea 1,2025-10-18,1,2025-10-18 01:00:00,0.00391,False
Línea 1,2025-10-18,2,2025-10-18 02:00:00,0.00898,False
Línea 1,2025-10-18,3,2025-10-18 03:00:00,0.02448,False
Línea 1,2025-10-18,4,2025-10-18 04:00:00,0.01599,False
Línea 1,2025-10-18,5,2025-10-18 05:00:00,0.01275,False
Línea 1,2025-10-18,6,2025-10-18 06:00:00,0.0123,False
Línea 1,2025-10-18,7,2025-10-18 07:00:00,0.01082,False
Línea 1,2025-10-18,8,2025-10-18 08:00:00,0.01736,False
Línea 1,2025-10-18,9,2025-10-18 09:00:00,0.02855,False
Línea 1,2025-10-18,10,2025-10-18 10:00:00,0.0227,False
Línea 1,2025-10-18,11,2025-10-18 11:00:00,0.02032,False
Línea 1,2025-10-18,12,2025-10-18 12:00:00,0.02125,False
Línea 1,2025-10-18,13,2025-10-18 13:00:00,0.02996,False
Línea 1,2025-10-18,14,2025-10-18 14:00:00,0.02478,False
Línea 1,2025-10-18,15,2025-10-18 15:00:00,0.02023,False
Línea 1,2025-10-18,16,2025-10-18 16:00:00,0.02049,False
Línea 1,2025-10-18,17,2025-10-18 17:00:00,0.03364,False
Línea 1,2025-10-18,18,2025-10-18 18:00:00,0.02566,False
Línea 1,2025-10-18,19,2025-10-18 19:00:00,0.02508,False
Línea 1,2025-10-18,20,2025-10-18 20:00:00,0.00383,False
Línea 1,2025-10-18,21,2025-10-18 21:00:00,0.01177,False
Línea 1,2025-10-18,22,2025-10-18 22:00:00,0.00754,False
Línea 1,2025-10-18,23,2025-10-18 23:00:00,0.01387,False
Línea 1,2025-10-19,0,2025-10-19 00:00:00,0.00401,False
Línea 1,2025-10-19,1,2025-10-19 01:00:00,-0.00012,False
Línea 1,2025-10-19,2,2025-10-19 02:00:00,-0.00652,False
Línea 1,2025-10-19,3,2025-10-19 03:00:00,-0.00398,False
Línea 1,2025-10-19,4,2025-10-19 04:00:00,0.00537,False
Línea 1,2025-10-19,5,2025-10-19 05:00:00,0.0079,False
Línea 1,2025-10-19,6,2025-10-19 06:00:00,0.00649,False
Línea 1,2025-10-19,7,2025-10-19 07:00:00,0.0085,False
Línea 1,2025-10-19,8,2025-10-19 08:00:00,0.00995,False
Línea 1,2025-10-19,9,2025-10-19 09:00:00,0.01292,False
Línea 1,2025-10-19,10,2025-10-19 10:00:00,0.01687,False
Línea 1,2025-10-19,11,2025-10-19 11:00:00,0.01716,False
Línea 1,2025-10-19,12,2025-10-19 12:00:00,0.01379,False
Línea 1,2025-10-19,13,2025-10-19 13:00:00,0.01308,False
Línea 1,2025-10-19,14,2025-10-19 14:00:00,0.01205,False
Línea 1,2025-10-19,15,2025-10-19 15:00:00,0.00662,False
Línea 1,2025-10-19,16,2025-10-19 16:00:00,0.00489,False
Línea 1,2025-10-19,17,2025-10-19 17:00:00,0.01098,False
Línea 1,2025-10-19,18,2025-10-19 18:00:00,0.00137,False
Línea 1,2025-10-19,19,2025-10-19 19:00:00,0.00846,False
Línea 1,2025-10-19,20,2025-10-19 20:00:00,0.00134,False
Línea 1,2025-10-19,21,2025-10-19 21:00:00,0.00491,False
Línea 1,2025-10-19,22,2025-10-19 22:00:00,0.00254,False
Línea 1,2025-10-19,23,2025-10-19 23:00:00,0.00298,False
Línea 1,2025-10-20,0,2025-10-20 00:00:00,-0.01086,False
Línea 1,2025-10-20,1,2025-10-20 01:00:00,-0.00527,False
Línea 1,2025-10-20,2,2025-10-20 02:00:00,-0.0025,False
Línea 1,2025-10-20,3,2025-10-20 03:00:00,-0.01496,False
Línea 1,2025-10-20,4,2025-10-20 04:00:00,0.00621,False
Línea 1,2025-10-20,5,2025-10-20 05:00:00,0.01153,False
Línea 1,2025-10-20,6,2025-10-20 06:00:00,0.00568,False
Línea 1,2025-10-20,7,2025-10-20 07:00:00,0.00691,False
Línea 1,2025-10-20,8,2025-10-20 08:00:00,0.00753,False
Línea 1,2025-10-20,9,2025-10-20 09:00:00,0.00372,False
Línea 1,2025-10-20,10,2025-10-20 10:00:00,0.00627,False
Línea 1,2025-10-20,11,2025-10-20 11:00:00,0.01351,False
Línea 1,2025-10-20,12,2025-10-20 12:00:00,0.00216,False
Línea 1,2025-10-20,13,2025-10-20 13:00:00,0.00136,False
Línea 1,2025-10-20,14,2025-10-20 14:00:00,0.00454,False
Línea 1,2025-10-20,15,2025-10-20 15:00:00,0.00959,False
Línea 1,2025-10-20,16,2025-10-20 16:00:00,-0.0012,False
Línea 1,2025-10-20,17,2025-10-20 17:00:00,0.00072,False
Línea 1,2025-10-20,18,2025-10-20 18:00:00,-0.00064,False
Línea 1,2025-10-20,19,2025-10-20 19:00:00,-0.00814,False
Línea 1,2025-10-20,20,2025-10-20 20:00:00,-0.01864,False
Línea 1,2025-10-20,21,2025-10-20 21:00:00,-0.01182,False
Línea 1,2025-10-20,22,2025-10-20 22:00:00,-0.00536,False
Línea 1,2025-10-20,23,2025-10-20 23:00:00,-0.00481,False
Línea 1,2025-10-21,0,2025-10-21 00:00:00,0.00061,False
Línea 1,2025-10-21,1,2025-10-21 01:00:00,0.00158,False
Línea 1,2025-10-21,2,2025-10-21 02:00:00,-0.00504,False
Línea 1,2025-10-21,3,2025-10-21 03:00:00,-0.00505,False
Línea 1,2025-10-21,4,2025-10-21 04:00:00,0.0039,False
Línea 1,2025-10-21,5,2025-10-21 05:00:00,0.00231,False
Línea 1,2025-10-21,6,2025-10-21 06:00:00,0.01109,False
Línea 1,2025-10-21,7,2025-10-21 07:00:00,0.01001,False
Línea 1,2025-10-21,8,2025-10-21 08:00:00,0.01735,False
Línea 1,2025-10-21,9,2025-10-21 09:00:00,0.00851,False
Línea 1,2025-10-21,10,2025-10-21 10:00:00,0.01898,False
Línea 1,2025-10-21,11,2025-10-21 11:00:00,0.02558,False
Línea 1,2025-10-21,12,2025-10-21 12:00:00,0.01397,False
Línea 1,2025-10-21,13,2025-10-21 13:00:00,0.01637,False
Línea 1,2025-10-21,14,2025-10-21 14:00:00,0.00699,False
Línea 1,2025-10-21,15,2025-10-21 15:00:00,0.01667,False
Línea 1,2025-10-21,16,2025-10-21 16:00:00,0.01642,False
Línea 1,2025-10-21,17,2025-10-21 17:00:00,0.00475,False
Línea 1,2025-10-21,18,2025-10-21 18:00:00,0.00916,False
Línea 1,2025-10-21,19,2025-10-21 19:00:00,0.00526,False
Línea 1,2025-10-21,20,2025-10-21 20:00:00,0.00399,False
Línea 1,2025-10-21,21,2025-10-21 21:00:00,0.00486,False
Línea 1,2025-10-21,22,2025-10-21 22:00:00,0.00183,False
Línea 1,2025-10-21,23,2025-10-21 23:00:00,-0.00291,False
Línea 1,2025-10-22,0,2025-10-22 00:00:00,0.01534,False
Línea 1,2025-10-22,1,2025-10-22 01:00:00,0.01728,False
Línea 1,2025-10-22,2,2025-10-22 02:00:00,0.00808,False
Línea 1,2025-10-22,3,2025-10-22 03:00:00,0.01267,False
Línea 1,2025-10-22,4,2025-10-22 04:00:00,0.00373,False
Línea 1,2025-10-22,5,2025-10-22 05:00:00,0.01977,False
Línea 1,2025-10-22,6,2025-10-22 06:00:00,0.02568,False
Línea 1,2025-10-22,7,2025-10-22 07:00:00,0.01886,False
Línea 1,2025-10-22,8,2025-10-22 08:00:00,0.02314,False
Línea 1,2025-10-22,9,2025-10-22 09:00:00,0.02267,False
Línea 1,2025-10-22,10,2025-10-22 10:00:00,0.02296,False
Línea 1,2025-10-22,11,2025-10-22 11:00:00,0.02746,False
Línea 1,2025-10-22,12,2025-10-22 12:00:00,0.02163,False
Línea 1,2025-10-22,13,2025-10-22 13:00:00,0.02465,False
Línea 1,2025-10-22,14,2025-10-22 14:00:00,0.01984,False
Línea 1,2025-10-22,15,2025-10-22 15:00:00,0.02753,False
Línea 1,2025-10-22,16,2025-10-22 16:00:00,0.02377,False
Línea 1,2025-10-22,17,2025-10-22 17:00:00,0.01782,False
Línea 1,2025-10-22,18,2025-10-22 18:00:00,0.01856,False
Línea 1,2025-10-22,19,2025-10-22 19:00:00,0.01494,False
Línea 1,2025-10-22,20,2025-10-22 20:00:00,0.0212,False
Línea 1,2025-10-22,21,2025-10-22 21:00:00,0.01003,False
Línea 1,2025-10-22,22,2025-10-22 22:00:00,0.01522,False
Línea 1,2025-10-22,23,2025-10-22 23:00:00,0.00638,False
Línea 1,2025-10-23,0,2025-10-23 00:00:00,0.0254,False
Línea 1,2025-10-23,1,2025-10-23 01:00:00,0.02701,False
Línea 1,2025-10-23,2,2025-10-23 02:00:00,0.02809,False
Línea 1,2025-10-23,3,2025-10-23 03:00:00,0.03168,False
Línea 1,2025-10-23,4,2025-10-23 04:00:00,0.02627,False
Línea 1,2025-10-23,5,2025-10-23 05:00:00,0.03387,False
Línea 1,2025-10-23,6,2025-10-23 06:00:00,0.03826,False
Línea 1,2025-10-23,7,2025-10-23 07:00:00,0.02385,False
Línea 1,2025-10-23,8,2025-10-23 08:00:00,0.0289,False
Línea 1,2025-10-23,9,2025-10-23 09:00:00,0.0252,False
Línea 1,2025-10-23,10,2025-10-23 10:00:00,0.04181,False
Línea 1,2025-10-23,11,2025-10-23 11:00:00,0.02719,False
Línea 1,2025-10-23,12,2025-10-23 12:00:00,0.02584,False
Línea 1,2025-10-23,13,2025-10-23 13:00:00,0.02966,False
Línea 1,2025-10-23,14,2025-10-23 14:00:00,0.02501,False
Línea 1,2025-10-23,15,2025-10-23 15:00:00,0.0358,False
Línea 1,2025-10-23,16,2025-10-23 16:00:00,0.02601,False
Línea 1,2025-10-23,17,2025-10-23 17:00:00,0.02044,False
Línea 1,2025-10-23,18,2025-10-23 18:00:00,0.02826,False
Línea 1,2025-10-23,19,2025-10-23 19:00:00,0.02655,False
Línea 1,2025-10-23,20,2025-10-23 20:00:00,0.0133,False
Línea 1,2025-10-23,21,2025-10-23 21:00:00,0.01858,False
Línea 1,2025-10-23,22,2025-10-23 22:00:00,0.02114,False
Línea 1,2025-10-23,23,2025-10-23 23:00:00,0.01865,False
Línea 1,2025-10-24,0,2025-10-24 00:00:00,0.01854,False
Línea 1,2025-10-24,1,2025-10-24 01:00:00,0.02786,False
Línea 1,2025-10-24,2,2025-10-24 02:00:00,0.03447,False
Línea 1,2025-10-24,3,2025-10-24 03:00:00,0.02098,False
Línea 1,2025-10-24,4,2025-10-24 04:00:00,0.01658,False
Línea 1,2025-10-24,5,2025-10-24 05:00:00,0.02504,False
Línea 1,2025-10-24,6,2025-10-24 06:00:00,0.02968,False
Línea 1,2025-10-24,7,2025-10-24 07:00:00,0.03027,False
Línea 1,2025-10-24,8,2025-10-24 08:00:00,0.03618,False
Línea 1,2025-10-24,9,2025-10-24 09:00:00,0.04744,False
Línea 1,2025-10-24,10,2025-10-24 10:00:00,0.02516,False
Línea 1,2025-10-24,11,2025-10-24 11:00:00,0.0332,False
Línea 1,2025-10-24,12,2025-10-24 12:00:00,0.04576,False
Línea 1,2025-10-24,13,2025-10-24 13:00:00,0.03311,False
Línea 1,2025-10-24,14,2025-10-24 14:00:00,0.04018,False
Línea 1,2025-10-24,15,2025-10-24 15:00:00,0.03796,False
Línea 1,2025-10-24,16,2025-10-24 16:00:00,0.03994,False
Línea 1,2025-10-24,17,2025-10-24 17:00:00,0.04207,False
Línea 1,2025-10-24,18,2025-10-24 18:00:00,0.03051,False
Línea 1,2025-10-24,19,2025-10-24 19:00:00,0.01597,False
Línea 1,2025-10-24,20,2025-10-24 20:00:00,0.02031,False
Línea 1,2025-10-24,21,2025-10-24 21:00:00,0.03597,False
Línea 1,2025-10-24,22,2025-10-24 22:00:00,0.0131,False
Línea 1,2025-10-24,23,2025-10-24 23:00:00,0.02377,False
Línea 1,2025-10-25,0,2025-10-25 00:00:00,-0.00475,False
Línea 1,2025-10-25,1,2025-10-25 01:00:00,0.0025,False
Línea 1,2025-10-25,2,2025-10-25 02:00:00,0.01673,False
Línea 1,2025-10-25,3,2025-10-25 03:00:00,0.0129,False
Línea 1,2025-10-25,4,2025-10-25 04:00:00,0.01208,False
Línea 1,2025-10-25,5,2025-10-25 05:00:00,0.01138,False
Línea 1,2025-10-25,6,2025-10-25 06:00:00,0.00636,False
Línea 1,2025-10-25,7,2025-10-25 07:00:00,0.02457,False
Línea 1,2025-10-25,8,2025-10-25 08:00:00,0.02064,False
Línea 1,2025-10-25,9,2025-10-25 09:00:00,0.01486,False
Línea 1,2025-10-25,10,2025-10-25 10:00:00,0.02545,False
Línea 1,2025-10-25,11,2025-10-25 11:00:00,0.02955,False
Línea 1,2025-10-25,12,2025-10-25 12:00:00,0.02513,False
Línea 1,2025-10-25,13,2025-10-25 13:00:00,0.02676,False
Línea 1,2025-10-25,14,2025-10-25 14:00:00,0.02549,False
Línea 1,2025-10-25,15,2025-10-25 15:00:00,0.01975,False
Línea 1,2025-10-25,16,2025-10-25 16:00:00,0.02266,False
Línea 1,2025-10-25,17,2025-10-25 17:00:00,0.02482,False
Línea 1,2025-10-25,18,2025-10-25 18:00:00,0.02455,False
Línea 1,2025-10-25,19,2025-10-25 19:00:00,0.02101,False
Línea 1,2025-10-25,20,2025-10-25 20:00:00,0.01029,False
Línea 1,2025-10-25,21,2025-10-25 21:00:00,0.0165,False
Línea 1,2025-10-25,22,2025-10-25 22:00:00,0.0142,False
Línea 1,2025-10-25,23,2025-10-25 23:00:00,0.00635,False
Línea 1,2025-10-26,0,2025-10-26 00:00:00,-0.00514,False
Línea 1,2025-10-26,1,2025-10-26 01:00:00,0.002,False
Línea 1,2025-10-26,2,2025-10-26 02:00:00,0.00698,False
Línea 1,2025-10-26,3,2025-10-26 03:00:00,-0.01088,False
Línea 1,2025-10-26,4,2025-10-26 04:00:00,0.01149,False
Línea 1,2025-10-26,5,2025-10-26 05:00:00,0.01056,False
Línea 1,2025-10-26,6,2025-10-26 06:00:00,0.00684,False
Línea 1,2025-10-26,7,2025-10-26 07:00:00,0.00627,False
Línea 1,2025-10-26,8,2025-10-26 08:00:00,0.01199,False
Línea 1,2025-10-26,9,2025-10-26 09:00:00,0.00746,False
Línea 1,2025-10-26,10,2025-10-26 10:00:00,0.01151,False
Línea 1,2025-10-26,11,2025-10-26 11:00:00,0.00452,False
Línea 1,2025-10-26,12,2025-10-26 12:00:00,0.0032,False
Línea 1,2025-10-26,13,2025-10-26 13:00:00,0.02737,False
Línea 1,2025-10-26,14,2025-10-26 14:00:00,0.01295,False
Línea 1,2025-10-26,15,2025-10-26 15:00:00,0.01253,False
Línea 1,2025-10-26,16,2025-10-26 16:00:00,0.00946,False
Línea 1,2025-10-26,17,2025-10-26 17:00:00,0.00275,False
Línea 1,2025-10-26,18,2025-10-26 18:00:00,0.00381,False
Línea 1,2025-10-26,19,2025-10-26 19:00:00,0.00412,False
Línea 1,2025-10-26,20,2025-10-26 20:00:00,0.00047,False
Línea 1,2025-10-26,21,2025-10-26 21:00:00,-0.00452,False
Línea 1,2025-10-26,22,2025-10-26 22:00:00,0.0016,False
Línea 1,2025-10-26,23,2025-10-26 23:00:00,-0.00095,False
Línea 1,2025-10-27,0,2025-10-27 00:00:00,-0.00564,False
Línea 1,2025-10-27,1,2025-10-27 01:00:00,-0.0035,False
Línea 1,2025-10-27,2,2025-10-27 02:00:00,-0.00795,False
Línea 1,2025-10-27,3,2025-10-27 03:00:00,-0.00667,False
Línea 1,2025-10-27,4,2025-10-27 04:00:00,0.00489,False
Línea 1,2025-10-27,5,2025-10-27 05:00:00,-0.00773,False
Línea 1,2025-10-27,6,2025-10-27 06:00:00,-0.01124,False
Línea 1,2025-10-27,7,2025-10-27 07:00:00,0.0054,False
Línea 1,2025-10-27,8,2025-10-27 08:00:00,0.00022,False
Línea 1,2025-10-27,9,2025-10-27 09:00:00,-0.00081,False
Línea 1,2025-10-27,10,2025-10-27 10:00:00,0.01224,False
Línea 1,2025-10-27,11,2025-10-27 11:00:00,0.00686,False
Línea 1,2025-10-27,12,2025-10-27 12:00:00,0.00042,False
Línea 1,2025-10-27,13,2025-10-27 13:00:00,0.01934,False
Línea 1,2025-10-27,14,2025-10-27 14:00:00,-0.00274,False
Línea 1,2025-10-27,15,2025-10-27 15:00:00,0.00514,False
Línea 1,2025-10-27,16,2025-10-27 16:00:00,-0.00734,False
Línea 1,2025-10-27,17,2025-10-27 17:00:00,0.00369,False
Línea 1,2025-10-27,18,2025-10-27 18:00:00,-0.00385,False
Línea 1,2025-10-27,19,2025-10-27 19:00:00,0.00285,False
Línea 1,2025-10-27,20,2025-10-27 20:00:00,-0.0041,False
Línea 1,2025-10-27,21,2025-10-27 21:00:00,0.00245,False
Línea 1,2025-10-27,22,2025-10-27 22:00:00,-0.00951,False
Línea 1,2025-10-27,23,2025-10-27 23:00:00,-0.01735,False
Línea 1,2025-10-28,0,2025-10-28 00:00:00,-0.00093,False
Línea 1,2025-10-28,1,2025-10-28 01:00:00,-0.0036,False
Línea 1,2025-10-28,2,2025-10-28 02:00:00,-0.0122,False
Línea 1,2025-10-28,3,2025-10-28 03:00:00,-0.00634,False
Línea 1,2025-10-28,4,2025-10-28 04:00:00,-0.00278,False
Línea 1,2025-10-28,5,2025-10-28 05:00:00,0.01291,False
Línea 1,2025-10-28,6,2025-10-28 06:00:00,0.00989,False
Línea 1,2025-10-28,7,2025-10-28 07:00:00,0.00563,False
Línea 1,2025-10-28,8,2025-10-28 08:00:00,0.01247,False
Línea 1,2025-10-28,9,2025-10-28 09:00:00,-0.00093,False
Línea 1,2025-10-28,10,2025-10-28 10:00:00,0.00919,False
Línea 1,2025-10-28,11,2025-10-28 11:00:00,0.01578,False
Línea 1,2025-10-28,12,2025-10-28 12:00:00,0.01464,False
Línea 1,2025-10-28,13,2025-10-28 13:00:00,0.01014,False
Línea 1,2025-10-28,14,2025-10-28 14:00:00,0.01235,False
Línea 1,2025-10-28,15,2025-10-28 15:00:00,0.01333,False
Línea 1,2025-10-28,16,2025-10-28 16:00:00,0.00959,False
Línea 1,2025-10-28,17,2025-10-28 17:00:00,0.01288,False
Línea 1,2025-10-28,18,2025-10-28 18:00:00,0.00756,False
Línea 1,2025-10-28,19,2025-10-28 19:00:00,0.00664,False
Línea 1,2025-10-28,20,2025-10-28 20:00:00,0.01193,False
Línea 1,2025-10-28,21,2025-10-28 21:00:00,0.00496,False
Línea 1,2025-10-28,22,2025-10-28 22:00:00,0.00917,False
Línea 1,2025-10-28,23,2025-10-28 23:00:00,-0.00611,False
Línea 1,2025-10-29,0,2025-10-29 00:00:00,0.00078,False
Línea 1,2025-10-29,1,2025-10-29 01:00:00,0.00977,False
Línea 1,2025-10-29,2,2025-10-29 02:00:00,0.01006,False
Línea 1,2025-10-29,3,2025-10-29 03:00:00,0.02144,False
Línea 1,2025-10-29,4,2025-10-29 04:00:00,0.00756,False
Línea 1,2025-10-29,5,2025-10-29 05:00:00,0.01579,False
Línea 1,2025-10-29,6,2025-10-29 06:00:00,0.02077,False
Línea 1,2025-10-29,7,2025-10-29 07:00:00,0.02101,False
Línea 1,2025-10-29,8,2025-10-29 08:00:00,0.02131,False
Línea 1,2025-10-29,9,2025-10-29 09:00:00,0.02615,False
Línea 1,2025-10-29,10,2025-10-29 10:00:00,0.03174,False
Línea 1,2025-10-29,11,2025-10-29 11:00:00,0.03528,False
Línea 1,2025-10-29,12,2025-10-29 12:00:00,0.02653,False
Línea 1,2025-10-29,13,2025-10-29 13:00:00,0.02117,False
Línea 1,2025-10-29,14,2025-10-29 14:00:00,0.03447,False
Línea 1,2025-10-29,15,2025-10-29 15:00:00,0.01753,False
Línea 1,2025-10-29,16,2025-10-29 16:00:00,0.03308,False
Línea 1,2025-10-29,17,2025-10-29 17:00:00,0.02847,False
Línea 1,2025-10-29,18,2025-10-29 18:00:00,0.02727,False
Línea 1,2025-10-29,19,2025-10-29 19:00:00,0.02038,False
Línea 1,2025-10-29,20,2025-10-29 20:00:00,0.00166,False
Línea 1,2025-10-29,21,2025-10-29 21:00:00,0.00645,False
Línea 1,2025-10-29,22,2025-10-29 22:00:00,0.01325,False
Línea 1,2025-10-29,23,2025-10-29 23:00:00,0.00656,False
Línea 1,2025-10-30,0,2025-10-30 00:00:00,0.01862,False
Línea 1,2025-10-30,1,2025-10-30 01:00:00,0.02446,False
Línea 1,2025-10-30,2,2025-10-30 02:00:00,0.02057,False
Línea 1,2025-10-30,3,2025-10-30 03:00:00,0.01554,False
Línea 1,2025-10-30,4,2025-10-30 04:00:00,0.02983,False
Línea 1,2025-10-30,5,2025-10-30 05:00:00,0.02953,False
Línea 1,2025-10-30,6,2025-10-30 06:00:00,0.02702,False
Línea 1,2025-10-30,7,2025-10-30 07:00:00,0.03485,False
Línea 1,2025-10-30,8,2025-10-30 08:00:00,0.03308,False
Línea 1,2025-10-30,9,2025-10-30 09:00:00,0.04216,False
Línea 1,2025-10-30,10,2025-10-30 10:00:00,0.03635,False
Línea 1,2025-10-30,11,2025-10-30 11:00:00,0.04419,False
Línea 1,2025-10-30,12,2025-10-30 12:00:00,0.02527,False
Línea 1,2025-10-30,13,2025-10-30 13:00:00,0.039,False
Línea 1,2025-10-30,14,2025-10-30 14:00:00,0.03306,False
Línea 1,2025-10-30,15,2025-10-30 15:00:00,0.02902,False
Línea 1,2025-10-30,16,2025-10-30 16:00:00,0.03947,False
Línea 1,2025-10-30,17,2025-10-30 17:00:00,0.03592,False
Línea 1,2025-10-30,18,2025-10-30 18:00:00,0.01648,False
Línea 1,2025-10-30,19,2025-10-30 19:00:00,0.03074,False
Línea 1,2025-10-30,20,2025-10-30 20:00:00,0.02808,False
Línea 1,2025-10-30,21,2025-10-30 21:00:00,0.01852,False
Línea 1,2025-10-30,22,2025-10-30 22:00:00,0.01657,False
Línea 1,2025-10-30,23,2025-10-30 23:00:00,0.01124,False
Línea 1,2025-10-31,0,2025-10-31 00:00:00,0.01849,False
Línea 1,2025-10-31,1,2025-10-31 01:00:00,0.01972,False
Línea 1,2025-10-31,2,2025-10-31 02:00:00,0.02637,False
Línea 1,2025-10-31,3,2025-10-31 03:00:00,0.02447,False
Línea 1,2025-10-31,4,2025-10-31 04:00:00,0.01816,False
Línea 1,2025-10-31,5,2025-10-31 05:00:00,0.02788,False
Línea 1,2025-10-31,6,2025-10-31 06:00:00,0.02699,False
Línea 1,2025-10-31,7,2025-10-31 07:00:00,0.02498,False
Línea 1,2025-10-31,8,2025-10-31 08:00:00,0.02298,False
Línea 1,2025-10-31,9,2025-10-31 09:00:00,0.03792,False
Línea 1,2025-10-31,10,2025-10-31 10:00:00,0.03812,False
Línea 1,2025-10-31,11,2025-10-31 11:00:00,0.03958,False
Línea 1,2025-10-31,12,2025-10-31 12:00:00,0.03215,False
Línea 1,2025-10-31,13,2025-10-31 13:00:00,0.03727,False
Línea 1,2025-10-31,14,2025-10-31 14:00:00,0.02719,False
Línea 1,2025-10-31,15,2025-10-31 15:00:00,0.02825,False
Línea 1,2025-10-31,16,2025-10-31 16:00:00,0.03272,False
Línea 1,2025-10-31,17,2025-10-31 17:00:00,0.03216,False
Línea 1,2025-10-31,18,2025-10-31 18:00:00,0.01874,False
Línea 1,2025-10-31,19,2025-10-31 19:00:00,0.0201,False
Línea 1,2025-10-31,20,2025-10-31 20:00:00,0.02232,False
Línea 1,2025-10-31,21,2025-10-31 21:00:00,0.02861,False
Línea 1,2025-10-31,22,2025-10-31 22:00:00,0.01671,False
Línea 1,2025-10-31,23,2025-10-31 23:00:00,0.02163,False
Línea 1,2025-11-01,0,2025-11-01 00:00:00,0.01181,False
Línea 1,2025-11-01,1,2025-11-01 01:00:00,0.00911,False
Línea 1,2025-11-01,2,2025-11-01 02:00:00,0.01302,False
Línea 1,2025-11-01,3,2025-11-01 03:00:00,0.00461,False
Línea 1,2025-11-01,4,2025-11-01 04:00:00,0.0104,False
Línea 1,2025-11-01,5,2025-11-01 05:00:00,0.02487,False
Línea 1,2025-11-01,6,2025-11-01 06:00:00,0.02737,False
Línea 1,2025-11-01,7,2025-11-01 07:00:00,0.02547,False
Línea 1,2025-11-01,8,2025-11-01 08:00:00,0.02894,False
Línea 1,2025-11-01,9,2025-11-01 09:00:00,0.01304,False
Línea 1,2025-11-01,10,2025-11-01 10:00:00,0.01957,False
Línea 1,2025-11-01,11,2025-11-01 11:00:00,0.0242,False
Línea 1,2025-11-01,12,2025-11-01 12:00:00,0.04083,False
Línea 1,2025-11-01,13,2025-11-01 13:00:00,0.02419,False
Línea 1,2025-11-01,14,2025-11-01 14:00:00,0.02974,False
Línea 1,2025-11-01,15,2025-11-01 15:00:00,0.02626,False
Línea 1,2025-11-01,16,2025-11-01 16:00:00,0.02447,False
Línea 1,2025-11-01,17,2025-11-01 17:00:00,0.02027,False
Línea 1,2025-11-01,18,2025-11-01 18:00:00,0.01114,False
Línea 1,2025-11-01,19,2025-11-01 19:00:00,6e-05,False
Línea 1,2025-11-01,20,2025-11-01 20:00:00,0.02203,False
Línea 1,2025-11-01,21,2025-11-01 21:00:00,0.00898,False
Línea 1,2025-11-01,22,2025-11-01 22:00:00,0.00021,False
Línea 1,2025-11-01,23,2025-11-01 23:00:00,0.01324,False
Línea 1,2025-11-02,0,2025-11-02 00:00:00,0.00016,False
Línea 1,2025-11-02,1,2025-11-02 01:00:00,0.00253,False
Línea 1,2025-11-02,2,2025-11-02 02:00:00,0.00541,False
Línea 1,2025-11-02,3,2025-11-02 03:00:00,-0.00552,False
Línea 1,2025-11-02,4,2025-11-02 04:00:00,-0.0036,False
Línea 1,2025-11-02,5,2025-11-02 05:00:00,0.00166,False
Línea 1,2025-11-02,6,2025-11-02 06:00:00,0.01058,False
Línea 1,2025-11-02,7,2025-11-02 07:00:00,-0.0049,False
Línea 1,2025-11-02,8,2025-11-02 08:00:00,0.01042,False
Línea 1,2025-11-02,9,2025-11-02 09:00:00,0.0169,False
Línea 1,2025-11-02,10,2025-11-02 10:00:00,0.02469,True
Línea 1,2025-11-02,11,2025-11-02 11:00:00,0.04795,True
Línea 1,2025-11-02,12,2025-11-02 12:00:00,0.07003,True
Línea 1,2025-11-02,13,2025-11-02 13:00:00,0.02722,True
Línea 1,2025-11-02,14,2025-11-02 14:00:00,0.02902,True
Línea 1,2025-11-02,15,2025-11-02 15:00:00,0.01329,False
Línea 1,2025-11-02,16,2025-11-02 16:00:00,0.01766,False
Línea 1,2025-11-02,17,2025-11-02 17:00:00,0.00067,False
Línea 1,2025-11-02,18,2025-11-02 18:00:00,-0.00488,False
Línea 1,2025-11-02,19,2025-11-02 19:00:00,0.0143,False
Línea 1,2025-11-02,20,2025-11-02 20:00:00,-0.00391,False
Línea 1,2025-11-02,21,2025-11-02 21:00:00,-0.00187,False
Línea 1,2025-11-02,22,2025-11-02 22:00:00,0.00188,False
Línea 1,2025-11-02,23,2025-11-02 23:00:00,0.00256,False
Línea 1,2025-11-03,0,2025-11-03 00:00:00,-0.00153,False
Línea 1,2025-11-03,1,2025-11-03 01:00:00,-0.00639,False
Línea 1,2025-11-03,2,2025-11-03 02:00:00,-0.01325,False
Línea 1,2025-11-03,3,2025-11-03 03:00:00,-0.00142,False
Línea 1,2025-11-03,4,2025-11-03 04:00:00,0.00034,False
Línea 1,2025-11-03,5,2025-11-03 05:00:00,-0.01296,False
Línea 1,2025-11-03,6,2025-11-03 06:00:00,0.00851,False
Línea 1,2025-11-03,7,2025-11-03 07:00:00,-0.01285,False
Línea 1,2025-11-03,8,2025-11-03 08:00:00,0.01021,False
Línea 1,2025-11-03,9,2025-11-03 09:00:00,0.00185,False
Línea 1,2025-11-03,10,2025-11-03 10:00:00,0.01116,False
Línea 1,2025-11-03,11,2025-11-03 11:00:00,0.01079,False
Línea 1,2025-11-03,12,2025-11-03 12:00:00,0.00778,False
Línea 1,2025-11-03,13,2025-11-03 13:00:00,0.01043,False
Línea 1,2025-11-03,14,2025-11-03 14:00:00,0.00641,False
Línea 1,2025-11-03,15,2025-11-03 15:00:00,0.00994,False
Línea 1,2025-11-03,16,2025-11-03 16:00:00,0.01711,False
Línea 1,2025-11-03,17,2025-11-03 17:00:00,-0.00598,False
Línea 1,2025-11-03,18,2025-11-03 18:00:00,-0.01913,False
Línea 1,2025-11-03,19,2025-11-03 19:00:00,-0.00456,False
Línea 1,2025-11-03,20,2025-11-03 20:00:00,-0.0069,False
Línea 1,2025-11-03,21,2025-11-03 21:00:00,-0.00792,False
Línea 1,2025-11-03,22,2025-11-03 22:00:00,-0.01249,False
Línea 1,2025-11-03,23,2025-11-03 23:00:00,-0.00249,False
Línea 1,2025-11-04,0,2025-11-04 00:00:00,-0.01064,False
Línea 1,2025-11-04,1,2025-11-04 01:00:00,0.00062,False
Línea 1,2025-11-04,2,2025-11-04 02:00:00,0.00255,False
Línea 1,2025-11-04,3,2025-11-04 03:00:00,0.00189,False
Línea 1,2025-11-04,4,2025-11-04 04:00:00,0.00457,False
Línea 1,2025-11-04,5,2025-11-04 05:00:00,0.00927,False
Línea 1,2025-11-04,6,2025-11-04 06:00:00,0.00597,False
Línea 1,2025-11-04,7,2025-11-04 07:00:00,0.00564,False
Línea 1,2025-11-04,8,2025-11-04 08:00:00,0.01257,False
Línea 1,2025-11-04,9,2025-11-04 09:00:00,0.01491,False
Línea 1,2025-11-04,10,2025-11-04 10:00:00,0.01791,False
Línea 1,2025-11-04,11,2025-11-04 11:00:00,0.0031,False
Línea 1,2025-11-04,12,2025-11-04 12:00:00,0.01255,False
Línea 1,2025-11-04,13,2025-11-04 13:00:00,0.00698,False
Línea 1,2025-11-04,14,2025-11-04 14:00:00,0.01594,False
Línea 1,2025-11-04,15,2025-11-04 15:00:00,0.01566,False
Línea 1,2025-11-04,16,2025-11-04 16:00:00,0.008,False
Línea 1,2025-11-04,17,2025-11-04 17:00:00,0.00334,False
Línea 1,2025-11-04,18,2025-11-04 18:00:00,0.00923,False
Línea 1,2025-11-04,19,2025-11-04 19:00:00,0.00278,False
Línea 1,2025-11-04,20,2025-11-04 20:00:00,0.01021,False
Línea 1,2025-11-04,21,2025-11-04 21:00:00,0.01063,False
Línea 1,2025-11-04,22,2025-11-04 22:00:00,0.00472,False
Línea 1,2025-11-04,23,2025-11-04 23:00:00,-0.00068,False
Línea 1,2025-11-05,0,2025-11-05 00:00:00,0.02129,False
Línea 1,2025-11-05,1,2025-11-05 01:00:00,0.01205,False
Línea 1,2025-11-05,2,2025-11-05 02:00:00,0.00853,False
Línea 1,2025-11-05,3,2025-11-05 03:00:00,0.00863,False
Línea 1,2025-11-05,4,2025-11-05 04:00:00,0.01012,False
Línea 1,2025-11-05,5,2025-11-05 05:00:00,0.01623,False
Línea 1,2025-11-05,6,2025-11-05 06:00:00,0.02112,False
Línea 1,2025-11-05,7,2025-11-05 07:00:00,0.01192,False
Línea 1,2025-11-05,8,2025-11-05 08:00:00,0.01964,False
Línea 1,2025-11-05,9,2025-11-05 09:00:00,0.02527,False
Línea 1,2025-11-05,10,2025-11-05 10:00:00,0.02913,False
Línea 1,2025-11-05,11,2025-11-05 11:00:00,0.02591,False
Línea 1,2025-11-05,12,2025-11-05 12:00:00,0.0278,False
Línea 1,2025-11-05,13,2025-11-05 13:00:00,0.01863,False
Línea 1,2025-11-05,14,2025-11-05 14:00:00,0.0198,False
Línea 1,2025-11-05,15,2025-11-05 15:00:00,0.02363,False
Línea 1,2025-11-05,16,2025-11-05 16:00:00,0.0254,False
Línea 1,2025-11-05,17,2025-11-05 17:00:00,0.0218,False
Línea 1,2025-11-05,18,2025-11-05 18:00:00,0.01324,False
Línea 1,2025-11-05,19,2025-11-05 19:00:00,0.01485,False
Línea 1,2025-11-05,20,2025-11-05 20:00:00,0.02341,False
Línea 1,2025-11-05,21,2025-11-05 21:00:00,0.01595,False
Línea 1,2025-11-05,22,2025-11-05 22:00:00,0.01043,False
Línea 1,2025-11-05,23,2025-11-05 23:00:00,0.00446,False
Línea 1,2025-11-06,0,2025-11-06 00:00:00,0.01623,False
Línea 1,2025-11-06,1,2025-11-06 01:00:00,0.02083,False
Línea 1,2025-11-06,2,2025-11-06 02:00:00,0.02324,False
Línea 1,2025-11-06,3,2025-11-06 03:00:00,0.02625,False
Línea 1,2025-11-06,4,2025-11-06 04:00:00,0.02684,False
Línea 1,2025-11-06,5,2025-11-06 05:00:00,0.02422,False
Línea 1,2025-11-06,6,2025-11-06 06:00:00,0.02545,False
Línea 1,2025-11-06,7,2025-11-06 07:00:00,0.04287,False
Línea 1,2025-11-06,8,2025-11-06 08:00:00,0.02918,False
Línea 1,2025-11-06,9,2025-11-06 09:00:00,0.02642,False
Línea 1,2025-11-06,10,2025-11-06 10:00:00,0.02561,False
Línea 1,2025-11-06,11,2025-11-06 11:00:00,0.03412,False
Línea 1,2025-11-06,12,2025-11-06 12:00:00,0.04215,False
Línea 1,2025-11-06,13,2025-11-06 13:00:00,0.03279,False
Línea 1,2025-11-06,14,2025-11-06 14:00:00,0.04431,False
Línea 1,2025-11-06,15,2025-11-06 15:00:00,0.03413,False
Línea 1,2025-11-06,16,2025-11-06 16:00:00,0.03917,False
Línea 1,2025-11-06,17,2025-11-06 17:00:00,0.02604,False
Línea 1,2025-11-06,18,2025-11-06 18:00:00,0.02406,False
Línea 1,2025-11-06,19,2025-11-06 19:00:00,0.02699,False
Línea 1,2025-11-06,20,2025-11-06 20:00:00,0.02741,False
Línea 1,2025-11-06,21,2025-11-06 21:00:00,0.02178,False
Línea 1,2025-11-06,22,2025-11-06 22:00:00,0.02334,False
Línea 1,2025-11-06,23,2025-11-06 23:00:00,0.02432,False
Línea 1,2025-11-07,0,2025-11-07 00:00:00,0.01199,False
Línea 1,2025-11-07,1,2025-11-07 01:00:00,0.01874,False
Línea 1,2025-11-07,2,2025-11-07 02:00:00,0.01847,False
Línea 1,2025-11-07,3,2025-11-07 03:00:00,0.02004,False
Línea 1,2025-11-07,4,2025-11-07 04:00:00,0.02696,False
Línea 1,2025-11-07,5,2025-11-07 05:00:00,0.02342,False
Línea 1,2025-11-07,6,2025-11-07 06:00:00,0.01648,False
Línea 1,2025-11-07,7,2025-11-07 07:00:00,0.02917,False
Línea 1,2025-11-07,8,2025-11-07 08:00:00,0.02613,False
Línea 1,2025-11-07,9,2025-11-07 09:00:00,0.03715,False
Línea 1,2025-11-07,10,2025-11-07 10:00:00,0.04028,False
Línea 1,2025-11-07,11,2025-11-07 11:00:00,0.02319,False
Línea 1,2025-11-07,12,2025-11-07 12:00:00,0.03187,False
Línea 1,2025-11-07,13,2025-11-07 13:00:00,0.03836,False
Línea 1,2025-11-07,14,2025-11-07 14:00:00,0.02699,False
Línea 1,2025-11-07,15,2025-11-07 15:00:00,0.03887,False
Línea 1,2025-11-07,16,2025-11-07 16:00:00,0.03881,False
Línea 1,2025-11-07,17,2025-11-07 17:00:00,0.02961,False
Línea 1,2025-11-07,18,2025-11-07 18:00:00,0.02387,False
Línea 1,2025-11-07,19,2025-11-07 19:00:00,0.01258,False
Línea 1,2025-11-07,20,2025-11-07 20:00:00,0.0294,False
Línea 1,2025-11-07,21,2025-11-07 21:00:00,0.03487,False
Línea 1,2025-11-07,22,2025-11-07 22:00:00,0.03236,False
Línea 1,2025-11-07,23,2025-11-07 23:00:00,0.01962,False
Línea 1,2025-11-08,0,2025-11-08 00:00:00,0.00378,False
Línea 1,2025-11-08,1,2025-11-08 01:00:00,0.01564,False
Línea 1,2025-11-08,2,2025-11-08 02:00:00,0.01065,False
Línea 1,2025-11-08,3,2025-11-08 03:00:00,0.01555,False
Línea 1,2025-11-08,4,2025-11-08 04:00:00,0.01615,False
Línea 1,2025-11-08,5,2025-11-08 05:00:00,0.01683,False
Línea 1,2025-11-08,6,2025-11-08 06:00:00,0.02451,False
Línea 1,2025-11-08,7,2025-11-08 07:00:00,0.0268,False
Línea 1,2025-11-08,8,2025-11-08 08:00:00,0.0192,False
Línea 1,2025-11-08,9,2025-11-08 09:00:00,0.01846,False
Línea 1,2025-11-08,10,2025-11-08 10:00:00,0.01027,False
Línea 1,2025-11-08,11,2025-11-08 11:00:00,0.02399,False
Línea 1,2025-11-08,12,2025-11-08 12:00:00,0.01978,False
Línea 1,2025-11-08,13,2025-11-08 13:00:00,0.02858,False
Línea 1,2025-11-08,14,2025-11-08 14:00:00,0.02325,False
Línea 1,2025-11-08,15,2025-11-08 15:00:00,0.02263,False
Línea 1,2025-11-08,16,2025-11-08 16:00:00,0.02721,False
Línea 1,2025-11-08,17,2025-11-08 17:00:00,0.02279,False
Línea 1,2025-11-08,18,2025-11-08 18:00:00,0.01764,False
Línea 1,2025-11-08,19,2025-11-08 19:00:00,0.02639,False
Línea 1,2025-11-08,20,2025-11-08 20:00:00,0.01877,False
Línea 1,2025-11-08,21,2025-11-08 21:00:00,0.01019,False
Línea 1,2025-11-08,22,2025-11-08 22:00:00,0.00918,False
Línea 1,2025-11-08,23,2025-11-08 23:00:00,0.01534,False
Línea 1,2025-11-09,0,2025-11-09 00:00:00,-0.00114,False
Línea 1,2025-11-09,1,2025-11-09 01:00:00,-0.00881,False
Línea 1,2025-11-09,2,2025-11-09 02:00:00,0.00409,False
Línea 1,2025-11-09,3,2025-11-09 03:00:00,0.00753,False
Línea 1,2025-11-09,4,2025-11-09 04:00:00,0.00874,False
Línea 1,2025-11-09,5,2025-11-09 05:00:00,0.01283,False
Línea 1,2025-11-09,6,2025-11-09 06:00:00,0.01806,False
Línea 1,2025-11-09,7,2025-11-09 07:00:00,0.0181,False
Línea 1,2025-11-09,8,2025-11-09 08:00:00,0.01169,False
Línea 1,2025-11-09,9,2025-11-09 09:00:00,0.01005,False
Línea 1,2025-11-09,10,2025-11-09 10:00:00,0.0016,False
Línea 1,2025-11-09,11,2025-11-09 11:00:00,0.01344,False
Línea 1,2025-11-09,12,2025-11-09 12:00:00,0.01676,False
Línea 1,2025-11-09,13,2025-11-09 13:00:00,0.01364,False
Línea 1,2025-11-09,14,2025-11-09 14:00:00,0.00125,False
Línea 1,2025-11-09,15,2025-11-09 15:00:00,0.00958,False
Línea 1,2025-11-09,16,2025-11-09 16:00:00,0.01352,False
Línea 1,2025-11-09,17,2025-11-09 17:00:00,0.00156,False
Línea 1,2025-11-09,18,2025-11-09 18:00:00,0.00664,False
Línea 1,2025-11-09,19,2025-11-09 19:00:00,0.00617,False
Línea 1,2025-11-09,20,2025-11-09 20:00:00,0.00836,False
Línea 1,2025-11-09,21,2025-11-09 21:00:00,0.01027,False
Línea 1,2025-11-09,22,2025-11-09 22:00:00,-0.00355,False
Línea 1,2025-11-09,23,2025-11-09 23:00:00,-0.00098,False
Línea 1,2025-11-10,0,2025-11-10 00:00:00,-0.00671,False
Línea 1,2025-11-10,1,2025-11-10 01:00:00,-0.00383,False
Línea 1,2025-11-10,2,2025-11-10 02:00:00,-0.0037,False
Línea 1,2025-11-10,3,2025-11-10 03:00:00,0.00289,False
Línea 1,2025-11-10,4,2025-11-10 04:00:00,-0.01799,False
Línea 1,2025-11-10,5,2025-11-10 05:00:00,0.00044,False
Línea 1,2025-11-10,6,2025-11-10 06:00:00,0.00292,False
Línea 1,2025-11-10,7,2025-11-10 07:00:00,0.00066,False
Línea 1,2025-11-10,8,2025-11-10 08:00:00,-0.00958,False
Línea 1,2025-11-10,9,2025-11-10 09:00:00,0.00529,False
Línea 1,2025-11-10,10,2025-11-10 10:00:00,0.00266,False
Línea 1,2025-11-10,11,2025-11-10 11:00:00,0.0178,False
Línea 1,2025-11-10,12,2025-11-10 12:00:00,0.01025,False
Línea 1,2025-11-10,13,2025-11-10 13:00:00,0.00295,False
Línea 1,2025-11-10,14,2025-11-10 14:00:00,-0.00539,False
Línea 1,2025-11-10,15,2025-11-10 15:00:00,0.0092,False
Línea 1,2025-11-10,16,2025-11-10 16:00:00,0.00818,False
Línea 1,2025-11-10,17,2025-11-10 17:00:00,0.00078,False
Línea 1,2025-11-10,18,2025-11-10 18:00:00,0.00362,False
Línea 1,2025-11-10,19,2025-11-10 19:00:00,-0.00416,False
Línea 1,2025-11-10,20,2025-11-10 20:00:00,0.0024,False
Línea 1,2025-11-10,21,2025-11-10 21:00:00,0.0003,False
Línea 1,2025-11-10,22,2025-11-10 22:00:00,-0.01676,False
Línea 1,2025-11-10,23,2025-11-10 23:00:00,-0.0161,False
Línea 1,2025-11-11,0,2025-11-11 00:00:00,0.00984,False
Línea 1,2025-11-11,1,2025-11-11 01:00:00,0.00351,False
Línea 1,2025-11-11,2,2025-11-11 02:00:00,-0.00885,False
Línea 1,2025-11-11,3,2025-11-11 03:00:00,-0.00943,False
Línea 1,2025-11-11,4,2025-11-11 04:00:00,0.00289,False
Línea 1,2025-11-11,5,2025-11-11 05:00:00,-0.00328,False
Línea 1,2025-11-11,6,2025-11-11 06:00:00,0.00375,False
Línea 1,2025-11-11,7,2025-11-11 07:00:00,0.00743,False
Línea 1,2025-11-11,8,2025-11-11 08:00:00,0.00911,False
Línea 1,2025-11-11,9,2025-11-11 09:00:00,0.01806,False
Línea 1,2025-11-11,10,2025-11-11 10:00:00,0.02358,False
Línea 1,2025-11-11,11,2025-11-11 11:00:00,0.0105,False
Línea 1,2025-11-11,12,2025-11-11 12:00:00,0.00686,False
Línea 1,2025-11-11,13,2025-11-11 13:00:00,0.01571,False
Línea 1,2025-11-11,14,2025-11-11 14:00:00,0.02236,False
Línea 1,2025-11-11,15,2025-11-11 15:00:00,0.00889,False
Línea 1,2025-11-11,16,2025-11-11 16:00:00,0.01475,False
Línea 1,2025-11-11,17,2025-11-11 17:00:00,0.0027,False
Línea 1,2025-11-11,18,2025-11-11 18:00:00,0.00578,False
Línea 1,2025-11-11,19,2025-11-11 19:00:00,-0.00339,False
Línea 1,2025-11-11,20,2025-11-11 20:00:00,0.00171,False
Línea 1,2025-11-11,21,2025-11-11 21:00:00,-0.00071,False
Línea 1,2025-11-11,22,2025-11-11 22:00:00,0.00237,False
Línea 1,2025-11-11,23,2025-11-11 23:00:00,0.00859,False
Línea 1,2025-11-12,0,2025-11-12 00:00:00,0.008,False
Línea 1,2025-11-12,1,2025-11-12 01:00:00,-0.00139,False
Línea 1,2025-11-12,2,2025-11-12 02:00:00,0.0102,False
Línea 1,2025-11-12,3,2025-11-12 03:00:00,0.01448,False
Línea 1,2025-11-12,4,2025-11-12 04:00:00,0.01555,False
Línea 1,2025-11-12,5,2025-11-12 05:00:00,0.01532,False
Línea 1,2025-11-12,6,2025-11-12 06:00:00,0.02726,False
Línea 1,2025-11-12,7,2025-11-12 07:00:00,0.02123,False
Línea 1,2025-11-12,8,2025-11-12 08:00:00,0.02171,False
Línea 1,2025-11-12,9,2025-11-12 09:00:00,0.01933,False
Línea 1,2025-11-12,10,2025-11-12 10:00:00,0.01479,False
Línea 1,2025-11-12,11,2025-11-12 11:00:00,0.02804,False
Línea 1,2025-11-12,12,2025-11-12 12:00:00,0.02781,False
Línea 1,2025-11-12,13,2025-11-12 13:00:00,0.01971,False
Línea 1,2025-11-12,14,2025-11-12 14:00:00,0.025,False
Línea 1,2025-11-12,15,2025-11-12 15:00:00,0.02313,False
Línea 1,2025-11-12,16,2025-11-12 16:00:00,0.01859,False
Línea 1,2025-11-12,17,2025-11-12 17:00:00,0.01565,False
Línea 1,2025-11-12,18,2025-11-12 18:00:00,0.02077,False
Línea 1,2025-11-12,19,2025-11-12 19:00:00,0.01491,False
Línea 1,2025-11-12,20,2025-11-12 20:00:00,0.01079,False
Línea 1,2025-11-12,21,2025-11-12 21:00:00,0.00751,False
Línea 1,2025-11-12,22,2025-11-12 22:00:00,0.01063,False
Línea 1,2025-11-12,23,2025-11-12 23:00:00,0.01616,False
Línea 1,2025-11-13,0,2025-11-13 00:00:00,0.02175,False
Línea 1,2025-11-13,1,2025-11-13 01:00:00,0.01936,False
Línea 1,2025-11-13,2,2025-11-13 02:00:00,0.02344,False
Línea 1,2025-11-13,3,2025-11-13 03:00:00,0.03104,False
Línea 1,2025-11-13,4,2025-11-13 04:00:00,0.02746,False
Línea 1,2025-11-13,5,2025-11-13 05:00:00,0.02801,False
Línea 1,2025-11-13,6,2025-11-13 06:00:00,0.03235,False
Línea 1,2025-11-13,7,2025-11-13 07:00:00,0.02964,False
Línea 1,2025-11-13,8,2025-11-13 08:00:00,0.03362,False
Línea 1,2025-11-13,9,2025-11-13 09:00:00,0.03124,False
Línea 1,2025-11-13,10,2025-11-13 10:00:00,0.02614,False
Línea 1,2025-11-13,11,2025-11-13 11:00:00,0.0383,False
Línea 1,2025-11-13,12,2025-11-13 12:00:00,0.03859,False
Línea 1,2025-11-13,13,2025-11-13 13:00:00,0.03452,False
Línea 1,2025-11-13,14,2025-11-13 14:00:00,0.04166,False
Línea 1,2025-11-13,15,2025-11-13 15:00:00,0.02984,False
Línea 1,2025-11-13,16,2025-11-13 16:00:00,0.02189,False
Línea 1,2025-11-13,17,2025-11-13 17:00:00,0.0264,False
Línea 1,2025-11-13,18,2025-11-13 18:00:00,0.01927,False
Línea 1,2025-11-13,19,2025-11-13 19:00:00,0.02847,False
Línea 1,2025-11-13,20,2025-11-13 20:00:00,0.02,False
Línea 1,2025-11-13,21,2025-11-13 21:00:00,0.02877,False
Línea 1,2025-11-13,22,2025-11-13 22:00:00,0.02737,False
Línea 1,2025-11-13,23,2025-11-13 23:00:00,0.01524,False
Línea 1,2025-11-14,0,2025-11-14 00:00:00,0.01567,False
Línea 1,2025-11-14,1,2025-11-14 01:00:00,0.02399,False
Línea 1,2025-11-14,2,2025-11-14 02:00:00,0.02747,False
Línea 1,2025-11-14,3,2025-11-14 03:00:00,0.01078,False
Línea 1,2025-11-14,4,2025-11-14 04:00:00,0.0262,False
Línea 1,2025-11-14,5,2025-11-14 05:00:00,0.01326,False
Línea 1,2025-11-14,6,2025-11-14 06:00:00,0.02522,False
Línea 1,2025-11-14,7,2025-11-14 07:00:00,0.03715,False
Línea 1,2025-11-14,8,2025-11-14 08:00:00,0.05057,False
Línea 1,2025-11-14,9,2025-11-14 09:00:00,0.03274,False
Línea 1,2025-11-14,10,2025-11-14 10:00:00,0.02796,False
Línea 1,2025-11-14,11,2025-11-14 11:00:00,0.03316,False
Línea 1,2025-11-14,12,2025-11-14 12:00:00,0.03691,False
Línea 1,2025-11-14,13,2025-11-14 13:00:00,0.03222,False
Línea 1,2025-11-14,14,2025-11-14 14:00:00,0.02989,False
Línea 1,2025-11-14,15,2025-11-14 15:00:00,0.03161,False
Línea 1,2025-11-14,16,2025-11-14 16:00:00,0.03489,False
Línea 1,2025-11-14,17,2025-11-14 17:00:00,0.02957,False
Línea 1,2025-11-14,18,2025-11-14 18:00:00,0.02322,False
Línea 1,2025-11-14,19,2025-11-14 19:00:00,0.02242,False
Línea 1,2025-11-14,20,2025-11-14 20:00:00,0.02203,False
Línea 1,2025-11-14,21,2025-11-14 21:00:00,0.01686,False
Línea 1,2025-11-14,22,2025-11-14 22:00:00,0.01734,False
Línea 1,2025-11-14,23,2025-11-14 23:00:00,0.02465,False
Línea 1,2025-11-15,0,2025-11-15 00:00:00,0.00896,False
Línea 1,2025-11-15,1,2025-11-15 01:00:00,9e-05,False
Línea 1,2025-11-15,2,2025-11-15 02:00:00,0.01756,False
Línea 1,2025-11-15,3,2025-11-15 03:00:00,0.01518,False
Línea 1,2025-11-15,4,2025-11-15 04:00:00,0.00604,False
Línea 1,2025-11-15,5,2025-11-15 05:00:00,0.01407,False
Línea 1,2025-11-15,6,2025-11-15 06:00:00,0.01359,False
Línea 1,2025-11-15,7,2025-11-15 07:00:00,0.02447,False
Línea 1,2025-11-15,8,2025-11-15 08:00:00,0.02011,False
Línea 1,2025-11-15,9,2025-11-15 09:00:00,0.02356,False
Línea 1,2025-11-15,10,2025-11-15 10:00:00,0.02413,False
Línea 1,2025-11-15,11,2025-11-15 11:00:00,0.01718,False
Línea 1,2025-11-15,12,2025-11-15 12:00:00,0.03477,False
Línea 1,2025-11-15,13,2025-11-15 13:00:00,0.03004,False
Línea 1,2025-11-15,14,2025-11-15 14:00:00,0.02078,False
Línea 1,2025-11-15,15,2025-11-15 15:00:00,0.02515,False
Línea 1,2025-11-15,16,2025-11-15 16:00:00,0.02818,False
Línea 1,2025-11-15,17,2025-11-15 17:00:00,0.02074,False
Línea 1,2025-11-15,18,2025-11-15 18:00:00,0.02768,False
Línea 1,2025-11-15,19,2025-11-15 19:00:00,0.03377,False
Línea 1,2025-11-15,20,2025-11-15 20:00:00,0.01358,False
Línea 1,2025-11-15,21,2025-11-15 21:00:00,0.00919,False
Línea 1,2025-11-15,22,2025-11-15 22:00:00,0.00547,False
Línea 1,2025-11-15,23,2025-11-15 23:00:00,-0.00267,False
Línea 1,2025-11-16,0,2025-11-16 00:00:00,0.00514,False
Línea 1,2025-11-16,1,2025-11-16 01:00:00,-0.0042,False
Línea 1,2025-11-16,2,2025-11-16 02:00:00,0.00397,False
Línea 1,2025-11-16,3,2025-11-16 03:00:00,0.00645,False
Línea 1,2025-11-16,4,2025-11-16 04:00:00,-0.00484,False
Línea 1,2025-11-16,5,2025-11-16 05:00:00,-0.00201,False
Línea 1,2025-11-16,6,2025-11-16 06:00:00,0.01612,False
Línea 1,2025-11-16,7,2025-11-16 07:00:00,0.0073,False
Línea 1,2025-11-16,8,2025-11-16 08:00:00,0.00569,False
Línea 1,2025-11-16,9,2025-11-16 09:00:00,0.00503,False
Línea 1,2025-11-16,10,2025-11-16 10:00:00,0.01173,False
Línea 1,2025-11-16,11,2025-11-16 11:00:00,0.02242,False
Línea 1,2025-11-16,12,2025-11-16 12:00:00,0.01776,False
Línea 1,2025-11-16,13,2025-11-16 13:00:00,0.01447,False
Línea 1,2025-11-16,14,2025-11-16 14:00:00,0.02211,False
Línea 1,2025-11-16,15,2025-11-16 15:00:00,0.01968,False
Línea 1,2025-11-16,16,2025-11-16 16:00:00,0.01165,False
Línea 1,2025-11-16,17,2025-11-16 17:00:00,0.02437,False
Línea 1,2025-11-16,18,2025-11-16 18:00:00,0.00416,False
Línea 1,2025-11-16,19,2025-11-16 19:00:00,0.01017,False
Línea 1,2025-11-16,20,2025-11-16 20:00:00,-0.00071,False
Línea 1,2025-11-16,21,2025-11-16 21:00:00,0.00541,False
Línea 1,2025-11-16,22,2025-11-16 22:00:00,-0.00277,False
Línea 1,2025-11-16,23,2025-11-16 23:00:00,0.00069,False
Línea 1,2025-11-17,0,2025-11-17 00:00:00,0.00634,False
Línea 1,2025-11-17,1,2025-11-17 01:00:00,-0.00202,False
Línea 1,2025-11-17,2,2025-11-17 02:00:00,-0.00407,False
Línea 1,2025-11-17,3,2025-11-17 03:00:00,-0.01031,False
Línea 1,2025-11-17,4,2025-11-17 04:00:00,-0.00287,False
Línea 1,2025-11-17,5,2025-11-17 05:00:00,-0.00812,False
Línea 1,2025-11-17,6,2025-11-17 06:00:00,0.00532,False
Línea 1,2025-11-17,7,2025-11-17 07:00:00,0.00724,False
Línea 1,2025-11-17,8,2025-11-17 08:00:00,0.00292,False
Línea 1,2025-11-17,9,2025-11-17 09:00:00,0.01564,False
Línea 1,2025-11-17,10,2025-11-17 10:00:00,0.01607,False
Línea 1,2025-11-17,11,2025-11-17 11:00:00,0.00863,False
Línea 1,2025-11-17,12,2025-11-17 12:00:00,0.01139,False
Línea 1,2025-11-17,13,2025-11-17 13:00:00,0.0042,False
Línea 1,2025-11-17,14,2025-11-17 14:00:00,0.0053,False
Línea 1,2025-11-17,15,2025-11-17 15:00:00,-0.00081,False
Línea 1,2025-11-17,16,2025-11-17 16:00:00,0.00113,False
Línea 1,2025-11-17,17,2025-11-17 17:00:00,0.00144,False
Línea 1,2025-11-17,18,2025-11-17 18:00:00,-0.00996,False
Línea 1,2025-11-17,19,2025-11-17 19:00:00,0.00139,False
Línea 1,2025-11-17,20,2025-11-17 20:00:00,0.00213,False
Línea 1,2025-11-17,21,2025-11-17 21:00:00,-0.0057,False
Línea 1,2025-11-17,22,2025-11-17 22:00:00,-0.02311,False
Línea 1,2025-11-17,23,2025-11-17 23:00:00,-0.00925,False
Línea 1,2025-11-18,0,2025-11-18 00:00:00,-0.01071,False
Línea 1,2025-11-18,1,2025-11-18 01:00:00,-0.00574,False
Línea 1,2025-11-18,2,2025-11-18 02:00:00,0.00743,False
Línea 1,2025-11-18,3,2025-11-18 03:00:00,-0.01462,False
Línea 1,2025-11-18,4,2025-11-18 04:00:00,-0.00325,False
Línea 1,2025-11-18,5,2025-11-18 05:00:00,0.00855,False
Línea 1,2025-11-18,6,2025-11-18 06:00:00,0.00144,False
Línea 1,2025-11-18,7,2025-11-18 07:00:00,0.00305,False
Línea 1,2025-11-18,8,2025-11-18 08:00:00,0.02184,False
Línea 1,2025-11-18,9,2025-11-18 09:00:00,0.01357,False
Línea 1,2025-11-18,10,2025-11-18 10:00:00,0.01818,False
Línea 1,2025-11-18,11,2025-11-18 11:00:00,0.01634,False
Línea 1,2025-11-18,12,2025-11-18 12:00:00,0.01462,False
Línea 1,2025-11-18,13,2025-11-18 13:00:00,0.02096,False
Línea 1,2025-11-18,14,2025-11-18 14:00:00,0.02401,False
Línea 1,2025-11-18,15,2025-11-18 15:00:00,0.0012,False
Línea 1,2025-11-18,16,2025-11-18 16:00:00,0.00944,False
Línea 1,2025-11-18,17,2025-11-18 17:00:00,0.00746,False
Línea 1,2025-11-18,18,2025-11-18 18:00:00,0.00307,False
Línea 1,2025-11-18,19,2025-11-18 19:00:00,0.00946,False
Línea 1,2025-11-18,20,2025-11-18 20:00:00,0.00319,False
Línea 1,2025-11-18,21,2025-11-18 21:00:00,0.01154,False
Línea 1,2025-11-18,22,2025-11-18 22:00:00,0.00532,False
Línea 1,2025-11-18,23,2025-11-18 23:00:00,0.00611,False
Línea 1,2025-11-19,0,2025-11-19 00:00:00,0.00314,False
Línea 1,2025-11-19,1,2025-11-19 01:00:00,0.00577,False
Línea 1,2025-11-19,2,2025-11-19 02:00:00,0.00707,False
Línea 1,2025-11-19,3,2025-11-19 03:00:00,0.02062,False
Línea 1,2025-11-19,4,2025-11-19 04:00:00,0.00853,False
Línea 1,2025-11-19,5,2025-11-19 05:00:00,0.01064,False
Línea 1,2025-11-19,6,2025-11-19 06:00:00,0.01161,False
Línea 1,2025-11-19,7,2025-11-19 07:00:00,0.03693,False
Línea 1,2025-11-19,8,2025-11-19 08:00:00,0.02148,False
Línea 1,2025-11-19,9,2025-11-19 09:00:00,0.02717,False
Línea 1,2025-11-19,10,2025-11-19 10:00:00,0.01842,False
Línea 1,2025-11-19,11,2025-11-19 11:00:00,0.03182,False
Línea 1,2025-11-19,12,2025-11-19 12:00:00,0.0157,False
Línea 1,2025-11-19,13,2025-11-19 13:00:00,0.02019,False
Línea 1,2025-11-19,14,2025-11-19 14:00:00,0.02088,False
Línea 1,2025-11-19,15,2025-11-19 15:00:00,0.02531,False
Línea 1,2025-11-19,16,2025-11-19 16:00:00,0.01758,False
Línea 1,2025-11-19,17,2025-11-19 17:00:00,0.02955,False
Línea 1,2025-11-19,18,2025-11-19 18:00:00,0.02136,False
Línea 1,2025-11-19,19,2025-11-19 19:00:00,0.01213,False
Línea 1,2025-11-19,20,2025-11-19 20:00:00,0.02032,False
Línea 1,2025-11-19,21,2025-11-19 21:00:00,0.01032,False
Línea 1,2025-11-19,22,2025-11-19 22:00:00,0.00787,False
Línea 1,2025-11-19,23,2025-11-19 23:00:00,0.01599,False
Línea 1,2025-11-20,0,2025-11-20 00:00:00,0.0058,False
Línea 1,2025-11-20,1,2025-11-20 01:00:00,0.0252,False
Línea 1,2025-11-20,2,2025-11-20 02:00:00,0.01731,False
Línea 1,2025-11-20,3,2025-11-20 03:00:00,0.01857,False
Línea 1,2025-11-20,4,2025-11-20 04:00:00,0.03626,False
Línea 1,2025-11-20,5,2025-11-20 05:00:00,0.02326,False
Línea 1,2025-11-20,6,2025-11-20 06:00:00,0.03425,False
Línea 1,2025-11-20,7,2025-11-20 07:00:00,0.03226,False
Línea 1,2025-11-20,8,2025-11-20 08:00:00,0.03481,False
Línea 1,2025-11-20,9,2025-11-20 09:00:00,0.03267,False
Línea 1,2025-11-20,10,2025-11-20 10:00:00,0.03363,False
Línea 1,2025-11-20,11,2025-11-20 11:00:00,0.04541,False
Línea 1,2025-11-20,12,2025-11-20 12:00:00,0.0421,False
Línea 1,2025-11-20,13,2025-11-20 13:00:00,0.03324,False
Línea 1,2025-11-20,14,2025-11-20 14:00:00,0.02917,False
Línea 1,2025-11-20,15,2025-11-20 15:00:00,0.03066,False
Línea 1,2025-11-20,16,2025-11-20 16:00:00,0.0384,False
Línea 1,2025-11-20,17,2025-11-20 17:00:00,0.03766,False
Línea 1,2025-11-20,18,2025-11-20 18:00:00,0.03184,False
Línea 1,2025-11-20,19,2025-11-20 19:00:00,0.01674,False
Línea 1,2025-11-20,20,2025-11-20 20:00:00,0.02904,False
Línea 1,2025-11-20,21,2025-11-20 21:00:00,0.03068,False
Línea 1,2025-11-20,22,2025-11-20 22:00:00,0.02263,False
Línea 1,2025-11-20,23,2025-11-20 23:00:00,0.03267,False
Línea 1,2025-11-21,0,2025-11-21 00:00:00,0.01259,False
Línea 1,2025-11-21,1,2025-11-21 01:00:00,0.0249,False
Línea 1,2025-11-21,2,2025-11-21 02:00:00,0.01547,False
Línea 1,2025-11-21,3,2025-11-21 03:00:00,0.02921,False
Línea 1,2025-11-21,4,2025-11-21 04:00:00,0.02819,False
Línea 1,2025-11-21,5,2025-11-21 05:00:00,0.03725,False
Línea 1,2025-11-21,6,2025-11-21 06:00:00,0.03151,False
Línea 1,2025-11-21,7,2025-11-21 07:00:00,0.02816,False
Línea 1,2025-11-21,8,2025-11-21 08:00:00,0.02957,False
Línea 1,2025-11-21,9,2025-11-21 09:00:00,0.03267,False
Línea 1,2025-11-21,10,2025-11-21 10:00:00,0.03238,False
Línea 1,2025-11-21,11,2025-11-21 11:00:00,0.04432,False
Línea 1,2025-11-21,12,2025-11-21 12:00:00,0.04417,False
Línea 1,2025-11-21,13,2025-11-21 13:00:00,0.02726,False
Línea 1,2025-11-21,14,2025-11-21 14:00:00,0.03567,False
Línea 1,2025-11-21,15,2025-11-21 15:00:00,0.03455,False
Línea 1,2025-11-21,16,2025-11-21 16:00:00,0.02783,False
Línea 1,2025-11-21,17,2025-11-21 17:00:00,0.03321,False
Línea 1,2025-11-21,18,2025-11-21 18:00:00,0.03728,False
Línea 1,2025-11-21,19,2025-11-21 19:00:00,0.03179,False
Línea 1,2025-11-21,20,2025-11-21 20:00:00,0.0326,False
Línea 1,2025-11-21,21,2025-11-21 21:00:00,0.01855,False
Línea 1,2025-11-21,22,2025-11-21 22:00:00,0.02181,False
Línea 1,2025-11-21,23,2025-11-21 23:00:00,0.01619,False
Línea 1,2025-11-22,0,2025-11-22 00:00:00,0.01177,False
Línea 1,2025-11-22,1,2025-11-22 01:00:00,0.01259,False
Línea 1,2025-11-22,2,2025-11-22 02:00:00,0.01717,False
Línea 1,2025-11-22,3,2025-11-22 03:00:00,0.02056,False
Línea 1,2025-11-22,4,2025-11-22 04:00:00,0.01847,False
Línea 1,2025-11-22,5,2025-11-22 05:00:00,0.01111,False
Línea 1,2025-11-22,6,2025-11-22 06:00:00,0.01022,False
Línea 1,2025-11-22,7,2025-11-22 07:00:00,0.02353,False
Línea 1,2025-11-22,8,2025-11-22 08:00:00,0.03134,False
Línea 1,2025-11-22,9,2025-11-22 09:00:00,0.02385,False
Línea 1,2025-11-22,10,2025-11-22 10:00:00,0.0161,False
Línea 1,2025-11-22,11,2025-11-22 11:00:00,0.03857,False
Línea 1,2025-11-22,12,2025-11-22 12:00:00,0.02927,False
Línea 1,2025-11-22,13,2025-11-22 13:00:00,0.02709,False
Línea 1,2025-11-22,14,2025-11-22 14:00:00,0.01826,False
Línea 1,2025-11-22,15,2025-11-22 15:00:00,0.02409,False
Línea 1,2025-11-22,16,2025-11-22 16:00:00,0.02646,False
Línea 1,2025-11-22,17,2025-11-22 17:00:00,0.02343,False
Línea 1,2025-11-22,18,2025-11-22 18:00:00,0.01426,False
Línea 1,2025-11-22,19,2025-11-22 19:00:00,0.01592,False
Línea 1,2025-11-22,20,2025-11-22 20:00:00,0.01064,False
Línea 1,2025-11-22,21,2025-11-22 21:00:00,0.02267,False
Línea 1,2025-11-22,22,2025-11-22 22:00:00,0.01678,False
Línea 1,2025-11-22,23,2025-11-22 23:00:00,0.00746,False
Línea 1,2025-11-23,0,2025-11-23 00:00:00,-0.00936,False
Línea 1,2025-11-23,1,2025-11-23 01:00:00,-0.00041,False
Línea 1,2025-11-23,2,2025-11-23 02:00:00,-0.00424,False
Línea 1,2025-11-23,3,2025-11-23 03:00:00,-0.00252,False
Línea 1,2025-11-23,4,2025-11-23 04:00:00,-0.00516,False
Línea 1,2025-11-23,5,2025-11-23 05:00:00,-0.00249,False
Línea 1,2025-11-23,6,2025-11-23 06:00:00,0.00662,False
Línea 1,2025-11-23,7,2025-11-23 07:00:00,0.00612,False
Línea 1,2025-11-23,8,2025-11-23 08:00:00,0.02463,False
Línea 1,2025-11-23,9,2025-11-23 09:00:00,0.01487,False
Línea 1,2025-11-23,10,2025-11-23 10:00:00,0.00567,False
Línea 1,2025-11-23,11,2025-11-23 11:00:00,0.00416,False
Línea 1,2025-11-23,12,2025-11-23 12:00:00,0.01604,False
Línea 1,2025-11-23,13,2025-11-23 13:00:00,0.01099,False
Línea 1,2025-11-23,14,2025-11-23 14:00:00,0.02056,False
Línea 1,2025-11-23,15,2025-11-23 15:00:00,0.013,False
Línea 1,2025-11-23,16,2025-11-23 16:00:00,-0.00225,False
Línea 1,2025-11-23,17,2025-11-23 17:00:00,0.0016,False
Línea 1,2025-11-23,18,2025-11-23 18:00:00,0.0016,False
Línea 1,2025-11-23,19,2025-11-23 19:00:00,0.00623,False
Línea 1,2025-11-23,20,2025-11-23 20:00:00,-0.00467,False
Línea 1,2025-11-23,21,2025-11-23 21:00:00,0.00091,False
Línea 1,2025-11-23,22,2025-11-23 22:00:00,-0.0093,False
Línea 1,2025-11-23,23,2025-11-23 23:00:00,-0.00204,False
Línea 1,2025-11-24,0,2025-11-24 00:00:00,-0.00578,False
Línea 1,2025-11-24,1,2025-11-24 01:00:00,0.00104,False
Línea 1,2025-11-24,2,2025-11-24 02:00:00,-0.00545,False
Línea 1,2025-11-24,3,2025-11-24 03:00:00,-0.01056,False
Línea 1,2025-11-24,4,2025-11-24 04:00:00,0.00496,False
Línea 1,2025-11-24,5,2025-11-24 05:00:00,-0.00317,False
Línea 1,2025-11-24,6,2025-11-24 06:00:00,0.00464,False
Línea 1,2025-11-24,7,2025-11-24 07:00:00,-0.00161,False
Línea 1,2025-11-24,8,2025-11-24 08:00:00,0.00454,False
Línea 1,2025-11-24,9,2025-11-24 09:00:00,0.00085,False
Línea 1,2025-11-24,10,2025-11-24 10:00:00,0.00886,False
Línea 1,2025-11-24,11,2025-11-24 11:00:00,0.01255,False
Línea 1,2025-11-24,12,2025-11-24 12:00:00,0.00503,False
Línea 1,2025-11-24,13,2025-11-24 13:00:00,0.00442,False
Línea 1,2025-11-24,14,2025-11-24 14:00:00,0.00907,False
Línea 1,2025-11-24,15,2025-11-24 15:00:00,0.00071,False
Línea 1,2025-11-24,16,2025-11-24 16:00:00,-0.00511,False
Línea 1,2025-11-24,17,2025-11-24 17:00:00,0.00419,False
Línea 1,2025-11-24,18,2025-11-24 18:00:00,-0.00065,False
Línea 1,2025-11-24,19,2025-11-24 19:00:00,-0.00284,False
Línea 1,2025-11-24,20,2025-11-24 20:00:00,-0.00087,False
Línea 1,2025-11-24,21,2025-11-24 21:00:00,-0.00169,False
Línea 1,2025-11-24,22,2025-11-24 22:00:00,-0.00789,False
Línea 1,2025-11-24,23,2025-11-24 23:00:00,-0.01446,False
Línea 1,2025-11-25,0,2025-11-25 00:00:00,-0.00618,False
Línea 1,2025-11-25,1,2025-11-25 01:00:00,0.00143,False
Línea 1,2025-11-25,2,2025-11-25 02:00:00,-0.00046,False
Línea 1,2025-11-25,3,2025-11-25 03:00:00,-0.00331,False
Línea 1,2025-11-25,4,2025-11-25 04:00:00,-0.00306,False
Línea 1,2025-11-25,5,2025-11-25 05:00:00,0.00728,False
Línea 1,2025-11-25,6,2025-11-25 06:00:00,0.00432,False
Línea 1,2025-11-25,7,2025-11-25 07:00:00,0.01223,False
Línea 1,2025-11-25,8,2025-11-25 08:00:00,0.01492,False
Línea 1,2025-11-25,9,2025-11-25 09:00:00,0.00943,False
Línea 1,2025-11-25,10,2025-11-25 10:00:00,0.01827,False
Línea 1,2025-11-25,11,2025-11-25 11:00:00,0.01421,False
Línea 1,2025-11-25,12,2025-11-25 12:00:00,0.01525,False
Línea 1,2025-11-25,13,2025-11-25 13:00:00,0.00024,False
Línea 1,2025-11-25,14,2025-11-25 14:00:00,0.00675,False
Línea 1,2025-11-25,15,2025-11-25 15:00:00,0.0058,False
Línea 1,2025-11-25,16,2025-11-25 16:00:00,0.00774,False
Línea 1,2025-11-25,17,2025-11-25 17:00:00,0.0084,False
Línea 1,2025-11-25,18,2025-11-25 18:00:00,0.00658,False
Línea 1,2025-11-25,19,2025-11-25 19:00:00,0.00529,False
Línea 1,2025-11-25,20,2025-11-25 20:00:00,-0.00246,False
Línea 1,2025-11-25,21,2025-11-25 21:00:00,0.00414,False
Línea 1,2025-11-25,22,2025-11-25 22:00:00,0.00958,False
Línea 1,2025-11-25,23,2025-11-25 23:00:00,-0.0042,False
Línea 1,2025-11-26,0,2025-11-26 00:00:00,0.00636,False
Línea 1,2025-11-26,1,2025-11-26 01:00:00,0.0065,False
Línea 1,2025-11-26,2,2025-11-26 02:00:00,0.01192,False
Línea 1,2025-11-26,3,2025-11-26 03:00:00,0.00953,False
Línea 1,2025-11-26,4,2025-11-26 04:00:00,0.00396,False
Línea 1,2025-11-26,5,2025-11-26 05:00:00,0.00753,False
Línea 1,2025-11-26,6,2025-11-26 06:00:00,0.02446,False
Línea 1,2025-11-26,7,2025-11-26 07:00:00,0.0281,False
Línea 1,2025-11-26,8,2025-11-26 08:00:00,0.03194,False
Línea 1,2025-11-26,9,2025-11-26 09:00:00,0.02535,False
Línea 1,2025-11-26,10,2025-11-26 10:00:00,0.01932,False
Línea 1,2025-11-26,11,2025-11-26 11:00:00,0.02344,False
Línea 1,2025-11-26,12,2025-11-26 12:00:00,0.01739,False
Línea 1,2025-11-26,13,2025-11-26 13:00:00,0.01689,False
Línea 1,2025-11-26,14,2025-11-26 14:00:00,0.0268,False
Línea 1,2025-11-26,15,2025-11-26 15:00:00,0.02723,False
Línea 1,2025-11-26,16,2025-11-26 16:00:00,0.03409,False
Línea 1,2025-11-26,17,2025-11-26 17:00:00,0.01991,False
Línea 1,2025-11-26,18,2025-11-26 18:00:00,0.01019,False
Línea 1,2025-11-26,19,2025-11-26 19:00:00,0.01554,False
Línea 1,2025-11-26,20,2025-11-26 20:00:00,0.01264,False
Línea 1,2025-11-26,21,2025-11-26 21:00:00,0.00973,False
Línea 1,2025-11-26,22,2025-11-26 22:00:00,0.01347,False
Línea 1,2025-11-26,23,2025-11-26 23:00:00,0.00332,False
Línea 1,2025-11-27,0,2025-11-27 00:00:00,0.0213,False
Línea 1,2025-11-27,1,2025-11-27 01:00:00,0.0247,False
Línea 1,2025-11-27,2,2025-11-27 02:00:00,0.0301,False
Línea 1,2025-11-27,3,2025-11-27 03:00:00,0.02472,False
Línea 1,2025-11-27,4,2025-11-27 04:00:00,0.03077,False
Línea 1,2025-11-27,5,2025-11-27 05:00:00,0.02378,False
Línea 1,2025-11-27,6,2025-11-27 06:00:00,0.02669,False
Línea 1,2025-11-27,7,2025-11-27 07:00:00,0.03867,False
Línea 1,2025-11-27,8,2025-11-27 08:00:00,0.02429,False
Línea 1,2025-11-27,9,2025-11-27 09:00:00,0.03175,False
Línea 1,2025-11-27,10,2025-11-27 10:00:00,0.04221,False
Línea 1,2025-11-27,11,2025-11-27 11:00:00,0.03498,False
Línea 1,2025-11-27,12,2025-11-27 12:00:00,0.0348,False
Línea 1,2025-11-27,13,2025-11-27 13:00:00,0.03465,False
Línea 1,2025-11-27,14,2025-11-27 14:00:00,0.03615,False
Línea 1,2025-11-27,15,2025-11-27 15:00:00,0.04069,False
Línea 1,2025-11-27,16,2025-11-27 16:00:00,0.03806,False
Línea 1,2025-11-27,17,2025-11-27 17:00:00,0.03065,False
Línea 1,2025-11-27,18,2025-11-27 18:00:00,0.03507,False
Línea 1,2025-11-27,19,2025-11-27 19:00:00,0.02849,False
Línea 1,2025-11-27,20,2025-11-27 20:00:00,0.02967,False
Línea 1,2025-11-27,21,2025-11-27 21:00:00,0.01669,False
Línea 1,2025-11-27,22,2025-11-27 22:00:00,0.03202,False
Línea 1,2025-11-27,23,2025-11-27 23:00:00,0.02211,False
Línea 1,2025-11-28,0,2025-11-28 00:00:00,0.00402,False
Línea 1,2025-11-28,1,2025-11-28 01:00:00,0.03074,False
Línea 1,2025-11-28,2,2025-11-28 02:00:00,0.02162,False
Línea 1,2025-11-28,3,2025-11-28 03:00:00,0.02048,False
Línea 1,2025-11-28,4,2025-11-28 04:00:00,0.02088,False
Línea 1,2025-11-28,5,2025-11-28 05:00:00,0.02908,False
Línea 1,2025-11-28,6,2025-11-28 06:00:00,0.02318,False
Línea 1,2025-11-28,7,2025-11-28 07:00:00,0.02712,False
Línea 1,2025-11-28,8,2025-11-28 08:00:00,0.0292,False
Línea 1,2025-11-28,9,2025-11-28 09:00:00,0.03242,False
Línea 1,2025-11-28,10,2025-11-28 10:00:00,0.03235,False
Línea 1,2025-11-28,11,2025-11-28 11:00:00,0.04136,False
Línea 1,2025-11-28,12,2025-11-28 12:00:00,0.03814,False
Línea 1,2025-11-28,13,2025-11-28 13:00:00,0.0386,False
Línea 1,2025-11-28,14,2025-11-28 14:00:00,0.03911,False
Línea 1,2025-11-28,15,2025-11-28 15:00:00,0.03361,False
Línea 1,2025-11-28,16,2025-11-28 16:00:00,0.02639,False
Línea 1,2025-11-28,17,2025-11-28 17:00:00,0.04142,False
Línea 1,2025-11-28,18,2025-11-28 18:00:00,0.03408,False
Línea 1,2025-11-28,19,2025-11-28 19:00:00,0.03612,False
Línea 1,2025-11-28,20,2025-11-28 20:00:00,0.03072,False
Línea 1,2025-11-28,21,2025-11-28 21:00:00,0.0201,False
Línea 1,2025-11-28,22,2025-11-28 22:00:00,0.0075,False
Línea 1,2025-11-28,23,2025-11-28 23:00:00,0.01341,False
Línea 1,2025-11-29,0,2025-11-29 00:00:00,0.01416,False
Línea 1,2025-11-29,1,2025-11-29 01:00:00,0.01,False
Línea 1,2025-11-29,2,2025-11-29 02:00:00,0.00889,False
Línea 1,2025-11-29,3,2025-11-29 03:00:00,-0.00229,False
Línea 1,2025-11-29,4,2025-11-29 04:00:00,0.01426,False
Línea 1,2025-11-29,5,2025-11-29 05:00:00,0.00978,False
Línea 1,2025-11-29,6,2025-11-29 06:00:00,0.01399,False
Línea 1,2025-11-29,7,2025-11-29 07:00:00,0.02551,False
Línea 1,2025-11-29,8,2025-11-29 08:00:00,0.01616,False
Línea 1,2025-11-29,9,2025-11-29 09:00:00,0.01839,False
Línea 1,2025-11-29,10,2025-11-29 10:00:00,0.02638,False
Línea 1,2025-11-29,11,2025-11-29 11:00:00,0.0313,False
Línea 1,2025-11-29,12,2025-11-29 12:00:00,0.02392,False
Línea 1,2025-11-29,13,2025-11-29 13:00:00,0.03487,False
Línea 1,2025-11-29,14,2025-11-29 14:00:00,0.01759,False
Línea 1,2025-11-29,15,2025-11-29 15:00:00,0.01527,False
Línea 1,2025-11-29,16,2025-11-29 16:00:00,0.0131,False
Línea 1,2025-11-29,17,2025-11-29 17:00:00,0.0105,False
Línea 1,2025-11-29,18,2025-11-29 18:00:00,0.02036,False
Línea 1,2025-11-29,19,2025-11-29 19:00:00,0.0104,False
Línea 1,2025-11-29,20,2025-11-29 20:00:00,0.00588,False
Línea 1,2025-11-29,21,2025-11-29 21:00:00,0.01496,False
Línea 1,2025-11-29,22,2025-11-29 22:00:00,0.01635,False
Línea 1,2025-11-29,23,2025-11-29 23:00:00,0.01692,False
Línea 1,2025-11-30,0,2025-11-30 00:00:00,0.0029,False
Línea 1,2025-11-30,1,2025-11-30 01:00:00,-0.00759,False
Línea 1,2025-11-30,2,2025-11-30 02:00:00,0.00038,False
Línea 1,2025-11-30,3,2025-11-30 03:00:00,0.00297,False
Línea 1,2025-11-30,4,2025-11-30 04:00:00,-0.0012,False
Línea 1,2025-11-30,5,2025-11-30 05:00:00,0.00457,False
Línea 1,2025-11-30,6,2025-11-30 06:00:00,-0.00186,False
Línea 1,2025-11-30,7,2025-11-30 07:00:00,0.00395,False
Línea 1,2025-11-30,8,2025-11-30 08:00:00,0.01188,False
Línea 1,2025-11-30,9,2025-11-30 09:00:00,0.02035,False
Línea 1,2025-11-30,10,2025-11-30 10:00:00,0.01948,False
Línea 1,2025-11-30,11,2025-11-30 11:00:00,0.01734,False
Línea 1,2025-11-30,12,2025-11-30 12:00:00,0.01413,False
Línea 1,2025-11-30,13,2025-11-30 13:00:00,0.01292,False
Línea 1,2025-11-30,14,2025-11-30 14:00:00,0.00389,False
Línea 1,2025-11-30,15,2025-11-30 15:00:00,0.00629,False
Línea 1,2025-11-30,16,2025-11-30 16:00:00,0.00483,False
Línea 1,2025-11-30,17,2025-11-30 17:00:00,0.01117,False
Línea 1,2025-11-30,18,2025-11-30 18:00:00,0.01132,False
Línea 1,2025-11-30,19,2025-11-30 19:00:00,0.008,False
Línea 1,2025-11-30,20,2025-11-30 20:00:00,0.00874,False
Línea 1,2025-11-30,21,2025-11-30 21:00:00,0.00042,False
Línea 1,2025-11-30,22,2025-11-30 22:00:00,-0.00718,False
Línea 1,2025-11-30,23,2025-11-30 23:00:00,-0.00238,False
Línea 1,2025-12-01,0,2025-12-01 00:00:00,-0.01235,False
Línea 1,2025-12-01,1,2025-12-01 01:00:00,-0.00378,False
Línea 1,2025-12-01,2,2025-12-01 02:00:00,-0.00908,False
Línea 1,2025-12-01,3,2025-12-01 03:00:00,-0.00625,False
Línea 1,2025-12-01,4,2025-12-01 04:00:00,0.00016,False
Línea 1,2025-12-01,5,2025-12-01 05:00:00,-0.00652,False
Línea 1,2025-12-01,6,2025-12-01 06:00:00,0.00578,False
Línea 1,2025-12-01,7,2025-12-01 07:00:00,-0.00602,False
Línea 1,2025-12-01,8,2025-12-01 08:00:00,0.00584,False
Línea 1,2025-12-01,9,2025-12-01 09:00:00,0.00511,False
Línea 1,2025-12-01,10,2025-12-01 10:00:00,0.01189,False
Línea 1,2025-12-01,11,2025-12-01 11:00:00,-0.00052,False
Línea 1,2025-12-01,12,2025-12-01 12:00:00,-0.00118,False
Línea 1,2025-12-01,13,2025-12-01 13:00:00,0.01223,False
Línea 1,2025-12-01,14,2025-12-01 14:00:00,0.00458,False
Línea 1,2025-12-01,15,2025-12-01 15:00:00,0.00511,False
Línea 1,2025-12-01,16,2025-12-01 16:00:00,4e-05,False
Línea 1,2025-12-01,17,2025-12-01 17:00:00,0.00755,False
Línea 1,2025-12-01,18,2025-12-01 18:00:00,0.0018,False
Línea 1,2025-12-01,19,2025-12-01 19:00:00,-0.00063,False
Línea 1,2025-12-01,20,2025-12-01 20:00:00,-0.01102,False
Línea 1,2025-12-01,21,2025-12-01 21:00:00,-0.00265,False
Línea 1,2025-12-01,22,2025-12-01 22:00:00,-0.01288,False
Línea 1,2025-12-01,23,2025-12-01 23:00:00,-0.01168,False
Línea 1,2025-12-02,0,2025-12-02 00:00:00,-0.01054,False
Línea 1,2025-12-02,1,2025-12-02 01:00:00,-0.00302,False
Línea 1,2025-12-02,2,2025-12-02 02:00:00,0.00511,False
Línea 1,2025-12-02,3,2025-12-02 03:00:00,0.00135,False
Línea 1,2025-12-02,4,2025-12-02 04:00:00,-0.001,False
Línea 1,2025-12-02,5,2025-12-02 05:00:00,0.00423,False
Línea 1,2025-12-02,6,2025-12-02 06:00:00,0.00627,False
Línea 1,2025-12-02,7,2025-12-02 07:00:00,0.00811,False
Línea 1,2025-12-02,8,2025-12-02 08:00:00,0.01071,False
Línea 1,2025-12-02,9,2025-12-02 09:00:00,0.00506,False
Línea 1,2025-12-02,10,2025-12-02 10:00:00,0.01998,True
Línea 1,2025-12-02,11,2025-12-02 11:00:00,0.03317,True
Línea 1,2025-12-02,12,2025-12-02 12:00:00,0.0671,True
Línea 1,2025-12-02,13,2025-12-02 13:00:00,0.03709,True
Línea 1,2025-12-02,14,2025-12-02 14:00:00,0.02641,True
Línea 1,2025-12-02,15,2025-12-02 15:00:00,-0.00337,False
Línea 1,2025-12-02,16,2025-12-02 16:00:00,0.01969,False
Línea 1,2025-12-02,17,2025-12-02 17:00:00,-0.00212,False
Línea 1,2025-12-02,18,2025-12-02 18:00:00,-0.00155,False
Línea 1,2025-12-02,19,2025-12-02 19:00:00,0.00537,False
Línea 1,2025-12-02,20,2025-12-02 20:00:00,0.00536,False
Línea 1,2025-12-02,21,2025-12-02 21:00:00,-0.00171,False
Línea 1,2025-12-02,22,2025-12-02 22:00:00,0.00408,False
Línea 1,2025-12-02,23,2025-12-02 23:00:00,-0.00686,False
Línea 1,2025-12-03,0,2025-12-03 00:00:00,0.00794,False
Línea 1,2025-12-03,1,2025-12-03 01:00:00,0.0088,False
Línea 1,2025-12-03,2,2025-12-03 02:00:00,0.00818,False
Línea 1,2025-12-03,3,2025-12-03 03:00:00,0.00108,False
Línea 1,2025-12-03,4,2025-12-03 04:00:00,0.01419,False
Línea 1,2025-12-03,5,2025-12-03 05:00:00,0.01558,False
Línea 1,2025-12-03,6,2025-12-03 06:00:00,0.02481,False
Línea 1,2025-12-03,7,2025-12-03 07:00:00,0.01269,False
Línea 1,2025-12-03,8,2025-12-03 08:00:00,0.0185,False
Línea 1,2025-12-03,9,2025-12-03 09:00:00,0.03122,False
Línea 1,2025-12-03,10,2025-12-03 10:00:00,0.02703,False
Línea 1,2025-12-03,11,2025-12-03 11:00:00,0.02936,False
Línea 1,2025-12-03,12,2025-12-03 12:00:00,0.02906,False
Línea 1,2025-12-03,13,2025-12-03 13:00:00,0.02881,False
Línea 1,2025-12-03,14,2025-12-03 14:00:00,0.03619,False
Línea 1,2025-12-03,15,2025-12-03 15:00:00,0.02454,False
Línea 1,2025-12-03,16,2025-12-03 16:00:00,0.01627,False
Línea 1,2025-12-03,17,2025-12-03 17:00:00,0.02424,False
Línea 1,2025-12-03,18,2025-12-03 18:00:00,0.01494,False
Línea 1,2025-12-03,19,2025-12-03 19:00:00,0.01561,False
Línea 1,2025-12-03,20,2025-12-03 20:00:00,0.01656,False
Línea 1,2025-12-03,21,2025-12-03 21:00:00,0.00775,False
Línea 1,2025-12-03,22,2025-12-03 22:00:00,0.00835,False
Línea 1,2025-12-03,23,2025-12-03 23:00:00,0.01347,False
Línea 1,2025-12-04,0,2025-12-04 00:00:00,0.01722,False
Línea 1,2025-12-04,1,2025-12-04 01:00:00,0.02663,False
Línea 1,2025-12-04,2,2025-12-04 02:00:00,0.01567,False
Línea 1,2025-12-04,3,2025-12-04 03:00:00,0.01692,False
Línea 1,2025-12-04,4,2025-12-04 04:00:00,0.03595,False
Línea 1,2025-12-04,5,2025-12-04 05:00:00,0.01726,False
Línea 1,2025-12-04,6,2025-12-04 06:00:00,0.02835,False
Línea 1,2025-12-04,7,2025-12-04 07:00:00,0.04169,False
Línea 1,2025-12-04,8,2025-12-04 08:00:00,0.03234,False
Línea 1,2025-12-04,9,2025-12-04 09:00:00,0.04225,False
Línea 1,2025-12-04,10,2025-12-04 10:00:00,0.03936,False
Línea 1,2025-12-04,11,2025-12-04 11:00:00,0.0362,False
Línea 1,2025-12-04,12,2025-12-04 12:00:00,0.03573,False
Línea 1,2025-12-04,13,2025-12-04 13:00:00,0.02353,False
Línea 1,2025-12-04,14,2025-12-04 14:00:00,0.03353,False
Línea 1,2025-12-04,15,2025-12-04 15:00:00,0.03556,False
Línea 1,2025-12-04,16,2025-12-04 16:00:00,0.0339,False
Línea 1,2025-12-04,17,2025-12-04 17:00:00,0.04538,False
Línea 1,2025-12-04,18,2025-12-04 18:00:00,0.0302,False
Línea 1,2025-12-04,19,2025-12-04 19:00:00,0.03022,False
Línea 1,2025-12-04,20,2025-12-04 20:00:00,0.0315,False
Línea 1,2025-12-04,21,2025-12-04 21:00:00,0.0261,False
Línea 1,2025-12-04,22,2025-12-04 22:00:00,0.02107,False
Línea 1,2025-12-04,23,2025-12-04 23:00:00,0.0203,False
Línea 1,2025-12-05,0,2025-12-05 00:00:00,0.01841,False
Línea 1,2025-12-05,1,2025-12-05 01:00:00,0.02345,False
Línea 1,2025-12-05,2,2025-12-05 02:00:00,0.02056,False
Línea 1,2025-12-05,3,2025-12-05 03:00:00,0.02661,False
Línea 1,2025-12-05,4,2025-12-05 04:00:00,0.01846,False
Línea 1,2025-12-05,5,2025-12-05 05:00:00,0.02733,False
Línea 1,2025-12-05,6,2025-12-05 06:00:00,0.03783,False
Línea 1,2025-12-05,7,2025-12-05 07:00:00,0.02924,False
Línea 1,2025-12-05,8,2025-12-05 08:00:00,0.04357,False
Línea 1,2025-12-05,9,2025-12-05 09:00:00,0.03515,False
Línea 1,2025-12-05,10,2025-12-05 10:00:00,0.0351,False
Línea 1,2025-12-05,11,2025-12-05 11:00:00,0.03694,False
Línea 1,2025-12-05,12,2025-12-05 12:00:00,0.03465,False
Línea 1,2025-12-05,13,2025-12-05 13:00:00,0.02436,False
Línea 1,2025-12-05,14,2025-12-05 14:00:00,0.04072,False
Línea 1,2025-12-05,15,2025-12-05 15:00:00,0.04733,False
Línea 1,2025-12-05,16,2025-12-05 16:00:00,0.0354,False
Línea 1,2025-12-05,17,2025-12-05 17:00:00,0.03383,False
Línea 1,2025-12-05,18,2025-12-05 18:00:00,0.02742,False
Línea 1,2025-12-05,19,2025-12-05 19:00:00,0.03339,False
Línea 1,2025-12-05,20,2025-12-05 20:00:00,0.02428,False
Línea 1,2025-12-05,21,2025-12-05 21:00:00,0.02446,False
Línea 1,2025-12-05,22,2025-12-05 22:00:00,0.0122,False
Línea 1,2025-12-05,23,2025-12-05 23:00:00,0.01761,False
Línea 1,2025-12-06,0,2025-12-06 00:00:00,0.01254,False
Línea 1,2025-12-06,1,2025-12-06 01:00:00,0.01605,False
Línea 1,2025-12-06,2,2025-12-06 02:00:00,0.01702,False
Línea 1,2025-12-06,3,2025-12-06 03:00:00,0.00321,False
Línea 1,2025-12-06,4,2025-12-06 04:00:00,0.00547,False
Línea 1,2025-12-06,5,2025-12-06 05:00:00,0.01977,False
Línea 1,2025-12-06,6,2025-12-06 06:00:00,0.01386,False
Línea 1,2025-12-06,7,2025-12-06 07:00:00,0.02578,False
Línea 1,2025-12-06,8,2025-12-06 08:00:00,0.01256,False
Línea 1,2025-12-06,9,2025-12-06 09:00:00,0.0234,False
Línea 1,2025-12-06,10,2025-12-06 10:00:00,0.02506,False
Línea 1,2025-12-06,11,2025-12-06 11:00:00,0.02895,False
Línea 1,2025-12-06,12,2025-12-06 12:00:00,0.02015,False
Línea 1,2025-12-06,13,2025-12-06 13:00:00,0.01426,False
Línea 1,2025-12-06,14,2025-12-06 14:00:00,0.02629,False
Línea 1,2025-12-06,15,2025-12-06 15:00:00,0.02715,False
Línea 1,2025-12-06,16,2025-12-06 16:00:00,0.02838,False
Línea 1,2025-12-06,17,2025-12-06 17:00:00,0.01826,False
Línea 1,2025-12-06,18,2025-12-06 18:00:00,0.02299,False
Línea 1,2025-12-06,19,2025-12-06 19:00:00,0.01918,False
Línea 1,2025-12-06,20,2025-12-06 20:00:00,0.02227,False
Línea 1,2025-12-06,21,2025-12-06 21:00:00,0.01235,False
Línea 1,2025-12-06,22,2025-12-06 22:00:00,0.00103,False
Línea 1,2025-12-06,23,2025-12-06 23:00:00,0.0102,False
Línea 1,2025-12-07,0,2025-12-07 00:00:00,-0.00182,False
Línea 1,2025-12-07,1,2025-12-07 01:00:00,0.00103,False
Línea 1,2025-12-07,2,2025-12-07 02:00:00,-0.01048,False
Línea 1,2025-12-07,3,2025-12-07 03:00:00,-0.00188,False
Línea 1,2025-12-07,4,2025-12-07 04:00:00,0.00686,False
Línea 1,2025-12-07,5,2025-12-07 05:00:00,0.00295,False
Línea 1,2025-12-07,6,2025-12-07 06:00:00,0.00381,False
Línea 1,2025-12-07,7,2025-12-07 07:00:00,0.01916,False
Línea 1,2025-12-07,8,2025-12-07 08:00:00,0.00323,False
Línea 1,2025-12-07,9,2025-12-07 09:00:00,0.0187,False
Línea 1,2025-12-07,10,2025-12-07 10:00:00,0.0187,False
Línea 1,2025-12-07,11,2025-12-07 11:00:00,0.01202,False
Línea 1,2025-12-07,12,2025-12-07 12:00:00,0.01345,False
Línea 1,2025-12-07,13,2025-12-07 13:00:00,0.01316,False
Línea 1,2025-12-07,14,2025-12-07 14:00:00,0.01367,False
Línea 1,2025-12-07,15,2025-12-07 15:00:00,0.00774,False
Línea 1,2025-12-07,16,2025-12-07 16:00:00,0.00708,False
Línea 1,2025-12-07,17,2025-12-07 17:00:00,0.00559,False
Línea 1,2025-12-07,18,2025-12-07 18:00:00,0.00371,False
Línea 1,2025-12-07,19,2025-12-07 19:00:00,0.00171,False
Línea 1,2025-12-07,20,2025-12-07 20:00:00,-0.0118,False
Línea 1,2025-12-07,21,2025-12-07 21:00:00,0.00058,False
Línea 1,2025-12-07,22,2025-12-07 22:00:00,-0.00445,False
Línea 1,2025-12-07,23,2025-12-07 23:00:00,-0.01328,False
Línea 1,2025-12-08,0,2025-12-08 00:00:00,-0.0101,False
Línea 1,2025-12-08,1,2025-12-08 01:00:00,-0.01001,False
Línea 1,2025-12-08,2,2025-12-08 02:00:00,0.00072,False
Línea 1,2025-12-08,3,2025-12-08 03:00:00,-0.00889,False
Línea 1,2025-12-08,4,2025-12-08 04:00:00,1e-05,False
Línea 1,2025-12-08,5,2025-12-08 05:00:00,0.00623,False
Línea 1,2025-12-08,6,2025-12-08 06:00:00,-0.00377,False
Línea 1,2025-12-08,7,2025-12-08 07:00:00,0.00179,False
Línea 1,2025-12-08,8,2025-12-08 08:00:00,0.01437,False
Línea 1,2025-12-08,9,2025-12-08 09:00:00,0.00703,False
Línea 1,2025-12-08,10,2025-12-08 10:00:00,0.00917,False
Línea 1,2025-12-08,11,2025-12-08 11:00:00,0.00528,False
Línea 1,2025-12-08,12,2025-12-08 12:00:00,0.01212,False
Línea 1,2025-12-08,13,2025-12-08 13:00:00,0.00749,False
Línea 1,2025-12-08,14,2025-12-08 14:00:00,-0.00406,False
Línea 1,2025-12-08,15,2025-12-08 15:00:00,0.00353,False
Línea 1,2025-12-08,16,2025-12-08 16:00:00,-0.0031,False
Línea 1,2025-12-08,17,2025-12-08 17:00:00,0.00274,False
Línea 1,2025-12-08,18,2025-12-08 18:00:00,-0.0055,False
Línea 1,2025-12-08,19,2025-12-08 19:00:00,0.0008,False
Línea 1,2025-12-08,20,2025-12-08 20:00:00,-0.00373,False
Línea 1,2025-12-08,21,2025-12-08 21:00:00,-0.01314,False
Línea 1,2025-12-08,22,2025-12-08 22:00:00,-0.00988,False
Línea 1,2025-12-08,23,2025-12-08 23:00:00,-0.004,False
Línea 1,2025-12-09,0,2025-12-09 00:00:00,0.00454,False
Línea 1,2025-12-09,1,2025-12-09 01:00:00,-0.00749,False
Línea 1,2025-12-09,2,2025-12-09 02:00:00,-0.00787,False
Línea 1,2025-12-09,3,2025-12-09 03:00:00,0.0117,False
Línea 1,2025-12-09,4,2025-12-09 04:00:00,0.00159,False
Línea 1,2025-12-09,5,2025-12-09 05:00:00,0.00413,False
Línea 1,2025-12-09,6,2025-12-09 06:00:00,0.00121,False
Línea 1,2025-12-09,7,2025-12-09 07:00:00,0.00901,False
Línea 1,2025-12-09,8,2025-12-09 08:00:00,0.01994,False
Línea 1,2025-12-09,9,2025-12-09 09:00:00,0.01283,False
Línea 1,2025-12-09,10,2025-12-09 10:00:00,0.01897,False
Línea 1,2025-12-09,11,2025-12-09 11:00:00,0.01355,False
Línea 1,2025-12-09,12,2025-12-09 12:00:00,0.00749,False
Línea 1,2025-12-09,13,2025-12-09 13:00:00,0.00928,False
Línea 1,2025-12-09,14,2025-12-09 14:00:00,0.00587,False
Línea 1,2025-12-09,15,2025-12-09 15:00:00,0.01261,False
Línea 1,2025-12-09,16,2025-12-09 16:00:00,0.01699,False
Línea 1,2025-12-09,17,2025-12-09 17:00:00,0.00868,False
Línea 1,2025-12-09,18,2025-12-09 18:00:00,0.0038,False
Línea 1,2025-12-09,19,2025-12-09 19:00:00,-0.00116,False
Línea 1,2025-12-09,20,2025-12-09 20:00:00,0.00378,False
Línea 1,2025-12-09,21,2025-12-09 21:00:00,-0.00744,False
Línea 1,2025-12-09,22,2025-12-09 22:00:00,-0.00809,False
Línea 1,2025-12-09,23,2025-12-09 23:00:00,0.00332,False
Línea 1,2025-12-10,0,2025-12-10 00:00:00,0.00867,False
Línea 1,2025-12-10,1,2025-12-10 01:00:00,0.00883,False
Línea 1,2025-12-10,2,2025-12-10 02:00:00,0.0104,False
Línea 1,2025-12-10,3,2025-12-10 03:00:00,0.01704,False
Línea 1,2025-12-10,4,2025-12-10 04:00:00,0.01533,False
Línea 1,2025-12-10,5,2025-12-10 05:00:00,0.01181,False
Línea 1,2025-12-10,6,2025-12-10 06:00:00,0.0141,False
Línea 1,2025-12-10,7,2025-12-10 07:00:00,0.01924,False
Línea 1,2025-12-10,8,2025-12-10 08:00:00,0.02415,False
Línea 1,2025-12-10,9,2025-12-10 09:00:00,0.02378,False
Línea 1,2025-12-10,10,2025-12-10 10:00:00,0.02452,False
Línea 1,2025-12-10,11,2025-12-10 11:00:00,0.02634,False
Línea 1,2025-12-10,12,2025-12-10 12:00:00,0.02612,False
Línea 1,2025-12-10,13,2025-12-10 13:00:00,0.02138,False
Línea 1,2025-12-10,14,2025-12-10 14:00:00,0.03191,False
Línea 1,2025-12-10,15,2025-12-10 15:00:00,0.0211,False
Línea 1,2025-12-10,16,2025-12-10 16:00:00,0.02311,False
Línea 1,2025-12-10,17,2025-12-10 17:00:00,0.00805,False
Línea 1,2025-12-10,18,2025-12-10 18:00:00,0.01705,False
Línea 1,2025-12-10,19,2025-12-10 19:00:00,0.00967,False
Línea 1,2025-12-10,20,2025-12-10 20:00:00,0.00846,False
Línea 1,2025-12-10,21,2025-12-10 21:00:00,0.02721,False
Línea 1,2025-12-10,22,2025-12-10 22:00:00,0.01291,False
Línea 1,2025-12-10,23,2025-12-10 23:00:00,0.01797,False
Línea 1,2025-12-11,0,2025-12-11 00:00:00,0.02565,False
Línea 1,2025-12-11,1,2025-12-11 01:00:00,0.02669,False
Línea 1,2025-12-11,2,2025-12-11 02:00:00,0.02039,False
Línea 1,2025-12-11,3,2025-12-11 03:00:00,0.0325,False
Línea 1,2025-12-11,4,2025-12-11 04:00:00,0.02959,False
Línea 1,2025-12-11,5,2025-12-11 05:00:00,0.02669,False
Línea 1,2025-12-11,6,2025-12-11 06:00:00,0.03009,False
Línea 1,2025-12-11,7,2025-12-11 07:00:00,0.02976,False
Línea 1,2025-12-11,8,2025-12-11 08:00:00,0.03283,False
Línea 1,2025-12-11,9,2025-12-11 09:00:00,0.03391,False
Línea 1,2025-12-11,10,2025-12-11 10:00:00,0.03773,False
Línea 1,2025-12-11,11,2025-12-11 11:00:00,0.04668,False
Línea 1,2025-12-11,12,2025-12-11 12:00:00,0.02928,False
Línea 1,2025-12-11,13,2025-12-11 13:00:00,0.0431,False
Línea 1,2025-12-11,14,2025-12-11 14:00:00,0.03323,False
Línea 1,2025-12-11,15,2025-12-11 15:00:00,0.04179,False
Línea 1,2025-12-11,16,2025-12-11 16:00:00,0.03051,False
Línea 1,2025-12-11,17,2025-12-11 17:00:00,0.03306,False
Línea 1,2025-12-11,18,2025-12-11 18:00:00,0.02756,False
Línea 1,2025-12-11,19,2025-12-11 19:00:00,0.01606,False
Línea 1,2025-12-11,20,2025-12-11 20:00:00,0.03495,False
Línea 1,2025-12-11,21,2025-12-11 21:00:00,0.0172,False
Línea 1,2025-12-11,22,2025-12-11 22:00:00,0.02209,False
Línea 1,2025-12-11,23,2025-12-11 23:00:00,0.01447,False
Línea 1,2025-12-12,0,2025-12-12 00:00:00,0.01249,False
Línea 1,2025-12-12,1,2025-12-12 01:00:00,0.01956,False
Línea 1,2025-12-12,2,2025-12-12 02:00:00,0.01803,False
Línea 1,2025-12-12,3,2025-12-12 03:00:00,0.01584,False
Línea 1,2025-12-12,4,2025-12-12 04:00:00,0.0243,False
Línea 1,2025-12-12,5,2025-12-12 05:00:00,0.01755,False
Línea 1,2025-12-12,6,2025-12-12 06:00:00,0.02927,False
Línea 1,2025-12-12,7,2025-12-12 07:00:00,0.02982,False
Línea 1,2025-12-12,8,2025-12-12 08:00:00,0.01763,False
Línea 1,2025-12-12,9,2025-12-12 09:00:00,0.03103,False
Línea 1,2025-12-12,10,2025-12-12 10:00:00,0.03825,False
Línea 1,2025-12-12,11,2025-12-12 11:00:00,0.02986,False
Línea 1,2025-12-12,12,2025-12-12 12:00:00,0.03959,False
Línea 1,2025-12-12,13,2025-12-12 13:00:00,0.03884,False
Línea 1,2025-12-12,14,2025-12-12 14:00:00,0.02934,False
Línea 1,2025-12-12,15,2025-12-12 15:00:00,0.0341,False
Línea 1,2025-12-12,16,2025-12-12 16:00:00,0.03746,False
Línea 1,2025-12-12,17,2025-12-12 17:00:00,0.02533,False
Línea 1,2025-12-12,18,2025-12-12 18:00:00,0.02728,False
Línea 1,2025-12-12,19,2025-12-12 19:00:00,0.03335,False
Línea 1,2025-12-12,20,2025-12-12 20:00:00,0.01937,False
Línea 1,2025-12-12,21,2025-12-12 21:00:00,0.02561,False
Línea 1,2025-12-12,22,2025-12-12 22:00:00,0.01511,False
Línea 1,2025-12-12,23,2025-12-12 23:00:00,0.01982,False
Línea 1,2025-12-13,0,2025-12-13 00:00:00,0.01302,False
Línea 1,2025-12-13,1,2025-12-13 01:00:00,-0.00382,False
Línea 1,2025-12-13,2,2025-12-13 02:00:00,0.0082,False
Línea 1,2025-12-13,3,2025-12-13 03:00:00,0.01526,False
Línea 1,2025-12-13,4,2025-12-13 04:00:00,0.01569,False
Línea 1,2025-12-13,5,2025-12-13 05:00:00,0.01313,False
Línea 1,2025-12-13,6,2025-12-13 06:00:00,0.01171,False
Línea 1,2025-12-13,7,2025-12-13 07:00:00,0.02418,False
Línea 1,2025-12-13,8,2025-12-13 08:00:00,0.0204,False
Línea 1,2025-12-13,9,2025-12-13 09:00:00,0.02727,False
Línea 1,2025-12-13,10,2025-12-13 10:00:00,0.02755,False
Línea 1,2025-12-13,11,2025-12-13 11:00:00,0.02338,False
Línea 1,2025-12-13,12,2025-12-13 12:00:00,0.03277,False
Línea 1,2025-12-13,13,2025-12-13 13:00:00,0.0225,False
Línea 1,2025-12-13,14,2025-12-13 14:00:00,0.03241,False
Línea 1,2025-12-13,15,2025-12-13 15:00:00,0.03192,False
Línea 1,2025-12-13,16,2025-12-13 16:00:00,0.02864,False
Línea 1,2025-12-13,17,2025-12-13 17:00:00,0.01932,False
Línea 1,2025-12-13,18,2025-12-13 18:00:00,0.03362,False
Línea 1,2025-12-13,19,2025-12-13 19:00:00,0.01718,False
Línea 1,2025-12-13,20,2025-12-13 20:00:00,0.01578,False
Línea 1,2025-12-13,21,2025-12-13 21:00:00,0.01255,False
Línea 1,2025-12-13,22,2025-12-13 22:00:00,0.00463,False
Línea 1,2025-12-13,23,2025-12-13 23:00:00,0.01838,False
Línea 1,2025-12-14,0,2025-12-14 00:00:00,-0.00579,False
Línea 1,2025-12-14,1,2025-12-14 01:00:00,0.00344,False
Línea 1,2025-12-14,2,2025-12-14 02:00:00,0.00568,False
Línea 1,2025-12-14,3,2025-12-14 03:00:00,0.00361,False
Línea 1,2025-12-14,4,2025-12-14 04:00:00,-0.0025,False
Línea 1,2025-12-14,5,2025-12-14 05:00:00,0.00153,False
Línea 1,2025-12-14,6,2025-12-14 06:00:00,-0.01041,False
Línea 1,2025-12-14,7,2025-12-14 07:00:00,0.00702,False
Línea 1,2025-12-14,8,2025-12-14 08:00:00,0.01446,False
Línea 1,2025-12-14,9,2025-12-14 09:00:00,0.00988,False
Línea 1,2025-12-14,10,2025-12-14 10:00:00,0.00904,False
Línea 1,2025-12-14,11,2025-12-14 11:00:00,0.01159,False
Línea 1,2025-12-14,12,2025-12-14 12:00:00,0.02094,False
Línea 1,2025-12-14,13,2025-12-14 13:00:00,0.01305,False
Línea 1,2025-12-14,14,2025-12-14 14:00:00,0.02372,False
Línea 1,2025-12-14,15,2025-12-14 15:00:00,0.00788,False
Línea 1,2025-12-14,16,2025-12-14 16:00:00,0.01095,False
Línea 1,2025-12-14,17,2025-12-14 17:00:00,0.00512,False
Línea 1,2025-12-14,18,2025-12-14 18:00:00,0.01809,False
Línea 1,2025-12-14,19,2025-12-14 19:00:00,0.00466,False
Línea 1,2025-12-14,20,2025-12-14 20:00:00,0.01442,False
Línea 1,2025-12-14,21,2025-12-14 21:00:00,-0.00253,False
Línea 1,2025-12-14,22,2025-12-14 22:00:00,0.00788,False
Línea 1,2025-12-14,23,2025-12-14 23:00:00,-0.00137,False
Línea 1,2025-12-15,0,2025-12-15 00:00:00,-0.00298,False
Línea 1,2025-12-15,1,2025-12-15 01:00:00,-0.01505,False
Línea 1,2025-12-15,2,2025-12-15 02:00:00,-0.00484,False
Línea 1,2025-12-15,3,2025-12-15 03:00:00,-0.01207,False
Línea 1,2025-12-15,4,2025-12-15 04:00:00,-0.00246,False
Línea 1,2025-12-15,5,2025-12-15 05:00:00,-0.01118,False
Línea 1,2025-12-15,6,2025-12-15 06:00:00,-0.00056,False
Línea 1,2025-12-15,7,2025-12-15 07:00:00,0.00864,False
Línea 1,2025-12-15,8,2025-12-15 08:00:00,0.00729,False
Línea 1,2025-12-15,9,2025-12-15 09:00:00,-0.00175,False
Línea 1,2025-12-15,10,2025-12-15 10:00:00,-0.00446,False
Línea 1,2025-12-15,11,2025-12-15 11:00:00,0.01071,False
Línea 1,2025-12-15,12,2025-12-15 12:00:00,0.01749,False
Línea 1,2025-12-15,13,2025-12-15 13:00:00,0.00194,False
Línea 1,2025-12-15,14,2025-12-15 14:00:00,0.01951,False
Línea 1,2025-12-15,15,2025-12-15 15:00:00,0.00562,False
Línea 1,2025-12-15,16,2025-12-15 16:00:00,-0.00775,False
Línea 1,2025-12-15,17,2025-12-15 17:00:00,-0.00729,False
Línea 1,2025-12-15,18,2025-12-15 18:00:00,0.00462,False
Línea 1,2025-12-15,19,2025-12-15 19:00:00,-0.00129,False
Línea 1,2025-12-15,20,2025-12-15 20:00:00,0.00489,False
Línea 1,2025-12-15,21,2025-12-15 21:00:00,-0.01285,False
Línea 1,2025-12-15,22,2025-12-15 22:00:00,-0.00622,False
Línea 1,2025-12-15,23,2025-12-15 23:00:00,-0.00769,False
Línea 1,2025-12-16,0,2025-12-16 00:00:00,-0.00321,False
Línea 1,2025-12-16,1,2025-12-16 01:00:00,-0.00438,False
Línea 1,2025-12-16,2,2025-12-16 02:00:00,-0.00346,False
Línea 1,2025-12-16,3,2025-12-16 03:00:00,0.00104,False
Línea 1,2025-12-16,4,2025-12-16 04:00:00,0.00346,False
Línea 1,2025-12-16,5,2025-12-16 05:00:00,0.00509,False
Línea 1,2025-12-16,6,2025-12-16 06:00:00,0.01288,False
Línea 1,2025-12-16,7,2025-12-16 07:00:00,0.00051,False
Línea 1,2025-12-16,8,2025-12-16 08:00:00,-0.00122,False
Línea 1,2025-12-16,9,2025-12-16 09:00:00,0.01741,False
Línea 1,2025-12-16,10,2025-12-16 10:00:00,0.00691,False
Línea 1,2025-12-16,11,2025-12-16 11:00:00,0.0111,False
Línea 1,2025-12-16,12,2025-12-16 12:00:00,0.00998,False
Línea 1,2025-12-16,13,2025-12-16 13:00:00,0.00957,False
Línea 1,2025-12-16,14,2025-12-16 14:00:00,0.00383,False
Línea 1,2025-12-16,15,2025-12-16 15:00:00,0.00789,False
Línea 1,2025-12-16,16,2025-12-16 16:00:00,0.01354,False
Línea 1,2025-12-16,17,2025-12-16 17:00:00,0.00769,False
Línea 1,2025-12-16,18,2025-12-16 18:00:00,0.00867,False
Línea 1,2025-12-16,19,2025-12-16 19:00:00,0.0006,False
Línea 1,2025-12-16,20,2025-12-16 20:00:00,0.00706,False
Línea 1,2025-12-16,21,2025-12-16 21:00:00,-0.00306,False
Línea 1,2025-12-16,22,2025-12-16 22:00:00,-0.01393,False
Línea 1,2025-12-16,23,2025-12-16 23:00:00,-0.00018,False
Línea 1,2025-12-17,0,2025-12-17 00:00:00,0.01494,False
Línea 1,2025-12-17,1,2025-12-17 01:00:00,0.00725,False
Línea 1,2025-12-17,2,2025-12-17 02:00:00,0.0186,False
Línea 1,2025-12-17,3,2025-12-17 03:00:00,0.00758,False
Línea 1,2025-12-17,4,2025-12-17 04:00:00,0.01836,False
Línea 1,2025-12-17,5,2025-12-17 05:00:00,0.02674,False
Línea 1,2025-12-17,6,2025-12-17 06:00:00,0.01856,False
Línea 1,2025-12-17,7,2025-12-17 07:00:00,0.01905,False
Línea 1,2025-12-17,8,2025-12-17 08:00:00,0.0217,False
Línea 1,2025-12-17,9,2025-12-17 09:00:00,0.03376,False
Línea 1,2025-12-17,10,2025-12-17 10:00:00,0.02768,False
Línea 1,2025-12-17,11,2025-12-17 11:00:00,0.03893,False
Línea 1,2025-12-17,12,2025-12-17 12:00:00,0.02801,False
Línea 1,2025-12-17,13,2025-12-17 13:00:00,0.02214,False
Línea 1,2025-12-17,14,2025-12-17 14:00:00,0.02176,False
Línea 1,2025-12-17,15,2025-12-17 15:00:00,0.02436,False
Línea 1,2025-12-17,16,2025-12-17 16:00:00,0.01009,False
Línea 1,2025-12-17,17,2025-12-17 17:00:00,0.01756,False
Línea 1,2025-12-17,18,2025-12-17 18:00:00,0.01562,False
Línea 1,2025-12-17,19,2025-12-17 19:00:00,0.01771,False
Línea 1,2025-12-17,20,2025-12-17 20:00:00,0.02599,False
Línea 1,2025-12-17,21,2025-12-17 21:00:00,0.01301,False
Línea 1,2025-12-17,22,2025-12-17 22:00:00,-0.00013,False
Línea 1,2025-12-17,23,2025-12-17 23:00:00,0.00513,False
Línea 1,2025-12-18,0,2025-12-18 00:00:00,0.02209,False
Línea 1,2025-12-18,1,2025-12-18 01:00:00,0.02135,False
Línea 1,2025-12-18,2,2025-12-18 02:00:00,0.03133,False
Línea 1,2025-12-18,3,2025-12-18 03:00:00,0.02862,False
Línea 1,2025-12-18,4,2025-12-18 04:00:00,0.0301,False
Línea 1,2025-12-18,5,2025-12-18 05:00:00,0.02514,False
Línea 1,2025-12-18,6,2025-12-18 06:00:00,0.03511,False
Línea 1,2025-12-18,7,2025-12-18 07:00:00,0.02521,False
Línea 1,2025-12-18,8,2025-12-18 08:00:00,0.03832,False
Línea 1,2025-12-18,9,2025-12-18 09:00:00,0.03248,False
Línea 1,2025-12-18,10,2025-12-18 10:00:00,0.02675,False
Línea 1,2025-12-18,11,2025-12-18 11:00:00,0.0398,False
Línea 1,2025-12-18,12,2025-12-18 12:00:00,0.0449,False
Línea 1,2025-12-18,13,2025-12-18 13:00:00,0.0338,False
Línea 1,2025-12-18,14,2025-12-18 14:00:00,0.04482,False
Línea 1,2025-12-18,15,2025-12-18 15:00:00,0.02424,False
Línea 1,2025-12-18,16,2025-12-18 16:00:00,0.02533,False
Línea 1,2025-12-18,17,2025-12-18 17:00:00,0.0297,False
Línea 1,2025-12-18,18,2025-12-18 18:00:00,0.02629,False
Línea 1,2025-12-18,19,2025-12-18 19:00:00,0.02244,False
Línea 1,2025-12-18,20,2025-12-18 20:00:00,0.02532,False
Línea 1,2025-12-18,21,2025-12-18 21:00:00,0.01969,False
Línea 1,2025-12-18,22,2025-12-18 22:00:00,0.01943,False
Línea 1,2025-12-18,23,2025-12-18 23:00:00,0.02246,False
Línea 1,2025-12-19,0,2025-12-19 00:00:00,0.01651,False
Línea 1,2025-12-19,1,2025-12-19 01:00:00,0.02015,False
Línea 1,2025-12-19,2,2025-12-19 02:00:00,0.01771,False
Línea 1,2025-12-19,3,2025-12-19 03:00:00,0.01562,False
Línea 1,2025-12-19,4,2025-12-19 04:00:00,0.0291,False
Línea 1,2025-12-19,5,2025-12-19 05:00:00,0.03669,False
Línea 1,2025-12-19,6,2025-12-19 06:00:00,0.0349,False
Línea 1,2025-12-19,7,2025-12-19 07:00:00,0.03258,False
Línea 1,2025-12-19,8,2025-12-19 08:00:00,0.02867,False
Línea 1,2025-12-19,9,2025-12-19 09:00:00,0.03245,False
Línea 1,2025-12-19,10,2025-12-19 10:00:00,0.04178,False
Línea 1,2025-12-19,11,2025-12-19 11:00:00,0.02255,False
Línea 1,2025-12-19,12,2025-12-19 12:00:00,0.03433,False
Línea 1,2025-12-19,13,2025-12-19 13:00:00,0.04065,False
Línea 1,2025-12-19,14,2025-12-19 14:00:00,0.02861,False
Línea 1,2025-12-19,15,2025-12-19 15:00:00,0.03671,False
Línea 1,2025-12-19,16,2025-12-19 16:00:00,0.03478,False
Línea 1,2025-12-19,17,2025-12-19 17:00:00,0.02186,False
Línea 1,2025-12-19,18,2025-12-19 18:00:00,0.02904,False
Línea 1,2025-12-19,19,2025-12-19 19:00:00,0.02274,False
Línea 1,2025-12-19,20,2025-12-19 20:00:00,0.02701,False
Línea 1,2025-12-19,21,2025-12-19 21:00:00,0.02688,False
Línea 1,2025-12-19,22,2025-12-19 22:00:00,0.02398,False
Línea 1,2025-12-19,23,2025-12-19 23:00:00,0.02122,False
Línea 1,2025-12-20,0,2025-12-20 00:00:00,0.01207,False
Línea 1,2025-12-20,1,2025-12-20 01:00:00,0.00355,False
Línea 1,2025-12-20,2,2025-12-20 02:00:00,0.01123,False
Línea 1,2025-12-20,3,2025-12-20 03:00:00,0.0079,False
Línea 1,2025-12-20,4,2025-12-20 04:00:00,0.02053,False
Línea 1,2025-12-20,5,2025-12-20 05:00:00,0.02037,False
Línea 1,2025-12-20,6,2025-12-20 06:00:00,0.02242,False
Línea 1,2025-12-20,7,2025-12-20 07:00:00,0.03069,False
Línea 1,2025-12-20,8,2025-12-20 08:00:00,0.02036,False
Línea 1,2025-12-20,9,2025-12-20 09:00:00,0.0207,False
Línea 1,2025-12-20,10,2025-12-20 10:00:00,0.02314,False
Línea 1,2025-12-20,11,2025-12-20 11:00:00,0.01645,False
Línea 1,2025-12-20,12,2025-12-20 12:00:00,0.0172,False
Línea 1,2025-12-20,13,2025-12-20 13:00:00,0.02979,False
Línea 1,2025-12-20,14,2025-12-20 14:00:00,0.0169,False
Línea 1,2025-12-20,15,2025-12-20 15:00:00,0.01755,False
Línea 1,2025-12-20,16,2025-12-20 16:00:00,0.02173,False
Línea 1,2025-12-20,17,2025-12-20 17:00:00,0.01794,False
Línea 1,2025-12-20,18,2025-12-20 18:00:00,0.02365,False
Línea 1,2025-12-20,19,2025-12-20 19:00:00,0.01663,False
Línea 1,2025-12-20,20,2025-12-20 20:00:00,0.00955,False
Línea 1,2025-12-20,21,2025-12-20 21:00:00,0.01851,False
Línea 1,2025-12-20,22,2025-12-20 22:00:00,0.01578,False
Línea 1,2025-12-20,23,2025-12-20 23:00:00,0.00214,False
Línea 1,2025-12-21,0,2025-12-21 00:00:00,-0.00084,False
Línea 1,2025-12-21,1,2025-12-21 01:00:00,-0.00637,False
Línea 1,2025-12-21,2,2025-12-21 02:00:00,-0.00573,False
Línea 1,2025-12-21,3,2025-12-21 03:00:00,0.01121,False
Línea 1,2025-12-21,4,2025-12-21 04:00:00,0.00239,False
Línea 1,2025-12-21,5,2025-12-21 05:00:00,0.00227,False
Línea 1,2025-12-21,6,2025-12-21 06:00:00,0.00616,False
Línea 1,2025-12-21,7,2025-12-21 07:00:00,0.01296,False
Línea 1,2025-12-21,8,2025-12-21 08:00:00,0.00544,False
Línea 1,2025-12-21,9,2025-12-21 09:00:00,0.00812,False
Línea 1,2025-12-21,10,2025-12-21 10:00:00,0.01652,False
Línea 1,2025-12-21,11,2025-12-21 11:00:00,0.00428,False
Línea 1,2025-12-21,12,2025-12-21 12:00:00,0.01959,False
Línea 1,2025-12-21,13,2025-12-21 13:00:00,0.00374,False
Línea 1,2025-12-21,14,2025-12-21 14:00:00,0.0111,False
Línea 1,2025-12-21,15,2025-12-21 15:00:00,0.00171,False
Línea 1,2025-12-21,16,2025-12-21 16:00:00,0.00331,False
Línea 1,2025-12-21,17,2025-12-21 17:00:00,0.0155,False
Línea 1,2025-12-21,18,2025-12-21 18:00:00,0.01191,False
Línea 1,2025-12-21,19,2025-12-21 19:00:00,0.01049,False
Línea 1,2025-12-21,20,2025-12-21 20:00:00,-0.00705,False
Línea 1,2025-12-21,21,2025-12-21 21:00:00,-0.00632,False
Línea 1,2025-12-21,22,2025-12-21 22:00:00,0.00076,False
Línea 1,2025-12-21,23,2025-12-21 23:00:00,0.00221,False
Línea 1,2025-12-22,0,2025-12-22 00:00:00,-0.0128,False
Línea 1,2025-12-22,1,2025-12-22 01:00:00,-0.0112,False
Línea 1,2025-12-22,2,2025-12-22 02:00:00,-0.01372,False
Línea 1,2025-12-22,3,2025-12-22 03:00:00,0.00429,False
Línea 1,2025-12-22,4,2025-12-22 04:00:00,-0.00685,False
Línea 1,2025-12-22,5,2025-12-22 05:00:00,-0.00188,False
Línea 1,2025-12-22,6,2025-12-22 06:00:00,0.0005,False
Línea 1,2025-12-22,7,2025-12-22 07:00:00,0.0087,False
Línea 1,2025-12-22,8,2025-12-22 08:00:00,-0.00171,False
Línea 1,2025-12-22,9,2025-12-22 09:00:00,0.01267,False
Línea 1,2025-12-22,10,2025-12-22 10:00:00,-0.00074,False
Línea 1,2025-12-22,11,2025-12-22 11:00:00,0.01472,False
Línea 1,2025-12-22,12,2025-12-22 12:00:00,-0.00229,False
Línea 1,2025-12-22,13,2025-12-22 13:00:00,0.0071,False
Línea 1,2025-12-22,14,2025-12-22 14:00:00,0.01668,False
Línea 1,2025-12-22,15,2025-12-22 15:00:00,0.00984,False
Línea 1,2025-12-22,16,2025-12-22 16:00:00,0.00653,False
Línea 1,2025-12-22,17,2025-12-22 17:00:00,-0.00422,False
Línea 1,2025-12-22,18,2025-12-22 18:00:00,-0.00441,False
Línea 1,2025-12-22,19,2025-12-22 19:00:00,0.006,False
Línea 1,2025-12-22,20,2025-12-22 20:00:00,-0.00117,False
Línea 1,2025-12-22,21,2025-12-22 21:00:00,-0.00032,False
Línea 1,2025-12-22,22,2025-12-22 22:00:00,-0.00649,False
Línea 1,2025-12-22,23,2025-12-22 23:00:00,-0.00942,False
Línea 1,2025-12-23,0,2025-12-23 00:00:00,0.00225,False
Línea 1,2025-12-23,1,2025-12-23 01:00:00,-0.00052,False
Línea 1,2025-12-23,2,2025-12-23 02:00:00,-0.0023,False
Línea 1,2025-12-23,3,2025-12-23 03:00:00,-0.00849,False
Línea 1,2025-12-23,4,2025-12-23 04:00:00,0.00737,False
Línea 1,2025-12-23,5,2025-12-23 05:00:00,0.00622,False
Línea 1,2025-12-23,6,2025-12-23 06:00:00,0.00201,False
Línea 1,2025-12-23,7,2025-12-23 07:00:00,0.01479,False
Línea 1,2025-12-23,8,2025-12-23 08:00:00,0.01111,False
Línea 1,2025-12-23,9,2025-12-23 09:00:00,0.01288,False
Línea 1,2025-12-23,10,2025-12-23 10:00:00,0.01788,False
Línea 1,2025-12-23,11,2025-12-23 11:00:00,0.01739,False
Línea 1,2025-12-23,12,2025-12-23 12:00:00,0.01541,False
Línea 1,2025-12-23,13,2025-12-23 13:00:00,0.01224,False
Línea 1,2025-12-23,14,2025-12-23 14:00:00,0.02448,False
Línea 1,2025-12-23,15,2025-12-23 15:00:00,0.0069,False
Línea 1,2025-12-23,16,2025-12-23 16:00:00,0.01412,False
Línea 1,2025-12-23,17,2025-12-23 17:00:00,0.00722,False
Línea 1,2025-12-23,18,2025-12-23 18:00:00,0.00838,False
Línea 1,2025-12-23,19,2025-12-23 19:00:00,0.01098,False
Línea 1,2025-12-23,20,2025-12-23 20:00:00,-0.00022,False
Línea 1,2025-12-23,21,2025-12-23 21:00:00,0.0036,False
Línea 1,2025-12-23,22,2025-12-23 22:00:00,0.00031,False
Línea 1,2025-12-23,23,2025-12-23 23:00:00,-0.00593,False
Línea 1,2025-12-24,0,2025-12-24 00:00:00,0.01789,False
Línea 1,2025-12-24,1,2025-12-24 01:00:00,0.01488,False
Línea 1,2025-12-24,2,2025-12-24 02:00:00,0.0088,False
Línea 1,2025-12-24,3,2025-12-24 03:00:00,0.0193,False
Línea 1,2025-12-24,4,2025-12-24 04:00:00,0.00935,False
Línea 1,2025-12-24,5,2025-12-24 05:00:00,0.01609,False
Línea 1,2025-12-24,6,2025-12-24 06:00:00,0.01576,False
Línea 1,2025-12-24,7,2025-12-24 07:00:00,0.02492,False
Línea 1,2025-12-24,8,2025-12-24 08:00:00,0.01946,False
Línea 1,2025-12-24,9,2025-12-24 09:00:00,0.02855,False
Línea 1,2025-12-24,10,2025-12-24 10:00:00,0.02883,False
Línea 1,2025-12-24,11,2025-12-24 11:00:00,0.02381,False
Línea 1,2025-12-24,12,2025-12-24 12:00:00,0.03732,False
Línea 1,2025-12-24,13,2025-12-24 13:00:00,0.02159,False
Línea 1,2025-12-24,14,2025-12-24 14:00:00,0.01681,False
Línea 1,2025-12-24,15,2025-12-24 15:00:00,0.02913,False
Línea 1,2025-12-24,16,2025-12-24 16:00:00,0.00944,False
Línea 1,2025-12-24,17,2025-12-24 17:00:00,0.02936,False
Línea 1,2025-12-24,18,2025-12-24 18:00:00,0.01895,False
Línea 1,2025-12-24,19,2025-12-24 19:00:00,0.00771,False
Línea 1,2025-12-24,20,2025-12-24 20:00:00,0.00865,False
Línea 1,2025-12-24,21,2025-12-24 21:00:00,0.00288,False
Línea 1,2025-12-24,22,2025-12-24 22:00:00,0.01371,False
Línea 1,2025-12-24,23,2025-12-24 23:00:00,0.00265,False
Línea 1,2025-12-25,0,2025-12-25 00:00:00,0.02353,False
Línea 1,2025-12-25,1,2025-12-25 01:00:00,0.01896,False
Línea 1,2025-12-25,2,2025-12-25 02:00:00,0.01873,False
Línea 1,2025-12-25,3,2025-12-25 03:00:00,0.02591,False
Línea 1,2025-12-25,4,2025-12-25 04:00:00,0.02826,False
Línea 1,2025-12-25,5,2025-12-25 05:00:00,0.03332,False
Línea 1,2025-12-25,6,2025-12-25 06:00:00,0.02471,False
Línea 1,2025-12-25,7,2025-12-25 07:00:00,0.03041,False
Línea 1,2025-12-25,8,2025-12-25 08:00:00,0.0287,False
Línea 1,2025-12-25,9,2025-12-25 09:00:00,0.03515,False
Línea 1,2025-12-25,10,2025-12-25 10:00:00,0.03754,True
Línea 1,2025-12-25,11,2025-12-25 11:00:00,0.06402,True
Línea 1,2025-12-25,12,2025-12-25 12:00:00,0.084,True
Línea 1,2025-12-25,13,2025-12-25 13:00:00,0.06833,True
Línea 1,2025-12-25,14,2025-12-25 14:00:00,0.04223,True
Línea 1,2025-12-25,15,2025-12-25 15:00:00,0.03721,False
Línea 1,2025-12-25,16,2025-12-25 16:00:00,0.03187,False
Línea 1,2025-12-25,17,2025-12-25 17:00:00,0.02711,False
Línea 1,2025-12-25,18,2025-12-25 18:00:00,0.02966,False
Línea 1,2025-12-25,19,2025-12-25 19:00:00,0.02094,False
Línea 1,2025-12-25,20,2025-12-25 20:00:00,0.02793,False
Línea 1,2025-12-25,21,2025-12-25 21:00:00,0.02114,False
Línea 1,2025-12-25,22,2025-12-25 22:00:00,0.02281,False
Línea 1,2025-12-25,23,2025-12-25 23:00:00,0.02211,False
Línea 1,2025-12-26,0,2025-12-26 00:00:00,0.03012,False
Línea 1,2025-12-26,1,2025-12-26 01:00:00,0.02308,False
Línea 1,2025-12-26,2,2025-12-26 02:00:00,0.02203,False
Línea 1,2025-12-26,3,2025-12-26 03:00:00,0.0187,False
Línea 1,2025-12-26,4,2025-12-26 04:00:00,0.02933,False
Línea 1,2025-12-26,5,2025-12-26 05:00:00,0.02482,False
Línea 1,2025-12-26,6,2025-12-26 06:00:00,0.01936,False
Línea 1,2025-12-26,7,2025-12-26 07:00:00,0.02941,False
Línea 1,2025-12-26,8,2025-12-26 08:00:00,0.03366,False
Línea 1,2025-12-26,9,2025-12-26 09:00:00,0.02926,False
Línea 1,2025-12-26,10,2025-12-26 10:00:00,0.03473,False
Línea 1,2025-12-26,11,2025-12-26 11:00:00,0.03581,False
Línea 1,2025-12-26,12,2025-12-26 12:00:00,0.03618,False
Línea 1,2025-12-26,13,2025-12-26 13:00:00,0.04365,False
Línea 1,2025-12-26,14,2025-12-26 14:00:00,0.02757,False
Línea 1,2025-12-26,15,2025-12-26 15:00:00,0.04637,False
Línea 1,2025-12-26,16,2025-12-26 16:00:00,0.03232,False
Línea 1,2025-12-26,17,2025-12-26 17:00:00,0.03407,False
Línea 1,2025-12-26,18,2025-12-26 18:00:00,0.02928,False
Línea 1,2025-12-26,19,2025-12-26 19:00:00,0.01609,False
Línea 1,2025-12-26,20,2025-12-26 20:00:00,0.01818,False
Línea 1,2025-12-26,21,2025-12-26 21:00:00,0.01971,False
Línea 1,2025-12-26,22,2025-12-26 22:00:00,0.02755,False
Línea 1,2025-12-26,23,2025-12-26 23:00:00,0.01248,False
Línea 1,2025-12-27,0,2025-12-27 00:00:00,0.0052,False
Línea 1,2025-12-27,1,2025-12-27 01:00:00,0.0116,False
Línea 1,2025-12-27,2,2025-12-27 02:00:00,0.01425,False
Línea 1,2025-12-27,3,2025-12-27 03:00:00,0.01534,False
Línea 1,2025-12-27,4,2025-12-27 04:00:00,0.00843,False
Línea 1,2025-12-27,5,2025-12-27 05:00:00,0.00668,False
Línea 1,2025-12-27,6,2025-12-27 06:00:00,0.02157,False
Línea 1,2025-12-27,7,2025-12-27 07:00:00,0.02901,False
Línea 1,2025-12-27,8,2025-12-27 08:00:00,0.02027,False
Línea 1,2025-12-27,9,2025-12-27 09:00:00,0.01713,False
Línea 1,2025-12-27,10,2025-12-27 10:00:00,0.02269,False
Línea 1,2025-12-27,11,2025-12-27 11:00:00,0.02843,False
Línea 1,2025-12-27,12,2025-12-27 12:00:00,0.02494,False
Línea 1,2025-12-27,13,2025-12-27 13:00:00,0.03451,False
Línea 1,2025-12-27,14,2025-12-27 14:00:00,0.03082,False
Línea 1,2025-12-27,15,2025-12-27 15:00:00,0.0251,False
Línea 1,2025-12-27,16,2025-12-27 16:00:00,0.01061,False
Línea 1,2025-12-27,17,2025-12-27 17:00:00,0.01625,False
Línea 1,2025-12-27,18,2025-12-27 18:00:00,0.01505,False
Línea 1,2025-12-27,19,2025-12-27 19:00:00,0.01179,False
Línea 1,2025-12-27,20,2025-12-27 20:00:00,0.01548,False
Línea 1,2025-12-27,21,2025-12-27 21:00:00,0.01395,False
Línea 1,2025-12-27,22,2025-12-27 22:00:00,0.00137,False
Línea 1,2025-12-27,23,2025-12-27 23:00:00,0.01544,False
Línea 1,2025-12-28,0,2025-12-28 00:00:00,-0.00226,False
Línea 1,2025-12-28,1,2025-12-28 01:00:00,7e-05,False
Línea 1,2025-12-28,2,2025-12-28 02:00:00,0.00319,False
Línea 1,2025-12-28,3,2025-12-28 03:00:00,-0.00461,False
Línea 1,2025-12-28,4,2025-12-28 04:00:00,0.0092,False
Línea 1,2025-12-28,5,2025-12-28 05:00:00,0.00273,False
Línea 1,2025-12-28,6,2025-12-28 06:00:00,0.01472,False
Línea 1,2025-12-28,7,2025-12-28 07:00:00,0.00235,False
Línea 1,2025-12-28,8,2025-12-28 08:00:00,0.01828,False
Línea 1,2025-12-28,9,2025-12-28 09:00:00,0.00588,False
Línea 1,2025-12-28,10,2025-12-28 10:00:00,0.02787,False
Línea 1,2025-12-28,11,2025-12-28 11:00:00,0.00766,False
Línea 1,2025-12-28,12,2025-12-28 12:00:00,0.01999,False
Línea 1,2025-12-28,13,2025-12-28 13:00:00,0.0112,False
Línea 1,2025-12-28,14,2025-12-28 14:00:00,0.01687,False
Línea 1,2025-12-28,15,2025-12-28 15:00:00,0.01106,False
Línea 1,2025-12-28,16,2025-12-28 16:00:00,0.0031,False
Línea 1,2025-12-28,17,2025-12-28 17:00:00,-0.00906,False
Línea 1,2025-12-28,18,2025-12-28 18:00:00,0.02069,False
Línea 1,2025-12-28,19,2025-12-28 19:00:00,0.00402,False
Línea 1,2025-12-28,20,2025-12-28 20:00:00,-0.01601,False
Línea 1,2025-12-28,21,2025-12-28 21:00:00,0.00181,False
Línea 1,2025-12-28,22,2025-12-28 22:00:00,0.00286,False
Línea 1,2025-12-28,23,2025-12-28 23:00:00,-0.00637,False
Línea 1,2025-12-29,0,2025-12-29 00:00:00,-0.01225,False
Línea 1,2025-12-29,1,2025-12-29 01:00:00,-0.00785,False
Línea 1,2025-12-29,2,2025-12-29 02:00:00,0.00029,False
Línea 1,2025-12-29,3,2025-12-29 03:00:00,-0.00506,False
Línea 1,2025-12-29,4,2025-12-29 04:00:00,0.00478,False
Línea 1,2025-12-29,5,2025-12-29 05:00:00,0.00472,False
Línea 1,2025-12-29,6,2025-12-29 06:00:00,-0.00137,False
Línea 1,2025-12-29,7,2025-12-29 07:00:00,-0.00735,False
Línea 1,2025-12-29,8,2025-12-29 08:00:00,0.00264,False
Línea 1,2025-12-29,9,2025-12-29 09:00:00,0.00882,False
Línea 1,2025-12-29,10,2025-12-29 10:00:00,0.00729,False
Línea 1,2025-12-29,11,2025-12-29 11:00:00,0.01153,False
Línea 1,2025-12-29,12,2025-12-29 12:00:00,0.01318,False
Línea 1,2025-12-29,13,2025-12-29 13:00:00,0.01091,False
Línea 1,2025-12-29,14,2025-12-29 14:00:00,0.00528,False
Línea 1,2025-12-29,15,2025-12-29 15:00:00,0.00878,False
Línea 1,2025-12-29,16,2025-12-29 16:00:00,0.01741,False
Línea 1,2025-12-29,17,2025-12-29 17:00:00,-0.00687,False
Línea 1,2025-12-29,18,2025-12-29 18:00:00,0.00292,False
Línea 1,2025-12-29,19,2025-12-29 19:00:00,0.00892,False
Línea 1,2025-12-29,20,2025-12-29 20:00:00,-0.01105,False
Línea 1,2025-12-29,21,2025-12-29 21:00:00,0.00035,False
Línea 1,2025-12-29,22,2025-12-29 22:00:00,-0.00012,False
Línea 1,2025-12-29,23,2025-12-29 23:00:00,-0.01659,False
Línea 1,2025-12-30,0,2025-12-30 00:00:00,0.00192,False
Línea 1,2025-12-30,1,2025-12-30 01:00:00,-0.00371,False
Línea 1,2025-12-30,2,2025-12-30 02:00:00,-0.00164,False
Línea 1,2025-12-30,3,2025-12-30 03:00:00,-0.00196,False
Línea 1,2025-12-30,4,2025-12-30 04:00:00,0.00952,False
Línea 1,2025-12-30,5,2025-12-30 05:00:00,0.0029,False
Línea 1,2025-12-30,6,2025-12-30 06:00:00,0.00287,False
Línea 1,2025-12-30,7,2025-12-30 07:00:00,0.00504,False
Línea 1,2025-12-30,8,2025-12-30 08:00:00,0.0076,False
Línea 1,2025-12-30,9,2025-12-30 09:00:00,0.00483,False
Línea 1,2025-12-30,10,2025-12-30 10:00:00,0.00974,False
Línea 1,2025-12-30,11,2025-12-30 11:00:00,0.01408,False
Línea 1,2025-12-30,12,2025-12-30 12:00:00,0.01607,False
Línea 1,2025-12-30,13,2025-12-30 13:00:00,0.0206,False
Línea 1,2025-12-30,14,2025-12-30 14:00:00,0.01402,False
Línea 1,2025-12-30,15,2025-12-30 15:00:00,0.00846,False
Línea 1,2025-12-30,16,2025-12-30 16:00:00,0.00358,False
Línea 1,2025-12-30,17,2025-12-30 17:00:00,0.00949,False
Línea 1,2025-12-30,18,2025-12-30 18:00:00,0.00494,False
Línea 1,2025-12-30,19,2025-12-30 19:00:00,0.00307,False
Línea 1,2025-12-30,20,2025-12-30 20:00:00,0.00322,False
Línea 1,2025-12-30,21,2025-12-30 21:00:00,0.00311,False
Línea 1,2025-12-30,22,2025-12-30 22:00:00,0.00034,False
Línea 1,2025-12-30,23,2025-12-30 23:00:00,-0.0031,False
Línea 1,2025-12-31,0,2025-12-31 00:00:00,0.00553,False
Línea 1,2025-12-31,1,2025-12-31 01:00:00,0.00693,False
Línea 1,2025-12-31,2,2025-12-31 02:00:00,0.0165,False
Línea 1,2025-12-31,3,2025-12-31 03:00:00,0.01014,False
Línea 1,2025-12-31,4,2025-12-31 04:00:00,0.00626,False
Línea 1,2025-12-31,5,2025-12-31 05:00:00,0.02322,False
Línea 1,2025-12-31,6,2025-12-31 06:00:00,0.01268,False
Línea 1,2025-12-31,7,2025-12-31 07:00:00,0.02062,False
Línea 1,2025-12-31,8,2025-12-31 08:00:00,0.02528,False
Línea 1,2025-12-31,9,2025-12-31 09:00:00,0.02401,False
Línea 1,2025-12-31,10,2025-12-31 10:00:00,0.0104,False
Línea 1,2025-12-31,11,2025-12-31 11:00:00,0.02841,False
Línea 1,2025-12-31,12,2025-12-31 12:00:00,0.0343,False
Línea 1,2025-12-31,13,2025-12-31 13:00:00,0.03078,False
Línea 1,2025-12-31,14,2025-12-31 14:00:00,0.01252,False
Línea 1,2025-12-31,15,2025-12-31 15:00:00,0.03676,False
Línea 1,2025-12-31,16,2025-12-31 16:00:00,0.01438,False
Línea 1,2025-12-31,17,2025-12-31 17:00:00,0.01394,False
Línea 1,2025-12-31,18,2025-12-31 18:00:00,0.02303,False
Línea 1,2025-12-31,19,2025-12-31 19:00:00,0.01898,False
Línea 1,2025-12-31,20,2025-12-31 20:00:00,0.01482,False
Línea 1,2025-12-31,21,2025-12-31 21:00:00,0.00926,False
Línea 1,2025-12-31,22,2025-12-31 22:00:00,0.01939,False
Línea 1,2025-12-31,23,2025-12-31 23:00:00,0.01037,False
Línea 1,2026-01-01,0,2026-01-01 00:00:00,0.01112,False
Línea 1,2026-01-01,1,2026-01-01 01:00:00,0.02818,False
Línea 1,2026-01-01,2,2026-01-01 02:00:00,0.0229,False
Línea 1,2026-01-01,3,2026-01-01 03:00:00,0.02955,False
Línea 1,2026-01-01,4,2026-01-01 04:00:00,0.02795,False
Línea 1,2026-01-01,5,2026-01-01 05:00:00,0.04079,False
Línea 1,2026-01-01,6,2026-01-01 06:00:00,0.02665,False
Línea 1,2026-01-01,7,2026-01-01 07:00:00,0.03068,False
Línea 1,2026-01-01,8,2026-01-01 08:00:00,0.03683,False
Línea 1,2026-01-01,9,2026-01-01 09:00:00,0.03235,False
Línea 1,2026-01-01,10,2026-01-01 10:00:00,0.04026,False
Línea 1,2026-01-01,11,2026-01-01 11:00:00,0.01856,False
Línea 1,2026-01-01,12,2026-01-01 12:00:00,0.03608,False
Línea 1,2026-01-01,13,2026-01-01 13:00:00,0.03562,False
Línea 1,2026-01-01,14,2026-01-01 14:00:00,0.03461,False
Línea 1,2026-01-01,15,2026-01-01 15:00:00,0.02891,False
Línea 1,2026-01-01,16,2026-01-01 16:00:00,0.03795,False
Línea 1,2026-01-01,17,2026-01-01 17:00:00,0.02756,False
Línea 1,2026-01-01,18,2026-01-01 18:00:00,0.02972,False
Línea 1,2026-01-01,19,2026-01-01 19:00:00,0.02622,False
Línea 1,2026-01-01,20,2026-01-01 20:00:00,0.02752,False
Línea 1,2026-01-01,21,2026-01-01 21:00:00,0.03144,False
Línea 1,2026-01-01,22,2026-01-01 22:00:00,0.02276,False
Línea 1,2026-01-01,23,2026-01-01 23:00:00,0.02584,False
Línea 1,2026-01-02,0,2026-01-02 00:00:00,0.02138,False
Línea 1,2026-01-02,1,2026-01-02 01:00:00,0.01775,False
Línea 1,2026-01-02,2,2026-01-02 02:00:00,0.02074,False
Línea 1,2026-01-02,3,2026-01-02 03:00:00,0.02116,False
Línea 1,2026-01-02,4,2026-01-02 04:00:00,0.02792,False
Línea 1,2026-01-02,5,2026-01-02 05:00:00,0.02708,False
Línea 1,2026-01-02,6,2026-01-02 06:00:00,0.02375,False
Línea 1,2026-01-02,7,2026-01-02 07:00:00,0.02925,False
Línea 1,2026-01-02,8,2026-01-02 08:00:00,0.02336,False
Línea 1,2026-01-02,9,2026-01-02 09:00:00,0.03306,False
Línea 1,2026-01-02,10,2026-01-02 10:00:00,0.03545,False
Línea 1,2026-01-02,11,2026-01-02 11:00:00,0.04709,False
Línea 1,2026-01-02,12,2026-01-02 12:00:00,0.04461,False
Línea 1,2026-01-02,13,2026-01-02 13:00:00,0.03004,False
Línea 1,2026-01-02,14,2026-01-02 14:00:00,0.03665,False
Línea 1,2026-01-02,15,2026-01-02 15:00:00,0.03549,False
Línea 1,2026-01-02,16,2026-01-02 16:00:00,0.03113,False
Línea 1,2026-01-02,17,2026-01-02 17:00:00,0.02958,False
Línea 1,2026-01-02,18,2026-01-02 18:00:00,0.02639,False
Línea 1,2026-01-02,19,2026-01-02 19:00:00,0.03768,False
Línea 1,2026-01-02,20,2026-01-02 20:00:00,0.02202,False
Línea 1,2026-01-02,21,2026-01-02 21:00:00,0.0249,False
Línea 1,2026-01-02,22,2026-01-02 22:00:00,0.00641,False
Línea 1,2026-01-02,23,2026-01-02 23:00:00,0.02573,False
Línea 1,2026-01-03,0,2026-01-03 00:00:00,0.01744,False
Línea 1,2026-01-03,1,2026-01-03 01:00:00,0.0043,False
Línea 1,2026-01-03,2,2026-01-03 02:00:00,0.00834,False
Línea 1,2026-01-03,3,2026-01-03 03:00:00,0.01539,False
Línea 1,2026-01-03,4,2026-01-03 04:00:00,0.01445,False
Línea 1,2026-01-03,5,2026-01-03 05:00:00,0.01907,False
Línea 1,2026-01-03,6,2026-01-03 06:00:00,0.01661,False
Línea 1,2026-01-03,7,2026-01-03 07:00:00,0.03159,False
Línea 1,2026-01-03,8,2026-01-03 08:00:00,0.01832,False
Línea 1,2026-01-03,9,2026-01-03 09:00:00,0.04014,False
Línea 1,2026-01-03,10,2026-01-03 10:00:00,0.03272,False
Línea 1,2026-01-03,11,2026-01-03 11:00:00,0.03106,False
Línea 1,2026-01-03,12,2026-01-03 12:00:00,0.02009,False
Línea 1,2026-01-03,13,2026-01-03 13:00:00,0.03152,False
Línea 1,2026-01-03,14,2026-01-03 14:00:00,0.02889,False
Línea 1,2026-01-03,15,2026-01-03 15:00:00,0.01128,False
Línea 1,2026-01-03,16,2026-01-03 16:00:00,0.01391,False
Línea 1,2026-01-03,17,2026-01-03 17:00:00,0.02255,False
Línea 1,2026-01-03,18,2026-01-03 18:00:00,0.01754,False
Línea 1,2026-01-03,19,2026-01-03 19:00:00,0.01317,False
Línea 1,2026-01-03,20,2026-01-03 20:00:00,0.02081,False
Línea 1,2026-01-03,21,2026-01-03 21:00:00,0.00738,False
Línea 1,2026-01-03,22,2026-01-03 22:00:00,0.00868,False
Línea 1,2026-01-03,23,2026-01-03 23:00:00,0.00673,False
Línea 1,2026-01-04,0,2026-01-04 00:00:00,0.00071,False
Línea 1,2026-01-04,1,2026-01-04 01:00:00,-0.0124,False
Línea 1,2026-01-04,2,2026-01-04 02:00:00,-0.00427,False
Línea 1,2026-01-04,3,2026-01-04 03:00:00,-0.01035,False
Línea 1,2026-01-04,4,2026-01-04 04:00:00,-0.00023,False
Línea 1,2026-01-04,5,2026-01-04 05:00:00,0.00792,False
Línea 1,2026-01-04,6,2026-01-04 06:00:00,0.01009,False
Línea 1,2026-01-04,7,2026-01-04 07:00:00,0.00335,False
Línea 1,2026-01-04,8,2026-01-04 08:00:00,0.01285,False
Línea 1,2026-01-04,9,2026-01-04 09:00:00,0.01019,False
Línea 1,2026-01-04,10,2026-01-04 10:00:00,0.02074,False
Línea 1,2026-01-04,11,2026-01-04 11:00:00,0.0126,False
Línea 1,2026-01-04,12,2026-01-04 12:00:00,-0.00419,False
Línea 1,2026-01-04,13,2026-01-04 13:00:00,0.01874,False
Línea 1,2026-01-04,14,2026-01-04 14:00:00,0.00982,False
Línea 1,2026-01-04,15,2026-01-04 15:00:00,0.00966,False
Línea 1,2026-01-04,16,2026-01-04 16:00:00,0.01166,False
Línea 1,2026-01-04,17,2026-01-04 17:00:00,-0.00083,False
Línea 1,2026-01-04,18,2026-01-04 18:00:00,0.0061,False
Línea 1,2026-01-04,19,2026-01-04 19:00:00,0.00678,False
Línea 1,2026-01-04,20,2026-01-04 20:00:00,0.00383,False
Línea 1,2026-01-04,21,2026-01-04 21:00:00,-0.0036,False
Línea 1,2026-01-04,22,2026-01-04 22:00:00,0.00467,False
Línea 1,2026-01-04,23,2026-01-04 23:00:00,-0.00806,False
Línea 1,2026-01-05,0,2026-01-05 00:00:00,-0.01175,False
Línea 1,2026-01-05,1,2026-01-05 01:00:00,-0.00854,False
Línea 1,2026-01-05,2,2026-01-05 02:00:00,-0.00516,False
Línea 1,2026-01-05,3,2026-01-05 03:00:00,-0.0076,False
Línea 1,2026-01-05,4,2026-01-05 04:00:00,0.00337,False
Línea 1,2026-01-05,5,2026-01-05 05:00:00,-0.0003,False
Línea 1,2026-01-05,6,2026-01-05 06:00:00,0.00045,False
Línea 1,2026-01-05,7,2026-01-05 07:00:00,0.00363,False
Línea 1,2026-01-05,8,2026-01-05 08:00:00,0.0084,False
Línea 1,2026-01-05,9,2026-01-05 09:00:00,0.0071,False
Línea 1,2026-01-05,10,2026-01-05 10:00:00,-0.00393,False
Línea 1,2026-01-05,11,2026-01-05 11:00:00,0.01426,False
Línea 1,2026-01-05,12,2026-01-05 12:00:00,0.00872,False
Línea 1,2026-01-05,13,2026-01-05 13:00:00,0.01184,False
Línea 1,2026-01-05,14,2026-01-05 14:00:00,0.00449,False
Línea 1,2026-01-05,15,2026-01-05 15:00:00,-0.0053,False
Línea 1,2026-01-05,16,2026-01-05 16:00:00,-0.00967,False
Línea 1,2026-01-05,17,2026-01-05 17:00:00,-0.0036,False
Línea 1,2026-01-05,18,2026-01-05 18:00:00,0.0031,False
Línea 1,2026-01-05,19,2026-01-05 19:00:00,0.00572,False
Línea 1,2026-01-05,20,2026-01-05 20:00:00,-0.00219,False
Línea 1,2026-01-05,21,2026-01-05 21:00:00,-0.01197,False
Línea 1,2026-01-05,22,2026-01-05 22:00:00,-0.01163,False
Línea 1,2026-01-05,23,2026-01-05 23:00:00,0.00044,False
Línea 1,2026-01-06,0,2026-01-06 00:00:00,-0.01022,False
Línea 1,2026-01-06,1,2026-01-06 01:00:00,0.01053,False
Línea 1,2026-01-06,2,2026-01-06 02:00:00,0.00998,False
Línea 1,2026-01-06,3,2026-01-06 03:00:00,0.0128,False
Línea 1,2026-01-06,4,2026-01-06 04:00:00,0.00393,False
Línea 1,2026-01-06,5,2026-01-06 05:00:00,0.00153,False
Línea 1,2026-01-06,6,2026-01-06 06:00:00,0.00779,False
Línea 1,2026-01-06,7,2026-01-06 07:00:00,0.01317,False
Línea 1,2026-01-06,8,2026-01-06 08:00:00,0.00574,False
Línea 1,2026-01-06,9,2026-01-06 09:00:00,0.0047,False
Línea 1,2026-01-06,10,2026-01-06 10:00:00,0.01087,False
Línea 1,2026-01-06,11,2026-01-06 11:00:00,0.00874,False
Línea 1,2026-01-06,12,2026-01-06 12:00:00,0.02109,False
Línea 1,2026-01-06,13,2026-01-06 13:00:00,0.00968,False
Línea 1,2026-01-06,14,2026-01-06 14:00:00,0.01315,False
Línea 1,2026-01-06,15,2026-01-06 15:00:00,0.0172,False
Línea 1,2026-01-06,16,2026-01-06 16:00:00,0.01733,False
Línea 1,2026-01-06,17,2026-01-06 17:00:00,0.00897,False
Línea 1,2026-01-06,18,2026-01-06 18:00:00,0.00795,False
Línea 1,2026-01-06,19,2026-01-06 19:00:00,-0.00252,False
Línea 1,2026-01-06,20,2026-01-06 20:00:00,0.00779,False
Línea 1,2026-01-06,21,2026-01-06 21:00:00,0.00757,False
Línea 1,2026-01-06,22,2026-01-06 22:00:00,-0.0125,False
Línea 1,2026-01-06,23,2026-01-06 23:00:00,0.0085,False
Línea 1,2026-01-07,0,2026-01-07 00:00:00,0.00613,False
Línea 1,2026-01-07,1,2026-01-07 01:00:00,0.01418,False
Línea 1,2026-01-07,2,2026-01-07 02:00:00,0.01187,False
Línea 1,2026-01-07,3,2026-01-07 03:00:00,0.01232,False
Línea 1,2026-01-07,4,2026-01-07 04:00:00,0.0131,False
Línea 1,2026-01-07,5,2026-01-07 05:00:00,0.01031,False
Línea 1,2026-01-07,6,2026-01-07 06:00:00,0.02148,False
Línea 1,2026-01-07,7,2026-01-07 07:00:00,0.01869,False
Línea 1,2026-01-07,8,2026-01-07 08:00:00,0.01448,False
Línea 1,2026-01-07,9,2026-01-07 09:00:00,0.01778,False
Línea 1,2026-01-07,10,2026-01-07 10:00:00,0.01751,False
Línea 1,2026-01-07,11,2026-01-07 11:00:00,0.02292,False
Línea 1,2026-01-07,12,2026-01-07 12:00:00,0.02925,False
Línea 1,2026-01-07,13,2026-01-07 13:00:00,0.0218,False
Línea 1,2026-01-07,14,2026-01-07 14:00:00,0.03112,False
Línea 1,2026-01-07,15,2026-01-07 15:00:00,0.02328,False
Línea 1,2026-01-07,16,2026-01-07 16:00:00,0.0206,False
Línea 1,2026-01-07,17,2026-01-07 17:00:00,0.02051,False
Línea 1,2026-01-07,18,2026-01-07 18:00:00,0.02671,False
Línea 1,2026-01-07,19,2026-01-07 19:00:00,0.00804,False
Línea 1,2026-01-07,20,2026-01-07 20:00:00,0.02428,False
Línea 1,2026-01-07,21,2026-01-07 21:00:00,0.01844,False
Línea 1,2026-01-07,22,2026-01-07 22:00:00,0.01128,False
Línea 1,2026-01-07,23,2026-01-07 23:00:00,0.01771,False
Línea 1,2026-01-08,0,2026-01-08 00:00:00,0.01858,False
Línea 1,2026-01-08,1,2026-01-08 01:00:00,0.0225,False
Línea 1,2026-01-08,2,2026-01-08 02:00:00,0.01834,False
Línea 1,2026-01-08,3,2026-01-08 03:00:00,0.02866,False
Línea 1,2026-01-08,4,2026-01-08 04:00:00,0.02027,False
Línea 1,2026-01-08,5,2026-01-08 05:00:00,0.02614,False
Línea 1,2026-01-08,6,2026-01-08 06:00:00,0.03259,False
Línea 1,2026-01-08,7,2026-01-08 07:00:00,0.03687,False
Línea 1,2026-01-08,8,2026-01-08 08:00:00,0.02759,False
Línea 1,2026-01-08,9,2026-01-08 09:00:00,0.03869,False
Línea 1,2026-01-08,10,2026-01-08 10:00:00,0.02955,False
Línea 1,2026-01-08,11,2026-01-08 11:00:00,0.02334,False
Línea 1,2026-01-08,12,2026-01-08 12:00:00,0.03203,False
Línea 1,2026-01-08,13,2026-01-08 13:00:00,0.04125,False
Línea 1,2026-01-08,14,2026-01-08 14:00:00,0.03537,False
Línea 1,2026-01-08,15,2026-01-08 15:00:00,0.03096,False
Línea 1,2026-01-08,16,2026-01-08 16:00:00,0.03285,False
Línea 1,2026-01-08,17,2026-01-08 17:00:00,0.03072,False
Línea 1,2026-01-08,18,2026-01-08 18:00:00,0.03225,False
Línea 1,2026-01-08,19,2026-01-08 19:00:00,0.01677,False
Línea 1,2026-01-08,20,2026-01-08 20:00:00,0.0239,False
Línea 1,2026-01-08,21,2026-01-08 21:00:00,0.0236,False
Línea 1,2026-01-08,22,2026-01-08 22:00:00,0.01339,False
Línea 1,2026-01-08,23,2026-01-08 23:00:00,0.01251,False
Línea 1,2026-01-09,0,2026-01-09 00:00:00,0.01833,False
Línea 1,2026-01-09,1,2026-01-09 01:00:00,0.02084,False
Línea 1,2026-01-09,2,2026-01-09 02:00:00,0.02166,False
Línea 1,2026-01-09,3,2026-01-09 03:00:00,0.01952,False
Línea 1,2026-01-09,4,2026-01-09 04:00:00,0.02093,False
Línea 1,2026-01-09,5,2026-01-09 05:00:00,0.02407,False
Línea 1,2026-01-09,6,2026-01-09 06:00:00,0.03031,False
Línea 1,2026-01-09,7,2026-01-09 07:00:00,0.03805,False
Línea 1,2026-01-09,8,2026-01-09 08:00:00,0.01919,False
Línea 1,2026-01-09,9,2026-01-09 09:00:00,0.03791,False
Línea 1,2026-01-09,10,2026-01-09 10:00:00,0.03478,False
Línea 1,2026-01-09,11,2026-01-09 11:00:00,0.0394,False
Línea 1,2026-01-09,12,2026-01-09 12:00:00,0.04363,False
Línea 1,2026-01-09,13,2026-01-09 13:00:00,0.03171,False
Línea 1,2026-01-09,14,2026-01-09 14:00:00,0.04111,False
Línea 1,2026-01-09,15,2026-01-09 15:00:00,0.02665,False
Línea 1,2026-01-09,16,2026-01-09 16:00:00,0.03328,False
Línea 1,2026-01-09,17,2026-01-09 17:00:00,0.02913,False
Línea 1,2026-01-09,18,2026-01-09 18:00:00,0.02879,False
Línea 1,2026-01-09,19,2026-01-09 19:00:00,0.02051,False
Línea 1,2026-01-09,20,2026-01-09 20:00:00,0.02714,False
Línea 1,2026-01-09,21,2026-01-09 21:00:00,0.03238,False
Línea 1,2026-01-09,22,2026-01-09 22:00:00,0.01576,False
Línea 1,2026-01-09,23,2026-01-09 23:00:00,0.02192,False
Línea 1,2026-01-10,0,2026-01-10 00:00:00,0.01547,False
Línea 1,2026-01-10,1,2026-01-10 01:00:00,0.00883,False
Línea 1,2026-01-10,2,2026-01-10 02:00:00,0.01957,False
Línea 1,2026-01-10,3,2026-01-10 03:00:00,0.0101,False
Línea 1,2026-01-10,4,2026-01-10 04:00:00,0.01364,False
Línea 1,2026-01-10,5,2026-01-10 05:00:00,0.01031,False
Línea 1,2026-01-10,6,2026-01-10 06:00:00,0.0191,False
Línea 1,2026-01-10,7,2026-01-10 07:00:00,0.02043,False
Línea 1,2026-01-10,8,2026-01-10 08:00:00,0.02615,False
Línea 1,2026-01-10,9,2026-01-10 09:00:00,0.02018,False
Línea 1,2026-01-10,10,2026-01-10 10:00:00,0.02117,False
Línea 1,2026-01-10,11,2026-01-10 11:00:00,0.02884,False
Línea 1,2026-01-10,12,2026-01-10 12:00:00,0.03472,False
Línea 1,2026-01-10,13,2026-01-10 13:00:00,0.02984,False
Línea 1,2026-01-10,14,2026-01-10 14:00:00,0.03635,False
Línea 1,2026-01-10,15,2026-01-10 15:00:00,0.02733,False
Línea 1,2026-01-10,16,2026-01-10 16:00:00,0.02545,False
Línea 1,2026-01-10,17,2026-01-10 17:00:00,0.02448,False
Línea 1,2026-01-10,18,2026-01-10 18:00:00,0.02727,False
Línea 1,2026-01-10,19,2026-01-10 19:00:00,0.02369,False
Línea 1,2026-01-10,20,2026-01-10 20:00:00,0.00783,False
Línea 1,2026-01-10,21,2026-01-10 21:00:00,0.01748,False
Línea 1,2026-01-10,22,2026-01-10 22:00:00,0.013,False
Línea 1,2026-01-10,23,2026-01-10 23:00:00,0.00945,False
Línea 1,2026-01-11,0,2026-01-11 00:00:00,-0.01299,False
Línea 1,2026-01-11,1,2026-01-11 01:00:00,-0.01132,False
Línea 1,2026-01-11,2,2026-01-11 02:00:00,-0.00347,False
Línea 1,2026-01-11,3,2026-01-11 03:00:00,-0.0088,False
Línea 1,2026-01-11,4,2026-01-11 04:00:00,-0.00041,False
Línea 1,2026-01-11,5,2026-01-11 05:00:00,0.00786,False
Línea 1,2026-01-11,6,2026-01-11 06:00:00,0.00216,False
Línea 1,2026-01-11,7,2026-01-11 07:00:00,0.00822,False
Línea 1,2026-01-11,8,2026-01-11 08:00:00,0.00323,False
Línea 1,2026-01-11,9,2026-01-11 09:00:00,0.0131,False
Línea 1,2026-01-11,10,2026-01-11 10:00:00,0.01562,False
Línea 1,2026-01-11,11,2026-01-11 11:00:00,0.00484,False
Línea 1,2026-01-11,12,2026-01-11 12:00:00,0.00914,False
Línea 1,2026-01-11,13,2026-01-11 13:00:00,0.00577,False
Línea 1,2026-01-11,14,2026-01-11 14:00:00,0.01563,False
Línea 1,2026-01-11,15,2026-01-11 15:00:00,0.01229,False
Línea 1,2026-01-11,16,2026-01-11 16:00:00,0.00935,False
Línea 1,2026-01-11,17,2026-01-11 17:00:00,0.00695,False
Línea 1,2026-01-11,18,2026-01-11 18:00:00,0.00758,False
Línea 1,2026-01-11,19,2026-01-11 19:00:00,0.00563,False
Línea 1,2026-01-11,20,2026-01-11 20:00:00,-0.00133,False
Línea 1,2026-01-11,21,2026-01-11 21:00:00,-0.00382,False
Línea 1,2026-01-11,22,2026-01-11 22:00:00,-0.00163,False
Línea 1,2026-01-11,23,2026-01-11 23:00:00,-0.00322,False
Línea 1,2026-01-12,0,2026-01-12 00:00:00,0.00436,False
Línea 1,2026-01-12,1,2026-01-12 01:00:00,-0.01003,False
Línea 1,2026-01-12,2,2026-01-12 02:00:00,-0.00519,False
Línea 1,2026-01-12,3,2026-01-12 03:00:00,-0.00286,False
Línea 1,2026-01-12,4,2026-01-12 04:00:00,0.0044,False
Línea 1,2026-01-12,5,2026-01-12 05:00:00,-0.00694,False
Línea 1,2026-01-12,6,2026-01-12 06:00:00,0.00804,False
Línea 1,2026-01-12,7,2026-01-12 07:00:00,0.00119,False
Línea 1,2026-01-12,8,2026-01-12 08:00:00,0.01901,False
Línea 1,2026-01-12,9,2026-01-12 09:00:00,0.00783,False
Línea 1,2026-01-12,10,2026-01-12 10:00:00,-0.00045,False
Línea 1,2026-01-12,11,2026-01-12 11:00:00,0.00654,False
Línea 1,2026-01-12,12,2026-01-12 12:00:00,0.01602,False
Línea 1,2026-01-12,13,2026-01-12 13:00:00,0.00822,False
Línea 1,2026-01-12,14,2026-01-12 14:00:00,0.00657,False
Línea 1,2026-01-12,15,2026-01-12 15:00:00,0.00997,False
Línea 1,2026-01-12,16,2026-01-12 16:00:00,0.00193,False
Línea 1,2026-01-12,17,2026-01-12 17:00:00,0.00081,False
Línea 1,2026-01-12,18,2026-01-12 18:00:00,-0.00567,False
Línea 1,2026-01-12,19,2026-01-12 19:00:00,0.0083,False
Línea 1,2026-01-12,20,2026-01-12 20:00:00,-0.01134,False
Línea 1,2026-01-12,21,2026-01-12 21:00:00,-0.00464,False
Línea 1,2026-01-12,22,2026-01-12 22:00:00,-0.00405,False
Línea 1,2026-01-12,23,2026-01-12 23:00:00,-0.00781,False
Línea 1,2026-01-13,0,2026-01-13 00:00:00,-0.00988,False
Línea 1,2026-01-13,1,2026-01-13 01:00:00,-0.00807,False
Línea 1,2026-01-13,2,2026-01-13 02:00:00,0.00185,False
Línea 1,2026-01-13,3,2026-01-13 03:00:00,-0.00469,False
Línea 1,2026-01-13,4,2026-01-13 04:00:00,-0.01078,False
Línea 1,2026-01-13,5,2026-01-13 05:00:00,0.0059,False
Línea 1,2026-01-13,6,2026-01-13 06:00:00,0.00041,False
Línea 1,2026-01-13,7,2026-01-13 07:00:00,0.01151,False
Línea 1,2026-01-13,8,2026-01-13 08:00:00,0.00844,False
Línea 1,2026-01-13,9,2026-01-13 09:00:00,0.00981,False
Línea 1,2026-01-13,10,2026-01-13 10:00:00,0.01289,False
Línea 1,2026-01-13,11,2026-01-13 11:00:00,0.00654,False
Línea 1,2026-01-13,12,2026-01-13 12:00:00,0.00869,False
Línea 1,2026-01-13,13,2026-01-13 13:00:00,0.01182,False
Línea 1,2026-01-13,14,2026-01-13 14:00:00,0.00571,False
Línea 1,2026-01-13,15,2026-01-13 15:00:00,0.01559,False
Línea 1,2026-01-13,16,2026-01-13 16:00:00,0.0078,False
Línea 1,2026-01-13,17,2026-01-13 17:00:00,-0.00098,False
Línea 1,2026-01-13,18,2026-01-13 18:00:00,0.00229,False
Línea 1,2026-01-13,19,2026-01-13 19:00:00,0.00418,False
Línea 1,2026-01-13,20,2026-01-13 20:00:00,-0.00103,False
Línea 1,2026-01-13,21,2026-01-13 21:00:00,0.00239,False
Línea 1,2026-01-13,22,2026-01-13 22:00:00,0.00216,False
Línea 1,2026-01-13,23,2026-01-13 23:00:00,0.01233,False
Línea 1,2026-01-14,0,2026-01-14 00:00:00,0.01724,False
Línea 1,2026-01-14,1,2026-01-14 01:00:00,0.00079,False
Línea 1,2026-01-14,2,2026-01-14 02:00:00,0.00925,False
Línea 1,2026-01-14,3,2026-01-14 03:00:00,0.01108,False
Línea 1,2026-01-14,4,2026-01-14 04:00:00,0.01779,False
Línea 1,2026-01-14,5,2026-01-14 05:00:00,0.01067,False
Línea 1,2026-01-14,6,2026-01-14 06:00:00,0.01515,False
Línea 1,2026-01-14,7,2026-01-14 07:00:00,0.01294,False
Línea 1,2026-01-14,8,2026-01-14 08:00:00,0.01872,False
Línea 1,2026-01-14,9,2026-01-14 09:00:00,0.0206,False
Línea 1,2026-01-14,10,2026-01-14 10:00:00,0.02339,False
Línea 1,2026-01-14,11,2026-01-14 11:00:00,0.01895,False
Línea 1,2026-01-14,12,2026-01-14 12:00:00,0.03223,False
Línea 1,2026-01-14,13,2026-01-14 13:00:00,0.0289,False
Línea 1,2026-01-14,14,2026-01-14 14:00:00,0.01657,False
Línea 1,2026-01-14,15,2026-01-14 15:00:00,0.02415,False
Línea 1,2026-01-14,16,2026-01-14 16:00:00,0.01295,False
Línea 1,2026-01-14,17,2026-01-14 17:00:00,0.02846,False
Línea 1,2026-01-14,18,2026-01-14 18:00:00,0.02802,False
Línea 1,2026-01-14,19,2026-01-14 19:00:00,0.01593,False
Línea 1,2026-01-14,20,2026-01-14 20:00:00,0.00922,False
Línea 1,2026-01-14,21,2026-01-14 21:00:00,0.0087,False
Línea 1,2026-01-14,22,2026-01-14 22:00:00,0.00869,False
Línea 1,2026-01-14,23,2026-01-14 23:00:00,0.00997,False
Línea 1,2026-01-15,0,2026-01-15 00:00:00,0.02874,False
Línea 1,2026-01-15,1,2026-01-15 01:00:00,0.02652,False
Línea 1,2026-01-15,2,2026-01-15 02:00:00,0.02741,False
Línea 1,2026-01-15,3,2026-01-15 03:00:00,0.02388,False
Línea 1,2026-01-15,4,2026-01-15 04:00:00,0.01759,False
Línea 1,2026-01-15,5,2026-01-15 05:00:00,0.02182,False
Línea 1,2026-01-15,6,2026-01-15 06:00:00,0.02888,False
Línea 1,2026-01-15,7,2026-01-15 07:00:00,0.02338,False
Línea 1,2026-01-15,8,2026-01-15 08:00:00,0.03434,False
Línea 1,2026-01-15,9,2026-01-15 09:00:00,0.039,False
Línea 1,2026-01-15,10,2026-01-15 10:00:00,0.03871,False
Línea 1,2026-01-15,11,2026-01-15 11:00:00,0.03927,False
Línea 1,2026-01-15,12,2026-01-15 12:00:00,0.02532,False
Línea 1,2026-01-15,13,2026-01-15 13:00:00,0.04424,False
Línea 1,2026-01-15,14,2026-01-15 14:00:00,0.02604,False
Línea 1,2026-01-15,15,2026-01-15 15:00:00,0.03325,False
Línea 1,2026-01-15,16,2026-01-15 16:00:00,0.03623,False
Línea 1,2026-01-15,17,2026-01-15 17:00:00,0.03274,False
Línea 1,2026-01-15,18,2026-01-15 18:00:00,0.02085,False
Línea 1,2026-01-15,19,2026-01-15 19:00:00,0.01985,False
Línea 1,2026-01-15,20,2026-01-15 20:00:00,0.02624,False
Línea 1,2026-01-15,21,2026-01-15 21:00:00,0.02592,False
Línea 1,2026-01-15,22,2026-01-15 22:00:00,0.01494,False
Línea 1,2026-01-15,23,2026-01-15 23:00:00,0.02314,False
Línea 1,2026-01-16,0,2026-01-16 00:00:00,0.01142,False
Línea 1,2026-01-16,1,2026-01-16 01:00:00,0.02453,False
Línea 1,2026-01-16,2,2026-01-16 02:00:00,0.01628,False
Línea 1,2026-01-16,3,2026-01-16 03:00:00,0.02334,False
Línea 1,2026-01-16,4,2026-01-16 04:00:00,0.02399,False
Línea 1,2026-01-16,5,2026-01-16 05:00:00,0.03341,False
Línea 1,2026-01-16,6,2026-01-16 06:00:00,0.02997,False
Línea 1,2026-01-16,7,2026-01-16 07:00:00,0.02699,False
Línea 1,2026-01-16,8,2026-01-16 08:00:00,0.03467,False
Línea 1,2026-01-16,9,2026-01-16 09:00:00,0.04703,False
Línea 1,2026-01-16,10,2026-01-16 10:00:00,0.03988,False
Línea 1,2026-01-16,11,2026-01-16 11:00:00,0.03589,False
Línea 1,2026-01-16,12,2026-01-16 12:00:00,0.03151,False
Línea 1,2026-01-16,13,2026-01-16 13:00:00,0.03254,False
Línea 1,2026-01-16,14,2026-01-16 14:00:00,0.03952,False
Línea 1,2026-01-16,15,2026-01-16 15:00:00,0.02886,False
Línea 1,2026-01-16,16,2026-01-16 16:00:00,0.03253,False
Línea 1,2026-01-16,17,2026-01-16 17:00:00,0.03921,False
Línea 1,2026-01-16,18,2026-01-16 18:00:00,0.02942,False
Línea 1,2026-01-16,19,2026-01-16 19:00:00,0.01997,False
Línea 1,2026-01-16,20,2026-01-16 20:00:00,0.03758,False
Línea 1,2026-01-16,21,2026-01-16 21:00:00,0.03343,False
Línea 1,2026-01-16,22,2026-01-16 22:00:00,0.02459,False
Línea 1,2026-01-16,23,2026-01-16 23:00:00,0.02844,False
Línea 1,2026-01-17,0,2026-01-17 00:00:00,0.00874,False
Línea 1,2026-01-17,1,2026-01-17 01:00:00,0.01496,False
Línea 1,2026-01-17,2,2026-01-17 02:00:00,0.00887,False
Línea 1,2026-01-17,3,2026-01-17 03:00:00,0.00455,False
Línea 1,2026-01-17,4,2026-01-17 04:00:00,0.02989,False
Línea 1,2026-01-17,5,2026-01-17 05:00:00,0.00783,False
Línea 1,2026-01-17,6,2026-01-17 06:00:00,0.02012,False
Línea 1,2026-01-17,7,2026-01-17 07:00:00,0.02212,False
Línea 1,2026-01-17,8,2026-01-17 08:00:00,0.02543,False
Línea 1,2026-01-17,9,2026-01-17 09:00:00,0.02346,False
Línea 1,2026-01-17,10,2026-01-17 10:00:00,0.02479,False
Línea 1,2026-01-17,11,2026-01-17 11:00:00,0.0269,False
Línea 1,2026-01-17,12,2026-01-17 12:00:00,0.02922,False
Línea 1,2026-01-17,13,2026-01-17 13:00:00,0.02605,False
Línea 1,2026-01-17,14,2026-01-17 14:00:00,0.02486,False
Línea 1,2026-01-17,15,2026-01-17 15:00:00,0.01607,False
Línea 1,2026-01-17,16,2026-01-17 16:00:00,0.03442,False
Línea 1,2026-01-17,17,2026-01-17 17:00:00,0.02362,False
Línea 1,2026-01-17,18,2026-01-17 18:00:00,0.01959,False
Línea 1,2026-01-17,19,2026-01-17 19:00:00,0.01252,False
Línea 1,2026-01-17,20,2026-01-17 20:00:00,0.00832,False
Línea 1,2026-01-17,21,2026-01-17 21:00:00,0.01784,False
Línea 1,2026-01-17,22,2026-01-17 22:00:00,0.01045,False
Línea 1,2026-01-17,23,2026-01-17 23:00:00,0.01434,False
Línea 1,2026-01-18,0,2026-01-18 00:00:00,-0.01047,False
Línea 1,2026-01-18,1,2026-01-18 01:00:00,0.0072,False
Línea 1,2026-01-18,2,2026-01-18 02:00:00,0.00413,False
Línea 1,2026-01-18,3,2026-01-18 03:00:00,-0.0005,False
Línea 1,2026-01-18,4,2026-01-18 04:00:00,0.00445,False
Línea 1,2026-01-18,5,2026-01-18 05:00:00,0.00802,False
Línea 1,2026-01-18,6,2026-01-18 06:00:00,-0.00237,False
Línea 1,2026-01-18,7,2026-01-18 07:00:00,0.01779,False
Línea 1,2026-01-18,8,2026-01-18 08:00:00,0.01255,False
Línea 1,2026-01-18,9,2026-01-18 09:00:00,0.00708,False
Línea 1,2026-01-18,10,2026-01-18 10:00:00,0.01276,True
Línea 1,2026-01-18,11,2026-01-18 11:00:00,0.04962,True
Línea 1,2026-01-18,12,2026-01-18 12:00:00,0.06491,True
Línea 1,2026-01-18,13,2026-01-18 13:00:00,0.0466,True
Línea 1,2026-01-18,14,2026-01-18 14:00:00,0.0195,True
Línea 1,2026-01-18,15,2026-01-18 15:00:00,0.00529,False
Línea 1,2026-01-18,16,2026-01-18 16:00:00,0.0127,False
Línea 1,2026-01-18,17,2026-01-18 17:00:00,0.00653,False
Línea 1,2026-01-18,18,2026-01-18 18:00:00,0.00552,False
Línea 1,2026-01-18,19,2026-01-18 19:00:00,0.01784,False
Línea 1,2026-01-18,20,2026-01-18 20:00:00,0.00686,False
Línea 1,2026-01-18,21,2026-01-18 21:00:00,0.00555,False
Línea 1,2026-01-18,22,2026-01-18 22:00:00,0.01504,False
Línea 1,2026-01-18,23,2026-01-18 23:00:00,0.00023,False
Línea 1,2026-01-19,0,2026-01-19 00:00:00,-0.00728,False
Línea 1,2026-01-19,1,2026-01-19 01:00:00,-0.0118,False
Línea 1,2026-01-19,2,2026-01-19 02:00:00,-0.00964,False
Línea 1,2026-01-19,3,2026-01-19 03:00:00,-0.01794,False
Línea 1,2026-01-19,4,2026-01-19 04:00:00,0.00074,False
Línea 1,2026-01-19,5,2026-01-19 05:00:00,-0.00967,False
Línea 1,2026-01-19,6,2026-01-19 06:00:00,0.00542,False
Línea 1,2026-01-19,7,2026-01-19 07:00:00,0.00181,False
Línea 1,2026-01-19,8,2026-01-19 08:00:00,0.00477,False
Línea 1,2026-01-19,9,2026-01-19 09:00:00,0.0054,False
Línea 1,2026-01-19,10,2026-01-19 10:00:00,0.01524,False
Línea 1,2026-01-19,11,2026-01-19 11:00:00,0.01498,False
Línea 1,2026-01-19,12,2026-01-19 12:00:00,0.00783,False
Línea 1,2026-01-19,13,2026-01-19 13:00:00,0.00233,False
Línea 1,2026-01-19,14,2026-01-19 14:00:00,0.01247,False
Línea 1,2026-01-19,15,2026-01-19 15:00:00,-0.00019,False
Línea 1,2026-01-19,16,2026-01-19 16:00:00,-0.00533,False
Línea 1,2026-01-19,17,2026-01-19 17:00:00,0.00506,False
Línea 1,2026-01-19,18,2026-01-19 18:00:00,0.00731,False
Línea 1,2026-01-19,19,2026-01-19 19:00:00,-0.0045,False
Línea 1,2026-01-19,20,2026-01-19 20:00:00,-0.00157,False
Línea 1,2026-01-19,21,2026-01-19 21:00:00,-0.00815,False
Línea 1,2026-01-19,22,2026-01-19 22:00:00,-0.0026,False
Línea 1,2026-01-19,23,2026-01-19 23:00:00,-0.00116,False
Línea 1,2026-01-20,0,2026-01-20 00:00:00,-0.00393,False
Línea 1,2026-01-20,1,2026-01-20 01:00:00,-0.00825,False
Línea 1,2026-01-20,2,2026-01-20 02:00:00,-0.01002,False
Línea 1,2026-01-20,3,2026-01-20 03:00:00,0.00554,False
Línea 1,2026-01-20,4,2026-01-20 04:00:00,-0.00517,False
Línea 1,2026-01-20,5,2026-01-20 05:00:00,0.00581,False
Línea 1,2026-01-20,6,2026-01-20 06:00:00,0.01031,False
Línea 1,2026-01-20,7,2026-01-20 07:00:00,0.00471,False
Línea 1,2026-01-20,8,2026-01-20 08:00:00,0.00865,False
Línea 1,2026-01-20,9,2026-01-20 09:00:00,0.0173,False
Línea 1,2026-01-20,10,2026-01-20 10:00:00,0.00773,False
Línea 1,2026-01-20,11,2026-01-20 11:00:00,0.00792,False
Línea 1,2026-01-20,12,2026-01-20 12:00:00,0.01224,False
Línea 1,2026-01-20,13,2026-01-20 13:00:00,0.02104,False
Línea 1,2026-01-20,14,2026-01-20 14:00:00,0.02224,False
Línea 1,2026-01-20,15,2026-01-20 15:00:00,0.01071,False
Línea 1,2026-01-20,16,2026-01-20 16:00:00,0.00537,False
Línea 1,2026-01-20,17,2026-01-20 17:00:00,0.0141,False
Línea 1,2026-01-20,18,2026-01-20 18:00:00,-0.00437,False
Línea 1,2026-01-20,19,2026-01-20 19:00:00,0.00506,False
Línea 1,2026-01-20,20,2026-01-20 20:00:00,0.00138,False
Línea 1,2026-01-20,21,2026-01-20 21:00:00,0.00775,False
Línea 1,2026-01-20,22,2026-01-20 22:00:00,0.00709,False
Línea 1,2026-01-20,23,2026-01-20 23:00:00,-0.00773,False
Línea 1,2026-01-21,0,2026-01-21 00:00:00,0.01134,False
Línea 1,2026-01-21,1,2026-01-21 01:00:00,0.00719,False
Línea 1,2026-01-21,2,2026-01-21 02:00:00,0.00965,False
Línea 1,2026-01-21,3,2026-01-21 03:00:00,0.01639,False
Línea 1,2026-01-21,4,2026-01-21 04:00:00,0.01233,False
Línea 1,2026-01-21,5,2026-01-21 05:00:00,0.01743,False
Línea 1,2026-01-21,6,2026-01-21 06:00:00,0.02408,False
Línea 1,2026-01-21,7,2026-01-21 07:00:00,0.0295,False
Línea 1,2026-01-21,8,2026-01-21 08:00:00,0.02407,False
Línea 1,2026-01-21,9,2026-01-21 09:00:00,0.0247,False
Línea 1,2026-01-21,10,2026-01-21 10:00:00,0.01862,False
Línea 1,2026-01-21,11,2026-01-21 11:00:00,0.03558,False
Línea 1,2026-01-21,12,2026-01-21 12:00:00,0.02931,False
Línea 1,2026-01-21,13,2026-01-21 13:00:00,0.02688,False
Línea 1,2026-01-21,14,2026-01-21 14:00:00,0.02578,False
Línea 1,2026-01-21,15,2026-01-21 15:00:00,0.02616,False
Línea 1,2026-01-21,16,2026-01-21 16:00:00,0.02697,False
Línea 1,2026-01-21,17,2026-01-21 17:00:00,0.02578,False
Línea 1,2026-01-21,18,2026-01-21 18:00:00,0.028,False
Línea 1,2026-01-21,19,2026-01-21 19:00:00,0.01772,False
Línea 1,2026-01-21,20,2026-01-21 20:00:00,0.02486,False
Línea 1,2026-01-21,21,2026-01-21 21:00:00,0.01903,False
Línea 1,2026-01-21,22,2026-01-21 22:00:00,0.01105,False
Línea 1,2026-01-21,23,2026-01-21 23:00:00,0.00061,False
Línea 1,2026-01-22,0,2026-01-22 00:00:00,0.02103,False
Línea 1,2026-01-22,1,2026-01-22 01:00:00,0.03014,False
Línea 1,2026-01-22,2,2026-01-22 02:00:00,0.01693,False
Línea 1,2026-01-22,3,2026-01-22 03:00:00,0.02335,False
Línea 1,2026-01-22,4,2026-01-22 04:00:00,0.02551,False
Línea 1,2026-01-22,5,2026-01-22 05:00:00,0.0321,False
Línea 1,2026-01-22,6,2026-01-22 06:00:00,0.02619,False
Línea 1,2026-01-22,7,2026-01-22 07:00:00,0.02537,False
Línea 1,2026-01-22,8,2026-01-22 08:00:00,0.03593,False
Línea 1,2026-01-22,9,2026-01-22 09:00:00,0.02971,False
Línea 1,2026-01-22,10,2026-01-22 10:00:00,0.02443,False
Línea 1,2026-01-22,11,2026-01-22 11:00:00,0.04728,False
Línea 1,2026-01-22,12,2026-01-22 12:00:00,0.04208,False
Línea 1,2026-01-22,13,2026-01-22 13:00:00,0.04754,False
Línea 1,2026-01-22,14,2026-01-22 14:00:00,0.04069,False
Línea 1,2026-01-22,15,2026-01-22 15:00:00,0.03825,False
Línea 1,2026-01-22,16,2026-01-22 16:00:00,0.03473,False
Línea 1,2026-01-22,17,2026-01-22 17:00:00,0.02947,False
Línea 1,2026-01-22,18,2026-01-22 18:00:00,0.03159,False
Línea 1,2026-01-22,19,2026-01-22 19:00:00,0.02312,False
Línea 1,2026-01-22,20,2026-01-22 20:00:00,0.0181,False
Línea 1,2026-01-22,21,2026-01-22 21:00:00,0.02086,False
Línea 1,2026-01-22,22,2026-01-22 22:00:00,0.02934,False
Línea 1,2026-01-22,23,2026-01-22 23:00:00,0.01339,False
Línea 1,2026-01-23,0,2026-01-23 00:00:00,0.01322,False
Línea 1,2026-01-23,1,2026-01-23 01:00:00,0.02433,False
Línea 1,2026-01-23,2,2026-01-23 02:00:00,0.0191,False
Línea 1,2026-01-23,3,2026-01-23 03:00:00,0.02577,False
Línea 1,2026-01-23,4,2026-01-23 04:00:00,0.03045,False
Línea 1,2026-01-23,5,2026-01-23 05:00:00,0.02921,False
Línea 1,2026-01-23,6,2026-01-23 06:00:00,0.02472,False
Línea 1,2026-01-23,7,2026-01-23 07:00:00,0.03828,False
Línea 1,2026-01-23,8,2026-01-23 08:00:00,0.03697,False
Línea 1,2026-01-23,9,2026-01-23 09:00:00,0.03433,False
Línea 1,2026-01-23,10,2026-01-23 10:00:00,0.03531,False
Línea 1,2026-01-23,11,2026-01-23 11:00:00,0.03849,False
Línea 1,2026-01-23,12,2026-01-23 12:00:00,0.03464,False
Línea 1,2026-01-23,13,2026-01-23 13:00:00,0.02645,False
Línea 1,2026-01-23,14,2026-01-23 14:00:00,0.03994,False
Línea 1,2026-01-23,15,2026-01-23 15:00:00,0.03832,False
Línea 1,2026-01-23,16,2026-01-23 16:00:00,0.01871,False
Línea 1,2026-01-23,17,2026-01-23 17:00:00,0.03365,False
Línea 1,2026-01-23,18,2026-01-23 18:00:00,0.03905,False
Línea 1,2026-01-23,19,2026-01-23 19:00:00,0.01968,False
Línea 1,2026-01-23,20,2026-01-23 20:00:00,0.02407,False
Línea 1,2026-01-23,21,2026-01-23 21:00:00,0.02177,False
Línea 1,2026-01-23,22,2026-01-23 22:00:00,0.03155,False
Línea 1,2026-01-23,23,2026-01-23 23:00:00,0.02751,False
Línea 1,2026-01-24,0,2026-01-24 00:00:00,0.00507,False
Línea 1,2026-01-24,1,2026-01-24 01:00:00,0.01266,False
Línea 1,2026-01-24,2,2026-01-24 02:00:00,0.02523,False
Línea 1,2026-01-24,3,2026-01-24 03:00:00,0.00893,False
Línea 1,2026-01-24,4,2026-01-24 04:00:00,0.01427,False
Línea 1,2026-01-24,5,2026-01-24 05:00:00,0.01935,False
Línea 1,2026-01-24,6,2026-01-24 06:00:00,0.01468,False
Línea 1,2026-01-24,7,2026-01-24 07:00:00,0.03099,False
Línea 1,2026-01-24,8,2026-01-24 08:00:00,0.0195,False
Línea 1,2026-01-24,9,2026-01-24 09:00:00,0.01566,False
Línea 1,2026-01-24,10,2026-01-24 10:00:00,0.02212,False
Línea 1,2026-01-24,11,2026-01-24 11:00:00,0.02998,False
Línea 1,2026-01-24,12,2026-01-24 12:00:00,0.02155,False
Línea 1,2026-01-24,13,2026-01-24 13:00:00,0.02788,False
Línea 1,2026-01-24,14,2026-01-24 14:00:00,0.02864,False
Línea 1,2026-01-24,15,2026-01-24 15:00:00,0.01674,False
Línea 1,2026-01-24,16,2026-01-24 16:00:00,0.01896,False
Línea 1,2026-01-24,17,2026-01-24 17:00:00,0.0225,False
Línea 1,2026-01-24,18,2026-01-24 18:00:00,0.02255,False
Línea 1,2026-01-24,19,2026-01-24 19:00:00,0.01303,False
Línea 1,2026-01-24,20,2026-01-24 20:00:00,0.01525,False
Línea 1,2026-01-24,21,2026-01-24 21:00:00,0.01098,False
Línea 1,2026-01-24,22,2026-01-24 22:00:00,0.01578,False
Línea 1,2026-01-24,23,2026-01-24 23:00:00,0.01373,False
Línea 1,2026-01-25,0,2026-01-25 00:00:00,-0.00459,False
Línea 1,2026-01-25,1,2026-01-25 01:00:00,0.00079,False
Línea 1,2026-01-25,2,2026-01-25 02:00:00,-0.00376,False
Línea 1,2026-01-25,3,2026-01-25 03:00:00,0.00273,False
Línea 1,2026-01-25,4,2026-01-25 04:00:00,0.00448,False
Línea 1,2026-01-25,5,2026-01-25 05:00:00,0.0178,False
Línea 1,2026-01-25,6,2026-01-25 06:00:00,0.00363,False
Línea 1,2026-01-25,7,2026-01-25 07:00:00,0.00687,False
Línea 1,2026-01-25,8,2026-01-25 08:00:00,0.00576,False
Línea 1,2026-01-25,9,2026-01-25 09:00:00,0.00511,False
Línea 1,2026-01-25,10,2026-01-25 10:00:00,0.00984,False
Línea 1,2026-01-25,11,2026-01-25 11:00:00,0.01737,False
Línea 1,2026-01-25,12,2026-01-25 12:00:00,0.01807,False
Línea 1,2026-01-25,13,2026-01-25 13:00:00,0.01515,False
Línea 1,2026-01-25,14,2026-01-25 14:00:00,0.0108,False
Línea 1,2026-01-25,15,2026-01-25 15:00:00,0.00834,False
Línea 1,2026-01-25,16,2026-01-25 16:00:00,0.00415,False
Línea 1,2026-01-25,17,2026-01-25 17:00:00,0.00438,False
Línea 1,2026-01-25,18,2026-01-25 18:00:00,-0.00212,False
Línea 1,2026-01-25,19,2026-01-25 19:00:00,0.01172,False
Línea 1,2026-01-25,20,2026-01-25 20:00:00,0.01267,False
Línea 1,2026-01-25,21,2026-01-25 21:00:00,-0.01162,False
Línea 1,2026-01-25,22,2026-01-25 22:00:00,0.00046,False
Línea 1,2026-01-25,23,2026-01-25 23:00:00,-0.00044,False
Línea 1,2026-01-26,0,2026-01-26 00:00:00,-0.00675,False
Línea 1,2026-01-26,1,2026-01-26 01:00:00,-0.01128,False
Línea 1,2026-01-26,2,2026-01-26 02:00:00,-0.00079,False
Línea 1,2026-01-26,3,2026-01-26 03:00:00,-0.00319,False
Línea 1,2026-01-26,4,2026-01-26 04:00:00,0.0022,False
Línea 1,2026-01-26,5,2026-01-26 05:00:00,-0.0065,False
Línea 1,2026-01-26,6,2026-01-26 06:00:00,-0.0083,False
Línea 1,2026-01-26,7,2026-01-26 07:00:00,0.00468,False
Línea 1,2026-01-26,8,2026-01-26 08:00:00,-0.00178,False
Línea 1,2026-01-26,9,2026-01-26 09:00:00,0.01198,False
Línea 1,2026-01-26,10,2026-01-26 10:00:00,-0.00583,False
Línea 1,2026-01-26,11,2026-01-26 11:00:00,0.00492,False
Línea 1,2026-01-26,12,2026-01-26 12:00:00,0.0043,False
Línea 1,2026-01-26,13,2026-01-26 13:00:00,0.00573,False
Línea 1,2026-01-26,14,2026-01-26 14:00:00,0.00849,False
Línea 1,2026-01-26,15,2026-01-26 15:00:00,0.00803,False
Línea 1,2026-01-26,16,2026-01-26 16:00:00,0.00784,False
Línea 1,2026-01-26,17,2026-01-26 17:00:00,0.0066,False
Línea 1,2026-01-26,18,2026-01-26 18:00:00,-0.00103,False
Línea 1,2026-01-26,19,2026-01-26 19:00:00,0.01058,False
Línea 1,2026-01-26,20,2026-01-26 20:00:00,0.00432,False
Línea 1,2026-01-26,21,2026-01-26 21:00:00,-0.00753,False
Línea 1,2026-01-26,22,2026-01-26 22:00:00,-0.00775,False
Línea 1,2026-01-26,23,2026-01-26 23:00:00,-0.00973,False
Línea 1,2026-01-27,0,2026-01-27 00:00:00,-0.00017,False
Línea 1,2026-01-27,1,2026-01-27 01:00:00,-0.00791,False
Línea 1,2026-01-27,2,2026-01-27 02:00:00,-0.00602,False
Línea 1,2026-01-27,3,2026-01-27 03:00:00,-0.01301,False
Línea 1,2026-01-27,4,2026-01-27 04:00:00,-0.00074,False
Línea 1,2026-01-27,5,2026-01-27 05:00:00,0.00997,False
Línea 1,2026-01-27,6,2026-01-27 06:00:00,0.00474,False
Línea 1,2026-01-27,7,2026-01-27 07:00:00,0.00714,False
Línea 1,2026-01-27,8,2026-01-27 08:00:00,0.01132,False
Línea 1,2026-01-27,9,2026-01-27 09:00:00,0.00529,False
Línea 1,2026-01-27,10,2026-01-27 10:00:00,0.01273,False
Línea 1,2026-01-27,11,2026-01-27 11:00:00,0.01872,False
Línea 1,2026-01-27,12,2026-01-27 12:00:00,0.01549,False
Línea 1,2026-01-27,13,2026-01-27 13:00:00,0.01924,False
Línea 1,2026-01-27,14,2026-01-27 14:00:00,0.02016,False
Línea 1,2026-01-27,15,2026-01-27 15:00:00,0.01528,False
Línea 1,2026-01-27,16,2026-01-27 16:00:00,0.00537,False
Línea 1,2026-01-27,17,2026-01-27 17:00:00,0.00565,False
Línea 1,2026-01-27,18,2026-01-27 18:00:00,0.01724,False
Línea 1,2026-01-27,19,2026-01-27 19:00:00,0.00546,False
Línea 1,2026-01-27,20,2026-01-27 20:00:00,0.00273,False
Línea 1,2026-01-27,21,2026-01-27 21:00:00,-0.00517,False
Línea 1,2026-01-27,22,2026-01-27 22:00:00,-0.00183,False
Línea 1,2026-01-27,23,2026-01-27 23:00:00,0.00222,False
Línea 1,2026-01-28,0,2026-01-28 00:00:00,0.01043,False
Línea 1,2026-01-28,1,2026-01-28 01:00:00,0.00749,False
Línea 1,2026-01-28,2,2026-01-28 02:00:00,0.00969,False
Línea 1,2026-01-28,3,2026-01-28 03:00:00,0.01983,False
Línea 1,2026-01-28,4,2026-01-28 04:00:00,0.01834,False
Línea 1,2026-01-28,5,2026-01-28 05:00:00,0.01947,False
Línea 1,2026-01-28,6,2026-01-28 06:00:00,0.02098,False
Línea 1,2026-01-28,7,2026-01-28 07:00:00,0.01331,False
Línea 1,2026-01-28,8,2026-01-28 08:00:00,0.02397,False
Línea 1,2026-01-28,9,2026-01-28 09:00:00,0.0304,False
Línea 1,2026-01-28,10,2026-01-28 10:00:00,0.0237,False
Línea 1,2026-01-28,11,2026-01-28 11:00:00,0.03193,False
Línea 1,2026-01-28,12,2026-01-28 12:00:00,0.02961,False
Línea 1,2026-01-28,13,2026-01-28 13:00:00,0.03103,False
Línea 1,2026-01-28,14,2026-01-28 14:00:00,0.02557,False
Línea 1,2026-01-28,15,2026-01-28 15:00:00,0.02931,False
Línea 1,2026-01-28,16,2026-01-28 16:00:00,0.01355,False
Línea 1,2026-01-28,17,2026-01-28 17:00:00,0.02061,False
Línea 1,2026-01-28,18,2026-01-28 18:00:00,0.02262,False
Línea 1,2026-01-28,19,2026-01-28 19:00:00,0.01805,False
Línea 1,2026-01-28,20,2026-01-28 20:00:00,0.02091,False
Línea 1,2026-01-28,21,2026-01-28 21:00:00,0.01174,False
Línea 1,2026-01-28,22,2026-01-28 22:00:00,0.00812,False
Línea 1,2026-01-28,23,2026-01-28 23:00:00,0.00078,False
Línea 2,2025-10-01,0,2025-10-01 00:00:00,0.00194,False
Línea 2,2025-10-01,1,2025-10-01 01:00:00,0.01766,False
Línea 2,2025-10-01,2,2025-10-01 02:00:00,0.00556,False
Línea 2,2025-10-01,3,2025-10-01 03:00:00,0.01195,False
Línea 2,2025-10-01,4,2025-10-01 04:00:00,0.01092,False
Línea 2,2025-10-01,5,2025-10-01 05:00:00,0.01877,False
Línea 2,2025-10-01,6,2025-10-01 06:00:00,0.0189,False
Línea 2,2025-10-01,7,2025-10-01 07:00:00,0.02448,False
Línea 2,2025-10-01,8,2025-10-01 08:00:00,0.0334,False
Línea 2,2025-10-01,9,2025-10-01 09:00:00,0.02638,False
Línea 2,2025-10-01,10,2025-10-01 10:00:00,0.02181,False
Línea 2,2025-10-01,11,2025-10-01 11:00:00,0.02883,False
Línea 2,2025-10-01,12,2025-10-01 12:00:00,0.03801,False
Línea 2,2025-10-01,13,2025-10-01 13:00:00,0.03,False
Línea 2,2025-10-01,14,2025-10-01 14:00:00,0.03094,False
Línea 2,2025-10-01,15,2025-10-01 15:00:00,0.01443,False
Línea 2,2025-10-01,16,2025-10-01 16:00:00,0.02466,False
Línea 2,2025-10-01,17,2025-10-01 17:00:00,0.0188,False
Línea 2,2025-10-01,18,2025-10-01 18:00:00,0.01426,False
Línea 2,2025-10-01,19,2025-10-01 19:00:00,0.01613,False
Línea 2,2025-10-01,20,2025-10-01 20:00:00,0.01499,False
Línea 2,2025-10-01,21,2025-10-01 21:00:00,0.00893,False
Línea 2,2025-10-01,22,2025-10-01 22:00:00,0.01254,False
Línea 2,2025-10-01,23,2025-10-01 23:00:00,0.00957,False
Línea 2,2025-10-02,0,2025-10-02 00:00:00,0.02473,False
Línea 2,2025-10-02,1,2025-10-02 01:00:00,0.02215,False
Línea 2,2025-10-02,2,2025-10-02 02:00:00,0.02384,False
Línea 2,2025-10-02,3,2025-10-02 03:00:00,0.02873,False
Línea 2,2025-10-02,4,2025-10-02 04:00:00,0.02784,False
Línea 2,2025-10-02,5,2025-10-02 05:00:00,0.02641,False
Línea 2,2025-10-02,6,2025-10-02 06:00:00,0.01599,False
Línea 2,2025-10-02,7,2025-10-02 07:00:00,0.03367,False
Línea 2,2025-10-02,8,2025-10-02 08:00:00,0.02704,False
Línea 2,2025-10-02,9,2025-10-02 09:00:00,0.03365,False
Línea 2,2025-10-02,10,2025-10-02 10:00:00,0.03767,False
Línea 2,2025-10-02,11,2025-10-02 11:00:00,0.04424,False
Línea 2,2025-10-02,12,2025-10-02 12:00:00,0.04757,False
Línea 2,2025-10-02,13,2025-10-02 13:00:00,0.03071,False
Línea 2,2025-10-02,14,2025-10-02 14:00:00,0.02755,False
Línea 2,2025-10-02,15,2025-10-02 15:00:00,0.03613,False
Línea 2,2025-10-02,16,2025-10-02 16:00:00,0.03397,False
Línea 2,2025-10-02,17,2025-10-02 17:00:00,0.02337,False
Línea 2,2025-10-02,18,2025-10-02 18:00:00,0.02841,False
Línea 2,2025-10-02,19,2025-10-02 19:00:00,0.03003,False
Línea 2,2025-10-02,20,2025-10-02 20:00:00,0.01713,False
Línea 2,2025-10-02,21,2025-10-02 21:00:00,0.01689,False
Línea 2,2025-10-02,22,2025-10-02 22:00:00,0.01772,False
Línea 2,2025-10-02,23,2025-10-02 23:00:00,0.01951,False
Línea 2,2025-10-03,0,2025-10-03 00:00:00,0.02468,False
Línea 2,2025-10-03,1,2025-10-03 01:00:00,0.01883,False
Línea 2,2025-10-03,2,2025-10-03 02:00:00,0.02192,False
Línea 2,2025-10-03,3,2025-10-03 03:00:00,0.03633,False
Línea 2,2025-10-03,4,2025-10-03 04:00:00,0.01878,False
Línea 2,2025-10-03,5,2025-10-03 05:00:00,0.02253,False
Línea 2,2025-10-03,6,2025-10-03 06:00:00,0.03258,False
Línea 2,2025-10-03,7,2025-10-03 07:00:00,0.03651,False
Línea 2,2025-10-03,8,2025-10-03 08:00:00,0.035,False
Línea 2,2025-10-03,9,2025-10-03 09:00:00,0.04503,False
Línea 2,2025-10-03,10,2025-10-03 10:00:00,0.03735,False
Línea 2,2025-10-03,11,2025-10-03 11:00:00,0.02439,False
Línea 2,2025-10-03,12,2025-10-03 12:00:00,0.0371,False
Línea 2,2025-10-03,13,2025-10-03 13:00:00,0.03282,False
Línea 2,2025-10-03,14,2025-10-03 14:00:00,0.04375,False
Línea 2,2025-10-03,15,2025-10-03 15:00:00,0.03996,False
Línea 2,2025-10-03,16,2025-10-03 16:00:00,0.02298,False
Línea 2,2025-10-03,17,2025-10-03 17:00:00,0.03869,False
Línea 2,2025-10-03,18,2025-10-03 18:00:00,0.03415,False
Línea 2,2025-10-03,19,2025-10-03 19:00:00,0.0245,False
Línea 2,2025-10-03,20,2025-10-03 20:00:00,0.02404,False
Línea 2,2025-10-03,21,2025-10-03 21:00:00,0.03121,False
Línea 2,2025-10-03,22,2025-10-03 22:00:00,0.00976,False
Línea 2,2025-10-03,23,2025-10-03 23:00:00,0.02346,False
Línea 2,2025-10-04,0,2025-10-04 00:00:00,0.0169,False
Línea 2,2025-10-04,1,2025-10-04 01:00:00,0.01008,False
Línea 2,2025-10-04,2,2025-10-04 02:00:00,0.0153,False
Línea 2,2025-10-04,3,2025-10-04 03:00:00,0.0133,False
Línea 2,2025-10-04,4,2025-10-04 04:00:00,0.00963,False
Línea 2,2025-10-04,5,2025-10-04 05:00:00,0.01141,False
Línea 2,2025-10-04,6,2025-10-04 06:00:00,0.02261,False
Línea 2,2025-10-04,7,2025-10-04 07:00:00,0.01659,False
Línea 2,2025-10-04,8,2025-10-04 08:00:00,0.01319,False
Línea 2,2025-10-04,9,2025-10-04 09:00:00,0.02473,False
Línea 2,2025-10-04,10,2025-10-04 10:00:00,0.02219,False
Línea 2,2025-10-04,11,2025-10-04 11:00:00,0.01887,False
Línea 2,2025-10-04,12,2025-10-04 12:00:00,0.02677,False
Línea 2,2025-10-04,13,2025-10-04 13:00:00,0.03067,False
Línea 2,2025-10-04,14,2025-10-04 14:00:00,0.02539,False
Línea 2,2025-10-04,15,2025-10-04 15:00:00,0.0176,False
Línea 2,2025-10-04,16,2025-10-04 16:00:00,0.02523,False
Línea 2,2025-10-04,17,2025-10-04 17:00:00,0.02662,False
Línea 2,2025-10-04,18,2025-10-04 18:00:00,0.03162,False
Línea 2,2025-10-04,19,2025-10-04 19:00:00,0.02492,False
Línea 2,2025-10-04,20,2025-10-04 20:00:00,0.00831,False
Línea 2,2025-10-04,21,2025-10-04 21:00:00,0.01783,False
Línea 2,2025-10-04,22,2025-10-04 22:00:00,0.01295,False
Línea 2,2025-10-04,23,2025-10-04 23:00:00,0.0037,False
Línea 2,2025-10-05,0,2025-10-05 00:00:00,-0.00065,False
Línea 2,2025-10-05,1,2025-10-05 01:00:00,0.00943,False
Línea 2,2025-10-05,2,2025-10-05 02:00:00,0.00589,False
Línea 2,2025-10-05,3,2025-10-05 03:00:00,-0.00609,False
Línea 2,2025-10-05,4,2025-10-05 04:00:00,0.00173,False
Línea 2,2025-10-05,5,2025-10-05 05:00:00,0.00653,False
Línea 2,2025-10-05,6,2025-10-05 06:00:00,-0.00473,False
Línea 2,2025-10-05,7,2025-10-05 07:00:00,-0.00245,False
Línea 2,2025-10-05,8,2025-10-05 08:00:00,0.01058,False
Línea 2,2025-10-05,9,2025-10-05 09:00:00,0.01231,False
Línea 2,2025-10-05,10,2025-10-05 10:00:00,0.00154,False
Línea 2,2025-10-05,11,2025-10-05 11:00:00,0.0157,False
Línea 2,2025-10-05,12,2025-10-05 12:00:00,0.02017,False
Línea 2,2025-10-05,13,2025-10-05 13:00:00,0.01207,False
Línea 2,2025-10-05,14,2025-10-05 14:00:00,0.01293,False
Línea 2,2025-10-05,15,2025-10-05 15:00:00,0.01473,False
Línea 2,2025-10-05,16,2025-10-05 16:00:00,0.01228,False
Línea 2,2025-10-05,17,2025-10-05 17:00:00,-0.00229,False
Línea 2,2025-10-05,18,2025-10-05 18:00:00,0.00022,False
Línea 2,2025-10-05,19,2025-10-05 19:00:00,0.0012,False
Línea 2,2025-10-05,20,2025-10-05 20:00:00,-0.00352,False
Línea 2,2025-10-05,21,2025-10-05 21:00:00,0.00879,False
Línea 2,2025-10-05,22,2025-10-05 22:00:00,0.00253,False
Línea 2,2025-10-05,23,2025-10-05 23:00:00,-0.00874,False
Línea 2,2025-10-06,0,2025-10-06 00:00:00,-0.00929,False
Línea 2,2025-10-06,1,2025-10-06 01:00:00,-0.00095,False
Línea 2,2025-10-06,2,2025-10-06 02:00:00,-0.01081,False
Línea 2,2025-10-06,3,2025-10-06 03:00:00,-0.00055,False
Línea 2,2025-10-06,4,2025-10-06 04:00:00,0.0043,False
Línea 2,2025-10-06,5,2025-10-06 05:00:00,0.00523,False
Línea 2,2025-10-06,6,2025-10-06 06:00:00,0.00108,False
Línea 2,2025-10-06,7,2025-10-06 07:00:00,0.00958,False
Línea 2,2025-10-06,8,2025-10-06 08:00:00,0.00087,False
Línea 2,2025-10-06,9,2025-10-06 09:00:00,0.02057,False
Línea 2,2025-10-06,10,2025-10-06 10:00:00,0.00837,False
Línea 2,2025-10-06,11,2025-10-06 11:00:00,0.01461,False
Línea 2,2025-10-06,12,2025-10-06 12:00:00,0.00583,False
Línea 2,2025-10-06,13,2025-10-06 13:00:00,0.01072,False
Línea 2,2025-10-06,14,2025-10-06 14:00:00,0.01019,False
Línea 2,2025-10-06,15,2025-10-06 15:00:00,8e-05,False
Línea 2,2025-10-06,16,2025-10-06 16:00:00,-0.00175,False
Línea 2,2025-10-06,17,2025-10-06 17:00:00,0.00084,False
Línea 2,2025-10-06,18,2025-10-06 18:00:00,0.00663,False
Línea 2,2025-10-06,19,2025-10-06 19:00:00,-0.01306,False
Línea 2,2025-10-06,20,2025-10-06 20:00:00,-0.00618,False
Línea 2,2025-10-06,21,2025-10-06 21:00:00,0.0022,False
Línea 2,2025-10-06,22,2025-10-06 22:00:00,-0.01432,False
Línea 2,2025-10-06,23,2025-10-06 23:00:00,-0.0002,False
Línea 2,2025-10-07,0,2025-10-07 00:00:00,-0.00912,False
Línea 2,2025-10-07,1,2025-10-07 01:00:00,-0.00758,False
Línea 2,2025-10-07,2,2025-10-07 02:00:00,-0.00216,False
Línea 2,2025-10-07,3,2025-10-07 03:00:00,0.01123,False
Línea 2,2025-10-07,4,2025-10-07 04:00:00,-0.00219,False
Línea 2,2025-10-07,5,2025-10-07 05:00:00,-0.00682,False
Línea 2,2025-10-07,6,2025-10-07 06:00:00,-0.00276,False
Línea 2,2025-10-07,7,2025-10-07 07:00:00,0.01331,False
Línea 2,2025-10-07,8,2025-10-07 08:00:00,0.00152,False
Línea 2,2025-10-07,9,2025-10-07 09:00:00,0.01843,False
Línea 2,2025-10-07,10,2025-10-07 10:00:00,0.01299,False
Línea 2,2025-10-07,11,2025-10-07 11:00:00,0.01318,False
Línea 2,2025-10-07,12,2025-10-07 12:00:00,0.01543,False
Línea 2,2025-10-07,13,2025-10-07 13:00:00,0.00857,False
Línea 2,2025-10-07,14,2025-10-07 14:00:00,0.0134,False
Línea 2,2025-10-07,15,2025-10-07 15:00:00,0.00415,False
Línea 2,2025-10-07,16,2025-10-07 16:00:00,0.01774,False
Línea 2,2025-10-07,17,2025-10-07 17:00:00,0.00155,False
Línea 2,2025-10-07,18,2025-10-07 18:00:00,0.00828,False
Línea 2,2025-10-07,19,2025-10-07 19:00:00,-0.00263,False
Línea 2,2025-10-07,20,2025-10-07 20:00:00,-0.00155,False
Línea 2,2025-10-07,21,2025-10-07 21:00:00,-0.00225,False
Línea 2,2025-10-07,22,2025-10-07 22:00:00,0.01661,False
Línea 2,2025-10-07,23,2025-10-07 23:00:00,-0.00217,False
Línea 2,2025-10-08,0,2025-10-08 00:00:00,0.00541,False
Línea 2,2025-10-08,1,2025-10-08 01:00:00,0.00794,False
Línea 2,2025-10-08,2,2025-10-08 02:00:00,0.00238,False
Línea 2,2025-10-08,3,2025-10-08 03:00:00,0.0117,False
Línea 2,2025-10-08,4,2025-10-08 04:00:00,0.02544,False
Línea 2,2025-10-08,5,2025-10-08 05:00:00,0.01828,False
Línea 2,2025-10-08,6,2025-10-08 06:00:00,0.02376,False
Línea 2,2025-10-08,7,2025-10-08 07:00:00,0.01495,False
Línea 2,2025-10-08,8,2025-10-08 08:00:00,0.02112,False
Línea 2,2025-10-08,9,2025-10-08 09:00:00,0.02522,False
Línea 2,2025-10-08,10,2025-10-08 10:00:00,0.02091,False
Línea 2,2025-10-08,11,2025-10-08 11:00:00,0.02847,False
Línea 2,2025-10-08,12,2025-10-08 12:00:00,0.03003,False
Línea 2,2025-10-08,13,2025-10-08 13:00:00,0.02932,False
Línea 2,2025-10-08,14,2025-10-08 14:00:00,0.02436,False
Línea 2,2025-10-08,15,2025-10-08 15:00:00,0.03054,False
Línea 2,2025-10-08,16,2025-10-08 16:00:00,0.02079,False
Línea 2,2025-10-08,17,2025-10-08 17:00:00,0.01832,False
Línea 2,2025-10-08,18,2025-10-08 18:00:00,0.02699,False
Línea 2,2025-10-08,19,2025-10-08 19:00:00,0.00963,False
Línea 2,2025-10-08,20,2025-10-08 20:00:00,0.00412,False
Línea 2,2025-10-08,21,2025-10-08 21:00:00,0.00747,False
Línea 2,2025-10-08,22,2025-10-08 22:00:00,0.01373,False
Línea 2,2025-10-08,23,2025-10-08 23:00:00,0.01831,False
Línea 2,2025-10-09,0,2025-10-09 00:00:00,0.01655,False
Línea 2,2025-10-09,1,2025-10-09 01:00:00,0.03168,False
Línea 2,2025-10-09,2,2025-10-09 02:00:00,0.02175,False
Línea 2,2025-10-09,3,2025-10-09 03:00:00,0.02216,False
Línea 2,2025-10-09,4,2025-10-09 04:00:00,0.01941,False
Línea 2,2025-10-09,5,2025-10-09 05:00:00,0.03815,False
Línea 2,2025-10-09,6,2025-10-09 06:00:00,0.02761,False
Línea 2,2025-10-09,7,2025-10-09 07:00:00,0.02259,False
Línea 2,2025-10-09,8,2025-10-09 08:00:00,0.04726,False
Línea 2,2025-10-09,9,2025-10-09 09:00:00,0.03653,False
Línea 2,2025-10-09,10,2025-10-09 10:00:00,0.04024,False
Línea 2,2025-10-09,11,2025-10-09 11:00:00,0.04633,False
Línea 2,2025-10-09,12,2025-10-09 12:00:00,0.0402,False
Línea 2,2025-10-09,13,2025-10-09 13:00:00,0.04209,False
Línea 2,2025-10-09,14,2025-10-09 14:00:00,0.03577,False
Línea 2,2025-10-09,15,2025-10-09 15:00:00,0.03857,False
Línea 2,2025-10-09,16,2025-10-09 16:00:00,0.03231,False
Línea 2,2025-10-09,17,2025-10-09 17:00:00,0.03046,False
Línea 2,2025-10-09,18,2025-10-09 18:00:00,0.02923,False
Línea 2,2025-10-09,19,2025-10-09 19:00:00,0.02406,False
Línea 2,2025-10-09,20,2025-10-09 20:00:00,0.02754,False
Línea 2,2025-10-09,21,2025-10-09 21:00:00,0.02587,False
Línea 2,2025-10-09,22,2025-10-09 22:00:00,0.0265,False
Línea 2,2025-10-09,23,2025-10-09 23:00:00,0.02462,False
Línea 2,2025-10-10,0,2025-10-10 00:00:00,0.03251,False
Línea 2,2025-10-10,1,2025-10-10 01:00:00,0.0271,False
Línea 2,2025-10-10,2,2025-10-10 02:00:00,0.02034,False
Línea 2,2025-10-10,3,2025-10-10 03:00:00,0.02558,False
Línea 2,2025-10-10,4,2025-10-10 04:00:00,0.03299,False
Línea 2,2025-10-10,5,2025-10-10 05:00:00,0.02074,False
Línea 2,2025-10-10,6,2025-10-10 06:00:00,0.0406,False
Línea 2,2025-10-10,7,2025-10-10 07:00:00,0.02594,False
Línea 2,2025-10-10,8,2025-10-10 08:00:00,0.03792,False
Línea 2,2025-10-10,9,2025-10-10 09:00:00,0.03421,False
Línea 2,2025-10-10,10,2025-10-10 10:00:00,0.03514,False
Línea 2,2025-10-10,11,2025-10-10 11:00:00,0.02842,False
Línea 2,2025-10-10,12,2025-10-10 12:00:00,0.04196,False
Línea 2,2025-10-10,13,2025-10-10 13:00:00,0.02851,False
Línea 2,2025-10-10,14,2025-10-10 14:00:00,0.02679,False
Línea 2,2025-10-10,15,2025-10-10 15:00:00,0.04113,False
Línea 2,2025-10-10,16,2025-10-10 16:00:00,0.04325,False
Línea 2,2025-10-10,17,2025-10-10 17:00:00,0.02658,False
Línea 2,2025-10-10,18,2025-10-10 18:00:00,0.03453,False
Línea 2,2025-10-10,19,2025-10-10 19:00:00,0.03122,False
Línea 2,2025-10-10,20,2025-10-10 20:00:00,0.02397,False
Línea 2,2025-10-10,21,2025-10-10 21:00:00,0.03087,False
Línea 2,2025-10-10,22,2025-10-10 22:00:00,0.0206,False
Línea 2,2025-10-10,23,2025-10-10 23:00:00,0.02389,False
Línea 2,2025-10-11,0,2025-10-11 00:00:00,0.00282,False
Línea 2,2025-10-11,1,2025-10-11 01:00:00,0.00334,False
Línea 2,2025-10-11,2,2025-10-11 02:00:00,0.01842,False
Línea 2,2025-10-11,3,2025-10-11 03:00:00,0.01599,False
Línea 2,2025-10-11,4,2025-10-11 04:00:00,0.01348,False
Línea 2,2025-10-11,5,2025-10-11 05:00:00,0.02771,False
Línea 2,2025-10-11,6,2025-10-11 06:00:00,0.02972,False
Línea 2,2025-10-11,7,2025-10-11 07:00:00,0.02304,False
Línea 2,2025-10-11,8,2025-10-11 08:00:00,0.0136,False
Línea 2,2025-10-11,9,2025-10-11 09:00:00,0.02333,False
Línea 2,2025-10-11,10,2025-10-11 10:00:00,0.02027,False
Línea 2,2025-10-11,11,2025-10-11 11:00:00,0.0266,False
Línea 2,2025-10-11,12,2025-10-11 12:00:00,0.02072,False
Línea 2,2025-10-11,13,2025-10-11 13:00:00,0.01889,False
Línea 2,2025-10-11,14,2025-10-11 14:00:00,0.01169,False
Línea 2,2025-10-11,15,2025-10-11 15:00:00,0.025,False
Línea 2,2025-10-11,16,2025-10-11 16:00:00,0.00855,False
Línea 2,2025-10-11,17,2025-10-11 17:00:00,0.01849,False
Línea 2,2025-10-11,18,2025-10-11 18:00:00,0.0225,False
Línea 2,2025-10-11,19,2025-10-11 19:00:00,0.01193,False
Línea 2,2025-10-11,20,2025-10-11 20:00:00,0.00783,False
Línea 2,2025-10-11,21,2025-10-11 21:00:00,0.01227,False
Línea 2,2025-10-11,22,2025-10-11 22:00:00,0.00644,False
Línea 2,2025-10-11,23,2025-10-11 23:00:00,0.01172,False
Línea 2,2025-10-12,0,2025-10-12 00:00:00,-0.00855,False
Línea 2,2025-10-12,1,2025-10-12 01:00:00,-0.00271,False
Línea 2,2025-10-12,2,2025-10-12 02:00:00,-0.00336,False
Línea 2,2025-10-12,3,2025-10-12 03:00:00,-8e-05,False
Línea 2,2025-10-12,4,2025-10-12 04:00:00,0.01146,False
Línea 2,2025-10-12,5,2025-10-12 05:00:00,0.00478,False
Línea 2,2025-10-12,6,2025-10-12 06:00:00,0.00867,False
Línea 2,2025-10-12,7,2025-10-12 07:00:00,0.00397,False
Línea 2,2025-10-12,8,2025-10-12 08:00:00,0.01099,False
Línea 2,2025-10-12,9,2025-10-12 09:00:00,0.00966,False
Línea 2,2025-10-12,10,2025-10-12 10:00:00,0.01275,False
Línea 2,2025-10-12,11,2025-10-12 11:00:00,0.01727,False
Línea 2,2025-10-12,12,2025-10-12 12:00:00,0.01065,False
Línea 2,2025-10-12,13,2025-10-12 13:00:00,0.01099,False
Línea 2,2025-10-12,14,2025-10-12 14:00:00,0.00966,False
Línea 2,2025-10-12,15,2025-10-12 15:00:00,0.00827,False
Línea 2,2025-10-12,16,2025-10-12 16:00:00,0.01069,False
Línea 2,2025-10-12,17,2025-10-12 17:00:00,0.00553,False
Línea 2,2025-10-12,18,2025-10-12 18:00:00,0.01464,False
Línea 2,2025-10-12,19,2025-10-12 19:00:00,0.01965,False
Línea 2,2025-10-12,20,2025-10-12 20:00:00,-0.00176,False
Línea 2,2025-10-12,21,2025-10-12 21:00:00,0.00175,False
Línea 2,2025-10-12,22,2025-10-12 22:00:00,0.00495,False
Línea 2,2025-10-12,23,2025-10-12 23:00:00,-0.00367,False
Línea 2,2025-10-13,0,2025-10-13 00:00:00,-0.01397,False
Línea 2,2025-10-13,1,2025-10-13 01:00:00,0.0027,False
Línea 2,2025-10-13,2,2025-10-13 02:00:00,-0.00281,False
Línea 2,2025-10-13,3,2025-10-13 03:00:00,-0.00374,False
Línea 2,2025-10-13,4,2025-10-13 04:00:00,0.0047,False
Línea 2,2025-10-13,5,2025-10-13 05:00:00,0.00255,False
Línea 2,2025-10-13,6,2025-10-13 06:00:00,-0.00029,False
Línea 2,2025-10-13,7,2025-10-13 07:00:00,-0.00379,False
Línea 2,2025-10-13,8,2025-10-13 08:00:00,0.00104,False
Línea 2,2025-10-13,9,2025-10-13 09:00:00,0.01289,False
Línea 2,2025-10-13,10,2025-10-13 10:00:00,0.01102,False
Línea 2,2025-10-13,11,2025-10-13 11:00:00,0.00661,False
Línea 2,2025-10-13,12,2025-10-13 12:00:00,0.0186,False
Línea 2,2025-10-13,13,2025-10-13 13:00:00,0.00678,False
Línea 2,2025-10-13,14,2025-10-13 14:00:00,0.01285,False
Línea 2,2025-10-13,15,2025-10-13 15:00:00,0.00698,False
Línea 2,2025-10-13,16,2025-10-13 16:00:00,0.0156,False
Línea 2,2025-10-13,17,2025-10-13 17:00:00,0.00659,False
Línea 2,2025-10-13,18,2025-10-13 18:00:00,0.00028,False
Línea 2,2025-10-13,19,2025-10-13 19:00:00,-0.00314,False
Línea 2,2025-10-13,20,2025-10-13 20:00:00,-0.00409,False
Línea 2,2025-10-13,21,2025-10-13 21:00:00,-0.01001,False
Línea 2,2025-10-13,22,2025-10-13 22:00:00,-0.01513,False
Línea 2,2025-10-13,23,2025-10-13 23:00:00,-0.00587,False
Línea 2,2025-10-14,0,2025-10-14 00:00:00,-0.00555,False
Línea 2,2025-10-14,1,2025-10-14 01:00:00,-0.0053,False
Línea 2,2025-10-14,2,2025-10-14 02:00:00,-0.00181,False
Línea 2,2025-10-14,3,2025-10-14 03:00:00,0.0003,False
Línea 2,2025-10-14,4,2025-10-14 04:00:00,0.00169,False
Línea 2,2025-10-14,5,2025-10-14 05:00:00,0.01401,False
Línea 2,2025-10-14,6,2025-10-14 06:00:00,0.00962,False
Línea 2,2025-10-14,7,2025-10-14 07:00:00,0.02037,False
Línea 2,2025-10-14,8,2025-10-14 08:00:00,0.00701,False
Línea 2,2025-10-14,9,2025-10-14 09:00:00,0.01601,False
Línea 2,2025-10-14,10,2025-10-14 10:00:00,0.01028,False
Línea 2,2025-10-14,11,2025-10-14 11:00:00,0.01001,False
Línea 2,2025-10-14,12,2025-10-14 12:00:00,0.02652,False
Línea 2,2025-10-14,13,2025-10-14 13:00:00,0.00877,False
Línea 2,2025-10-14,14,2025-10-14 14:00:00,-0.00081,False
Línea 2,2025-10-14,15,2025-10-14 15:00:00,0.00706,False
Línea 2,2025-10-14,16,2025-10-14 16:00:00,-0.0024,False
Línea 2,2025-10-14,17,2025-10-14 17:00:00,0.00201,False
Línea 2,2025-10-14,18,2025-10-14 18:00:00,0.0005,False
Línea 2,2025-10-14,19,2025-10-14 19:00:00,0.00379,False
Línea 2,2025-10-14,20,2025-10-14 20:00:00,-0.01065,False
Línea 2,2025-10-14,21,2025-10-14 21:00:00,0.00717,False
Línea 2,2025-10-14,22,2025-10-14 22:00:00,-0.01254,False
Línea 2,2025-10-14,23,2025-10-14 23:00:00,-0.00285,False
Línea 2,2025-10-15,0,2025-10-15 00:00:00,0.00839,False
Línea 2,2025-10-15,1,2025-10-15 01:00:00,0.01556,False
Línea 2,2025-10-15,2,2025-10-15 02:00:00,0.01352,False
Línea 2,2025-10-15,3,2025-10-15 03:00:00,0.0198,False
Línea 2,2025-10-15,4,2025-10-15 04:00:00,0.01217,False
Línea 2,2025-10-15,5,2025-10-15 05:00:00,0.01348,False
Línea 2,2025-10-15,6,2025-10-15 06:00:00,0.02081,False
Línea 2,2025-10-15,7,2025-10-15 07:00:00,0.02658,False
Línea 2,2025-10-15,8,2025-10-15 08:00:00,0.02729,False
Línea 2,2025-10-15,9,2025-10-15 09:00:00,0.02593,False
Línea 2,2025-10-15,10,2025-10-15 10:00:00,0.02666,False
Línea 2,2025-10-15,11,2025-10-15 11:00:00,0.02585,False
Línea 2,2025-10-15,12,2025-10-15 12:00:00,0.0288,False
Línea 2,2025-10-15,13,2025-10-15 13:00:00,0.03827,False
Línea 2,2025-10-15,14,2025-10-15 14:00:00,0.02381,False
Línea 2,2025-10-15,15,2025-10-15 15:00:00,0.02181,False
Línea 2,2025-10-15,16,2025-10-15 16:00:00,0.01969,False
Línea 2,2025-10-15,17,2025-10-15 17:00:00,0.02274,False
Línea 2,2025-10-15,18,2025-10-15 18:00:00,0.00561,False
Línea 2,2025-10-15,19,2025-10-15 19:00:00,0.01546,False
Línea 2,2025-10-15,20,2025-10-15 20:00:00,0.01962,False
Línea 2,2025-10-15,21,2025-10-15 21:00:00,0.00952,False
Línea 2,2025-10-15,22,2025-10-15 22:00:00,0.01253,False
Línea 2,2025-10-15,23,2025-10-15 23:00:00,0.02327,False
Línea 2,2025-10-16,0,2025-10-16 00:00:00,0.0225,False
Línea 2,2025-10-16,1,2025-10-16 01:00:00,0.00735,False
Línea 2,2025-10-16,2,2025-10-16 02:00:00,0.01313,False
Línea 2,2025-10-16,3,2025-10-16 03:00:00,0.02135,False
Línea 2,2025-10-16,4,2025-10-16 04:00:00,0.01969,False
Línea 2,2025-10-16,5,2025-10-16 05:00:00,0.02706,False
Línea 2,2025-10-16,6,2025-10-16 06:00:00,0.02675,False
Línea 2,2025-10-16,7,2025-10-16 07:00:00,0.03758,False
Línea 2,2025-10-16,8,2025-10-16 08:00:00,0.02597,False
Línea 2,2025-10-16,9,2025-10-16 09:00:00,0.03293,False
Línea 2,2025-10-16,10,2025-10-16 10:00:00,0.03675,False
Línea 2,2025-10-16,11,2025-10-16 11:00:00,0.03829,False
Línea 2,2025-10-16,12,2025-10-16 12:00:00,0.0374,False
Línea 2,2025-10-16,13,2025-10-16 13:00:00,0.02177,False
Línea 2,2025-10-16,14,2025-10-16 14:00:00,0.03594,False
Línea 2,2025-10-16,15,2025-10-16 15:00:00,0.03327,False
Línea 2,2025-10-16,16,2025-10-16 16:00:00,0.0377,False
Línea 2,2025-10-16,17,2025-10-16 17:00:00,0.03492,False
Línea 2,2025-10-16,18,2025-10-16 18:00:00,0.02996,False
Línea 2,2025-10-16,19,2025-10-16 19:00:00,0.02832,False
Línea 2,2025-10-16,20,2025-10-16 20:00:00,0.03263,False
Línea 2,2025-10-16,21,2025-10-16 21:00:00,0.02976,False
Línea 2,2025-10-16,22,2025-10-16 22:00:00,0.02324,False
Línea 2,2025-10-16,23,2025-10-16 23:00:00,0.03366,False
Línea 2,2025-10-17,0,2025-10-17 00:00:00,0.01675,False
Línea 2,2025-10-17,1,2025-10-17 01:00:00,0.01367,False
Línea 2,2025-10-17,2,2025-10-17 02:00:00,0.02152,False
Línea 2,2025-10-17,3,2025-10-17 03:00:00,0.02061,False
Línea 2,2025-10-17,4,2025-10-17 04:00:00,0.00972,False
Línea 2,2025-10-17,5,2025-10-17 05:00:00,0.02253,False
Línea 2,2025-10-17,6,2025-10-17 06:00:00,0.03058,False
Línea 2,2025-10-17,7,2025-10-17 07:00:00,0.03024,False
Línea 2,2025-10-17,8,2025-10-17 08:00:00,0.02786,False
Línea 2,2025-10-17,9,2025-10-17 09:00:00,0.03443,False
Línea 2,2025-10-17,10,2025-10-17 10:00:00,0.03618,False
Línea 2,2025-10-17,11,2025-10-17 11:00:00,0.04053,False
Línea 2,2025-10-17,12,2025-10-17 12:00:00,0.03267,False
Línea 2,2025-10-17,13,2025-10-17 13:00:00,0.04149,False
Línea 2,2025-10-17,14,2025-10-17 14:00:00,0.0289,False
Línea 2,2025-10-17,15,2025-10-17 15:00:00,0.03115,False
Línea 2,2025-10-17,16,2025-10-17 16:00:00,0.04271,False
Línea 2,2025-10-17,17,2025-10-17 17:00:00,0.02444,False
Línea 2,2025-10-17,18,2025-10-17 18:00:00,0.02456,False
Línea 2,2025-10-17,19,2025-10-17 19:00:00,0.01893,False
Línea 2,2025-10-17,20,2025-10-17 20:00:00,0.01955,False
Línea 2,2025-10-17,21,2025-10-17 21:00:00,0.02369,False
Línea 2,2025-10-17,22,2025-10-17 22:00:00,0.02583,False
Línea 2,2025-10-17,23,2025-10-17 23:00:00,0.02068,False
Línea 2,2025-10-18,0,2025-10-18 00:00:00,0.00839,False
Línea 2,2025-10-18,1,2025-10-18 01:00:00,0.00315,False
Línea 2,2025-10-18,2,2025-10-18 02:00:00,0.00705,False
Línea 2,2025-10-18,3,2025-10-18 03:00:00,0.0034,False
Línea 2,2025-10-18,4,2025-10-18 04:00:00,0.01876,False
Línea 2,2025-10-18,5,2025-10-18 05:00:00,0.0211,False
Línea 2,2025-10-18,6,2025-10-18 06:00:00,0.0181,False
Línea 2,2025-10-18,7,2025-10-18 07:00:00,0.02306,False
Línea 2,2025-10-18,8,2025-10-18 08:00:00,0.0276,False
Línea 2,2025-10-18,9,2025-10-18 09:00:00,0.0246,False
Línea 2,2025-10-18,10,2025-10-18 10:00:00,0.03363,False
Línea 2,2025-10-18,11,2025-10-18 11:00:00,0.01992,False
Línea 2,2025-10-18,12,2025-10-18 12:00:00,0.02425,False
Línea 2,2025-10-18,13,2025-10-18 13:00:00,0.02326,False
Línea 2,2025-10-18,14,2025-10-18 14:00:00,0.02915,False
Línea 2,2025-10-18,15,2025-10-18 15:00:00,0.01539,False
Línea 2,2025-10-18,16,2025-10-18 16:00:00,0.03103,False
Línea 2,2025-10-18,17,2025-10-18 17:00:00,0.02378,False
Línea 2,2025-10-18,18,2025-10-18 18:00:00,0.02884,False
Línea 2,2025-10-18,19,2025-10-18 19:00:00,0.01602,False
Línea 2,2025-10-18,20,2025-10-18 20:00:00,0.01104,False
Línea 2,2025-10-18,21,2025-10-18 21:00:00,0.01662,False
Línea 2,2025-10-18,22,2025-10-18 22:00:00,0.01759,False
Línea 2,2025-10-18,23,2025-10-18 23:00:00,0.00632,False
Línea 2,2025-10-19,0,2025-10-19 00:00:00,-0.01434,False
Línea 2,2025-10-19,1,2025-10-19 01:00:00,-0.01304,False
Línea 2,2025-10-19,2,2025-10-19 02:00:00,0.00029,False
Línea 2,2025-10-19,3,2025-10-19 03:00:00,0.00923,False
Línea 2,2025-10-19,4,2025-10-19 04:00:00,-0.00616,False
Línea 2,2025-10-19,5,2025-10-19 05:00:00,0.00194,False
Línea 2,2025-10-19,6,2025-10-19 06:00:00,0.00356,False
Línea 2,2025-10-19,7,2025-10-19 07:00:00,0.01924,False
Línea 2,2025-10-19,8,2025-10-19 08:00:00,0.0232,False
Línea 2,2025-10-19,9,2025-10-19 09:00:00,0.01385,False
Línea 2,2025-10-19,10,2025-10-19 10:00:00,0.01796,False
Línea 2,2025-10-19,11,2025-10-19 11:00:00,0.0186,False
Línea 2,2025-10-19,12,2025-10-19 12:00:00,0.00597,False
Línea 2,2025-10-19,13,2025-10-19 13:00:00,0.01757,False
Línea 2,2025-10-19,14,2025-10-19 14:00:00,0.00646,False
Línea 2,2025-10-19,15,2025-10-19 15:00:00,0.01028,False
Línea 2,2025-10-19,16,2025-10-19 16:00:00,0.01649,False
Línea 2,2025-10-19,17,2025-10-19 17:00:00,0.0082,False
Línea 2,2025-10-19,18,2025-10-19 18:00:00,0.01226,False
Línea 2,2025-10-19,19,2025-10-19 19:00:00,0.01137,False
Línea 2,2025-10-19,20,2025-10-19 20:00:00,-0.00889,False
Línea 2,2025-10-19,21,2025-10-19 21:00:00,-0.01308,False
Línea 2,2025-10-19,22,2025-10-19 22:00:00,0.00569,False
Línea 2,2025-10-19,23,2025-10-19 23:00:00,0.00513,False
Línea 2,2025-10-20,0,2025-10-20 00:00:00,-0.00646,False
Línea 2,2025-10-20,1,2025-10-20 01:00:00,-0.00537,False
Línea 2,2025-10-20,2,2025-10-20 02:00:00,-0.00157,False
Línea 2,2025-10-20,3,2025-10-20 03:00:00,-0.00041,False
Línea 2,2025-10-20,4,2025-10-20 04:00:00,-0.00583,False
Línea 2,2025-10-20,5,2025-10-20 05:00:00,0.00366,False
Línea 2,2025-10-20,6,2025-10-20 06:00:00,-0.00208,False
Línea 2,2025-10-20,7,2025-10-20 07:00:00,0.00353,False
Línea 2,2025-10-20,8,2025-10-20 08:00:00,0.0052,False
Línea 2,2025-10-20,9,2025-10-20 09:00:00,0.0005,False
Línea 2,2025-10-20,10,2025-10-20 10:00:00,0.00247,False
Línea 2,2025-10-20,11,2025-10-20 11:00:00,0.02113,False
Línea 2,2025-10-20,12,2025-10-20 12:00:00,0.00265,False
Línea 2,2025-10-20,13,2025-10-20 13:00:00,0.00995,False
Línea 2,2025-10-20,14,2025-10-20 14:00:00,0.01041,False
Línea 2,2025-10-20,15,2025-10-20 15:00:00,0.00533,False
Línea 2,2025-10-20,16,2025-10-20 16:00:00,0.00803,False
Línea 2,2025-10-20,17,2025-10-20 17:00:00,0.00404,False
Línea 2,2025-10-20,18,2025-10-20 18:00:00,-0.00522,False
Línea 2,2025-10-20,19,2025-10-20 19:00:00,0.00115,False
Línea 2,2025-10-20,20,2025-10-20 20:00:00,-0.00727,False
Línea 2,2025-10-20,21,2025-10-20 21:00:00,0.00479,False
Línea 2,2025-10-20,22,2025-10-20 22:00:00,-0.00435,False
Línea 2,2025-10-20,23,2025-10-20 23:00:00,-0.01193,False
Línea 2,2025-10-21,0,2025-10-21 00:00:00,-0.0003,False
Línea 2,2025-10-21,1,2025-10-21 01:00:00,-0.00763,False
Línea 2,2025-10-21,2,2025-10-21 02:00:00,0.00027,False
Línea 2,2025-10-21,3,2025-10-21 03:00:00,-0.00136,False
Línea 2,2025-10-21,4,2025-10-21 04:00:00,-0.00331,False
Línea 2,2025-10-21,5,2025-10-21 05:00:00,-0.00146,False
Línea 2,2025-10-21,6,2025-10-21 06:00:00,0.02026,False
Línea 2,2025-10-21,7,2025-10-21 07:00:00,0.00827,False
Línea 2,2025-10-21,8,2025-10-21 08:00:00,0.00706,False
Línea 2,2025-10-21,9,2025-10-21 09:00:00,0.00767,False
Línea 2,2025-10-21,10,2025-10-21 10:00:00,0.0154,False
Línea 2,2025-10-21,11,2025-10-21 11:00:00,0.00954,False
Línea 2,2025-10-21,12,2025-10-21 12:00:00,0.00708,False
Línea 2,2025-10-21,13,2025-10-21 13:00:00,0.01318,False
Línea 2,2025-10-21,14,2025-10-21 14:00:00,0.01234,False
Línea 2,2025-10-21,15,2025-10-21 15:00:00,0.0088,False
Línea 2,2025-10-21,16,2025-10-21 16:00:00,0.0043,False
Línea 2,2025-10-21,17,2025-10-21 17:00:00,0.00537,False
Línea 2,2025-10-21,18,2025-10-21 18:00:00,0.00283,False
Línea 2,2025-10-21,19,2025-10-21 19:00:00,-7e-05,False
Línea 2,2025-10-21,20,2025-10-21 20:00:00,0.00331,False
Línea 2,2025-10-21,21,2025-10-21 21:00:00,0.01335,False
Línea 2,2025-10-21,22,2025-10-21 22:00:00,0.00671,False
Línea 2,2025-10-21,23,2025-10-21 23:00:00,0.00957,False
Línea 2,2025-10-22,0,2025-10-22 00:00:00,0.00693,False
Línea 2,2025-10-22,1,2025-10-22 01:00:00,0.02066,False
Línea 2,2025-10-22,2,2025-10-22 02:00:00,0.01277,False
Línea 2,2025-10-22,3,2025-10-22 03:00:00,0.0186,False
Línea 2,2025-10-22,4,2025-10-22 04:00:00,0.01708,False
Línea 2,2025-10-22,5,2025-10-22 05:00:00,0.01421,False
Línea 2,2025-10-22,6,2025-10-22 06:00:00,0.02265,False
Línea 2,2025-10-22,7,2025-10-22 07:00:00,0.02332,False
Línea 2,2025-10-22,8,2025-10-22 08:00:00,0.01173,False
Línea 2,2025-10-22,9,2025-10-22 09:00:00,0.02325,False
Línea 2,2025-10-22,10,2025-10-22 10:00:00,0.0305,False
Línea 2,2025-10-22,11,2025-10-22 11:00:00,0.02773,False
Línea 2,2025-10-22,12,2025-10-22 12:00:00,0.02915,False
Línea 2,2025-10-22,13,2025-10-22 13:00:00,0.02156,False
Línea 2,2025-10-22,14,2025-10-22 14:00:00,0.0268,False
Línea 2,2025-10-22,15,2025-10-22 15:00:00,0.02342,False
Línea 2,2025-10-22,16,2025-10-22 16:00:00,0.02112,False
Línea 2,2025-10-22,17,2025-10-22 17:00:00,0.01633,False
Línea 2,2025-10-22,18,2025-10-22 18:00:00,0.02383,False
Línea 2,2025-10-22,19,2025-10-22 19:00:00,0.01834,False
Línea 2,2025-10-22,20,2025-10-22 20:00:00,0.01581,False
Línea 2,2025-10-22,21,2025-10-22 21:00:00,0.02499,False
Línea 2,2025-10-22,22,2025-10-22 22:00:00,0.01425,False
Línea 2,2025-10-22,23,2025-10-22 23:00:00,0.01781,False
Línea 2,2025-10-23,0,2025-10-23 00:00:00,0.02215,False
Línea 2,2025-10-23,1,2025-10-23 01:00:00,0.01867,False
Línea 2,2025-10-23,2,2025-10-23 02:00:00,0.01523,False
Línea 2,2025-10-23,3,2025-10-23 03:00:00,0.02431,False
Línea 2,2025-10-23,4,2025-10-23 04:00:00,0.00853,False
Línea 2,2025-10-23,5,2025-10-23 05:00:00,0.02808,False
Línea 2,2025-10-23,6,2025-10-23 06:00:00,0.03041,False
Línea 2,2025-10-23,7,2025-10-23 07:00:00,0.02928,False
Línea 2,2025-10-23,8,2025-10-23 08:00:00,0.03196,False
Línea 2,2025-10-23,9,2025-10-23 09:00:00,0.02666,False
Línea 2,2025-10-23,10,2025-10-23 10:00:00,0.04376,False
Línea 2,2025-10-23,11,2025-10-23 11:00:00,0.03422,False
Línea 2,2025-10-23,12,2025-10-23 12:00:00,0.03068,False
Línea 2,2025-10-23,13,2025-10-23 13:00:00,0.03951,False
Línea 2,2025-10-23,14,2025-10-23 14:00:00,0.03611,False
Línea 2,2025-10-23,15,2025-10-23 15:00:00,0.03202,False
Línea 2,2025-10-23,16,2025-10-23 16:00:00,0.02973,False
Línea 2,2025-10-23,17,2025-10-23 17:00:00,0.03055,False
Línea 2,2025-10-23,18,2025-10-23 18:00:00,0.03659,False
Línea 2,2025-10-23,19,2025-10-23 19:00:00,0.02926,False
Línea 2,2025-10-23,20,2025-10-23 20:00:00,0.02431,False
Línea 2,2025-10-23,21,2025-10-23 21:00:00,0.02797,False
Línea 2,2025-10-23,22,2025-10-23 22:00:00,0.02175,False
Línea 2,2025-10-23,23,2025-10-23 23:00:00,0.0232,False
Línea 2,2025-10-24,0,2025-10-24 00:00:00,0.02142,False
Línea 2,2025-10-24,1,2025-10-24 01:00:00,0.02433,False
Línea 2,2025-10-24,2,2025-10-24 02:00:00,0.01892,False
Línea 2,2025-10-24,3,2025-10-24 03:00:00,0.01602,False
Línea 2,2025-10-24,4,2025-10-24 04:00:00,0.02996,False
Línea 2,2025-10-24,5,2025-10-24 05:00:00,0.03547,False
Línea 2,2025-10-24,6,2025-10-24 06:00:00,0.02196,False
Línea 2,2025-10-24,7,2025-10-24 07:00:00,0.03166,False
Línea 2,2025-10-24,8,2025-10-24 08:00:00,0.02982,False
Línea 2,2025-10-24,9,2025-10-24 09:00:00,0.03947,False
Línea 2,2025-10-24,10,2025-10-24 10:00:00,0.03692,False
Línea 2,2025-10-24,11,2025-10-24 11:00:00,0.05621,False
Línea 2,2025-10-24,12,2025-10-24 12:00:00,0.03471,False
Línea 2,2025-10-24,13,2025-10-24 13:00:00,0.04547,False
Línea 2,2025-10-24,14,2025-10-24 14:00:00,0.04525,False
Línea 2,2025-10-24,15,2025-10-24 15:00:00,0.03737,False
Línea 2,2025-10-24,16,2025-10-24 16:00:00,0.03274,False
Línea 2,2025-10-24,17,2025-10-24 17:00:00,0.03115,False
Línea 2,2025-10-24,18,2025-10-24 18:00:00,0.02858,False
Línea 2,2025-10-24,19,2025-10-24 19:00:00,0.03324,False
Línea 2,2025-10-24,20,2025-10-24 20:00:00,0.01928,False
Línea 2,2025-10-24,21,2025-10-24 21:00:00,0.02189,False
Línea 2,2025-10-24,22,2025-10-24 22:00:00,0.01989,False
Línea 2,2025-10-24,23,2025-10-24 23:00:00,0.01043,False
Línea 2,2025-10-25,0,2025-10-25 00:00:00,0.01549,False
Línea 2,2025-10-25,1,2025-10-25 01:00:00,0.01699,False
Línea 2,2025-10-25,2,2025-10-25 02:00:00,0.0076,False
Línea 2,2025-10-25,3,2025-10-25 03:00:00,0.01886,False
Línea 2,2025-10-25,4,2025-10-25 04:00:00,0.00484,False
Línea 2,2025-10-25,5,2025-10-25 05:00:00,0.01641,False
Línea 2,2025-10-25,6,2025-10-25 06:00:00,0.01758,False
Línea 2,2025-10-25,7,2025-10-25 07:00:00,0.02093,False
Línea 2,2025-10-25,8,2025-10-25 08:00:00,0.02283,False
Línea 2,2025-10-25,9,2025-10-25 09:00:00,0.02353,False
Línea 2,2025-10-25,10,2025-10-25 10:00:00,0.02294,False
Línea 2,2025-10-25,11,2025-10-25 11:00:00,0.02541,False
Línea 2,2025-10-25,12,2025-10-25 12:00:00,0.03452,False
Línea 2,2025-10-25,13,2025-10-25 13:00:00,0.02259,False
Línea 2,2025-10-25,14,2025-10-25 14:00:00,0.0388,False
Línea 2,2025-10-25,15,2025-10-25 15:00:00,0.02018,False
Línea 2,2025-10-25,16,2025-10-25 16:00:00,0.02378,False
Línea 2,2025-10-25,17,2025-10-25 17:00:00,0.02384,False
Línea 2,2025-10-25,18,2025-10-25 18:00:00,0.01659,False
Línea 2,2025-10-25,19,2025-10-25 19:00:00,0.02456,False
Línea 2,2025-10-25,20,2025-10-25 20:00:00,0.01761,False
Línea 2,2025-10-25,21,2025-10-25 21:00:00,0.01145,False
Línea 2,2025-10-25,22,2025-10-25 22:00:00,0.01964,False
Línea 2,2025-10-25,23,2025-10-25 23:00:00,0.00452,False
Línea 2,2025-10-26,0,2025-10-26 00:00:00,-0.00575,False
Línea 2,2025-10-26,1,2025-10-26 01:00:00,0.0013,False
Línea 2,2025-10-26,2,2025-10-26 02:00:00,0.00353,False
Línea 2,2025-10-26,3,2025-10-26 03:00:00,0.00193,False
Línea 2,2025-10-26,4,2025-10-26 04:00:00,0.00088,False
Línea 2,2025-10-26,5,2025-10-26 05:00:00,0.00207,False
Línea 2,2025-10-26,6,2025-10-26 06:00:00,0.01244,False
Línea 2,2025-10-26,7,2025-10-26 07:00:00,0.00916,False
Línea 2,2025-10-26,8,2025-10-26 08:00:00,0.00441,False
Línea 2,2025-10-26,9,2025-10-26 09:00:00,0.00573,False
Línea 2,2025-10-26,10,2025-10-26 10:00:00,0.02166,False
Línea 2,2025-10-26,11,2025-10-26 11:00:00,0.00906,False
Línea 2,2025-10-26,12,2025-10-26 12:00:00,0.01528,False
Línea 2,2025-10-26,13,2025-10-26 13:00:00,0.02148,False
Línea 2,2025-10-26,14,2025-10-26 14:00:00,0.01583,False
Línea 2,2025-10-26,15,2025-10-26 15:00:00,0.00676,False
Línea 2,2025-10-26,16,2025-10-26 16:00:00,0.00355,False
Línea 2,2025-10-26,17,2025-10-26 17:00:00,0.01894,False
Línea 2,2025-10-26,18,2025-10-26 18:00:00,-0.0006,False
Línea 2,2025-10-26,19,2025-10-26 19:00:00,0.00026,False
Línea 2,2025-10-26,20,2025-10-26 20:00:00,0.00388,False
Línea 2,2025-10-26,21,2025-10-26 21:00:00,-0.00132,False
Línea 2,2025-10-26,22,2025-10-26 22:00:00,0.00216,False
Línea 2,2025-10-26,23,2025-10-26 23:00:00,-0.01089,False
Línea 2,2025-10-27,0,2025-10-27 00:00:00,-0.00926,False
Línea 2,2025-10-27,1,2025-10-27 01:00:00,-0.00366,False
Línea 2,2025-10-27,2,2025-10-27 02:00:00,-0.00284,False
Línea 2,2025-10-27,3,2025-10-27 03:00:00,-0.00909,False
Línea 2,2025-10-27,4,2025-10-27 04:00:00,-0.01013,False
Línea 2,2025-10-27,5,2025-10-27 05:00:00,-0.00079,False
Línea 2,2025-10-27,6,2025-10-27 06:00:00,-0.00787,False
Línea 2,2025-10-27,7,2025-10-27 07:00:00,0.00978,False
Línea 2,2025-10-27,8,2025-10-27 08:00:00,0.00494,False
Línea 2,2025-10-27,9,2025-10-27 09:00:00,0.00148,False
Línea 2,2025-10-27,10,2025-10-27 10:00:00,0.0006,False
Línea 2,2025-10-27,11,2025-10-27 11:00:00,0.00393,False
Línea 2,2025-10-27,12,2025-10-27 12:00:00,-0.00137,False
Línea 2,2025-10-27,13,2025-10-27 13:00:00,0.0107,False
Línea 2,2025-10-27,14,2025-10-27 14:00:00,0.00211,False
Línea 2,2025-10-27,15,2025-10-27 15:00:00,0.00805,False
Línea 2,2025-10-27,16,2025-10-27 16:00:00,0.00723,False
Línea 2,2025-10-27,17,2025-10-27 17:00:00,0.00787,False
Línea 2,2025-10-27,18,2025-10-27 18:00:00,0.00151,False
Línea 2,2025-10-27,19,2025-10-27 19:00:00,0.00468,False
Línea 2,2025-10-27,20,2025-10-27 20:00:00,0.00432,False
Línea 2,2025-10-27,21,2025-10-27 21:00:00,-0.00411,False
Línea 2,2025-10-27,22,2025-10-27 22:00:00,-0.00502,False
Línea 2,2025-10-27,23,2025-10-27 23:00:00,-0.01107,False
Línea 2,2025-10-28,0,2025-10-28 00:00:00,-0.00828,False
Línea 2,2025-10-28,1,2025-10-28 01:00:00,0.00561,False
Línea 2,2025-10-28,2,2025-10-28 02:00:00,0.00235,False
Línea 2,2025-10-28,3,2025-10-28 03:00:00,0.00411,False
Línea 2,2025-10-28,4,2025-10-28 04:00:00,-0.0019,False
Línea 2,2025-10-28,5,2025-10-28 05:00:00,0.01332,False
Línea 2,2025-10-28,6,2025-10-28 06:00:00,0.00428,False
Línea 2,2025-10-28,7,2025-10-28 07:00:00,0.00291,False
Línea 2,2025-10-28,8,2025-10-28 08:00:00,0.00621,False
Línea 2,2025-10-28,9,2025-10-28 09:00:00,0.02073,False
Línea 2,2025-10-28,10,2025-10-28 10:00:00,0.00591,False
Línea 2,2025-10-28,11,2025-10-28 11:00:00,0.00887,False
Línea 2,2025-10-28,12,2025-10-28 12:00:00,0.03104,False
Línea 2,2025-10-28,13,2025-10-28 13:00:00,0.01902,False
Línea 2,2025-10-28,14,2025-10-28 14:00:00,0.00818,False
Línea 2,2025-10-28,15,2025-10-28 15:00:00,0.00482,False
Línea 2,2025-10-28,16,2025-10-28 16:00:00,-0.00039,False
Línea 2,2025-10-28,17,2025-10-28 17:00:00,0.0083,False
Línea 2,2025-10-28,18,2025-10-28 18:00:00,0.01002,False
Línea 2,2025-10-28,19,2025-10-28 19:00:00,0.01269,False
Línea 2,2025-10-28,20,2025-10-28 20:00:00,-0.00972,False
Línea 2,2025-10-28,21,2025-10-28 21:00:00,-0.00796,False
Línea 2,2025-10-28,22,2025-10-28 22:00:00,-0.002,False
Línea 2,2025-10-28,23,2025-10-28 23:00:00,0.01465,False
Línea 2,2025-10-29,0,2025-10-29 00:00:00,0.01565,False
Línea 2,2025-10-29,1,2025-10-29 01:00:00,0.01285,False
Línea 2,2025-10-29,2,2025-10-29 02:00:00,0.00406,False
Línea 2,2025-10-29,3,2025-10-29 03:00:00,-4e-05,False
Línea 2,2025-10-29,4,2025-10-29 04:00:00,0.01457,False
Línea 2,2025-10-29,5,2025-10-29 05:00:00,0.01567,False
Línea 2,2025-10-29,6,2025-10-29 06:00:00,0.01673,False
Línea 2,2025-10-29,7,2025-10-29 07:00:00,0.01813,False
Línea 2,2025-10-29,8,2025-10-29 08:00:00,0.01785,False
Línea 2,2025-10-29,9,2025-10-29 09:00:00,0.01813,False
Línea 2,2025-10-29,10,2025-10-29 10:00:00,0.0336,False
Línea 2,2025-10-29,11,2025-10-29 11:00:00,0.02075,False
Línea 2,2025-10-29,12,2025-10-29 12:00:00,0.02468,False
Línea 2,2025-10-29,13,2025-10-29 13:00:00,0.02583,False
Línea 2,2025-10-29,14,2025-10-29 14:00:00,0.0295,False
Línea 2,2025-10-29,15,2025-10-29 15:00:00,0.01888,False
Línea 2,2025-10-29,16,2025-10-29 16:00:00,0.02821,False
Línea 2,2025-10-29,17,2025-10-29 17:00:00,0.01693,False
Línea 2,2025-10-29,18,2025-10-29 18:00:00,0.01737,False
Línea 2,2025-10-29,19,2025-10-29 19:00:00,0.02613,False
Línea 2,2025-10-29,20,2025-10-29 20:00:00,0.00852,False
Línea 2,2025-10-29,21,2025-10-29 21:00:00,0.01701,False
Línea 2,2025-10-29,22,2025-10-29 22:00:00,0.01744,False
Línea 2,2025-10-29,23,2025-10-29 23:00:00,0.01247,False
Línea 2,2025-10-30,0,2025-10-30 00:00:00,0.01981,False
Línea 2,2025-10-30,1,2025-10-30 01:00:00,0.03354,False
Línea 2,2025-10-30,2,2025-10-30 02:00:00,0.0215,False
Línea 2,2025-10-30,3,2025-10-30 03:00:00,0.02408,False
Línea 2,2025-10-30,4,2025-10-30 04:00:00,0.0225,False
Línea 2,2025-10-30,5,2025-10-30 05:00:00,0.02735,False
Línea 2,2025-10-30,6,2025-10-30 06:00:00,0.0343,False
Línea 2,2025-10-30,7,2025-10-30 07:00:00,0.02893,False
Línea 2,2025-10-30,8,2025-10-30 08:00:00,0.01986,False
Línea 2,2025-10-30,9,2025-10-30 09:00:00,0.03725,False
Línea 2,2025-10-30,10,2025-10-30 10:00:00,0.02897,False
Línea 2,2025-10-30,11,2025-10-30 11:00:00,0.04069,False
Línea 2,2025-10-30,12,2025-10-30 12:00:00,0.03651,False
Línea 2,2025-10-30,13,2025-10-30 13:00:00,0.0419,False
Línea 2,2025-10-30,14,2025-10-30 14:00:00,0.02975,False
Línea 2,2025-10-30,15,2025-10-30 15:00:00,0.03096,False
Línea 2,2025-10-30,16,2025-10-30 16:00:00,0.03047,False
Línea 2,2025-10-30,17,2025-10-30 17:00:00,0.02169,False
Línea 2,2025-10-30,18,2025-10-30 18:00:00,0.03518,False
Línea 2,2025-10-30,19,2025-10-30 19:00:00,0.01669,False
Línea 2,2025-10-30,20,2025-10-30 20:00:00,0.0311,False
Línea 2,2025-10-30,21,2025-10-30 21:00:00,0.0254,False
Línea 2,2025-10-30,22,2025-10-30 22:00:00,0.02039,False
Línea 2,2025-10-30,23,2025-10-30 23:00:00,0.02286,False
Línea 2,2025-10-31,0,2025-10-31 00:00:00,0.02242,False
Línea 2,2025-10-31,1,2025-10-31 01:00:00,0.01838,False
Línea 2,2025-10-31,2,2025-10-31 02:00:00,0.02338,False
Línea 2,2025-10-31,3,2025-10-31 03:00:00,0.02724,False
Línea 2,2025-10-31,4,2025-10-31 04:00:00,0.01885,False
Línea 2,2025-10-31,5,2025-10-31 05:00:00,0.02852,False
Línea 2,2025-10-31,6,2025-10-31 06:00:00,0.01276,False
Línea 2,2025-10-31,7,2025-10-31 07:00:00,0.01901,False
Línea 2,2025-10-31,8,2025-10-31 08:00:00,0.0359,False
Línea 2,2025-10-31,9,2025-10-31 09:00:00,0.03166,False
Línea 2,2025-10-31,10,2025-10-31 10:00:00,0.03032,False
Línea 2,2025-10-31,11,2025-10-31 11:00:00,0.03592,False
Línea 2,2025-10-31,12,2025-10-31 12:00:00,0.03414,False
Línea 2,2025-10-31,13,2025-10-31 13:00:00,0.03031,False
Línea 2,2025-10-31,14,2025-10-31 14:00:00,0.02561,False
Línea 2,2025-10-31,15,2025-10-31 15:00:00,0.02236,False
Línea 2,2025-10-31,16,2025-10-31 16:00:00,0.03695,False
Línea 2,2025-10-31,17,2025-10-31 17:00:00,0.02805,False
Línea 2,2025-10-31,18,2025-10-31 18:00:00,0.03433,False
Línea 2,2025-10-31,19,2025-10-31 19:00:00,0.02385,False
Línea 2,2025-10-31,20,2025-10-31 20:00:00,0.02664,False
Línea 2,2025-10-31,21,2025-10-31 21:00:00,0.02211,False
Línea 2,2025-10-31,22,2025-10-31 22:00:00,0.02185,False
Línea 2,2025-10-31,23,2025-10-31 23:00:00,0.02135,False
Línea 2,2025-11-01,0,2025-11-01 00:00:00,0.00766,False
Línea 2,2025-11-01,1,2025-11-01 01:00:00,0.00323,False
Línea 2,2025-11-01,2,2025-11-01 02:00:00,0.01601,False
Línea 2,2025-11-01,3,2025-11-01 03:00:00,0.02224,False
Línea 2,2025-11-01,4,2025-11-01 04:00:00,0.02429,False
Línea 2,2025-11-01,5,2025-11-01 05:00:00,0.01295,False
Línea 2,2025-11-01,6,2025-11-01 06:00:00,0.01394,False
Línea 2,2025-11-01,7,2025-11-01 07:00:00,0.01708,False
Línea 2,2025-11-01,8,2025-11-01 08:00:00,0.02128,False
Línea 2,2025-11-01,9,2025-11-01 09:00:00,0.02368,False
Línea 2,2025-11-01,10,2025-11-01 10:00:00,0.02605,True
Línea 2,2025-11-01,11,2025-11-01 11:00:00,0.04751,True
Línea 2,2025-11-01,12,2025-11-01 12:00:00,0.07664,True
Línea 2,2025-11-01,13,2025-11-01 13:00:00,0.03521,True
Línea 2,2025-11-01,14,2025-11-01 14:00:00,0.03143,True
Línea 2,2025-11-01,15,2025-11-01 15:00:00,0.01833,False
Línea 2,2025-11-01,16,2025-11-01 16:00:00,0.02702,False
Línea 2,2025-11-01,17,2025-11-01 17:00:00,0.02669,False
Línea 2,2025-11-01,18,2025-11-01 18:00:00,0.02477,False
Línea 2,2025-11-01,19,2025-11-01 19:00:00,0.01419,False
Línea 2,2025-11-01,20,2025-11-01 20:00:00,0.00753,False
Línea 2,2025-11-01,21,2025-11-01 21:00:00,0.00779,False
Línea 2,2025-11-01,22,2025-11-01 22:00:00,0.01314,False
Línea 2,2025-11-01,23,2025-11-01 23:00:00,0.00074,False
Línea 2,2025-11-02,0,2025-11-02 00:00:00,0.00601,False
Línea 2,2025-11-02,1,2025-11-02 01:00:00,-0.00406,False
Línea 2,2025-11-02,2,2025-11-02 02:00:00,0.00172,False
Línea 2,2025-11-02,3,2025-11-02 03:00:00,-0.0107,False
Línea 2,2025-11-02,4,2025-11-02 04:00:00,-0.00391,False
Línea 2,2025-11-02,5,2025-11-02 05:00:00,-0.00786,False
Línea 2,2025-11-02,6,2025-11-02 06:00:00,0.01177,False
Línea 2,2025-11-02,7,2025-11-02 07:00:00,0.00676,False
Línea 2,2025-11-02,8,2025-11-02 08:00:00,0.01308,False
Línea 2,2025-11-02,9,2025-11-02 09:00:00,0.01168,False
Línea 2,2025-11-02,10,2025-11-02 10:00:00,0.01539,False
Línea 2,2025-11-02,11,2025-11-02 11:00:00,0.01135,False
Línea 2,2025-11-02,12,2025-11-02 12:00:00,0.01243,False
Línea 2,2025-11-02,13,2025-11-02 13:00:00,0.01282,False
Línea 2,2025-11-02,14,2025-11-02 14:00:00,0.01501,False
Línea 2,2025-11-02,15,2025-11-02 15:00:00,0.0139,False
Línea 2,2025-11-02,16,2025-11-02 16:00:00,0.02652,False
Línea 2,2025-11-02,17,2025-11-02 17:00:00,0.01781,False
Línea 2,2025-11-02,18,2025-11-02 18:00:00,-0.00502,False
Línea 2,2025-11-02,19,2025-11-02 19:00:00,0.00272,False
Línea 2,2025-11-02,20,2025-11-02 20:00:00,-0.00079,False
Línea 2,2025-11-02,21,2025-11-02 21:00:00,0.00767,False
Línea 2,2025-11-02,22,2025-11-02 22:00:00,-0.00318,False
Línea 2,2025-11-02,23,2025-11-02 23:00:00,0.00071,False
Línea 2,2025-11-03,0,2025-11-03 00:00:00,-0.02202,False
Línea 2,2025-11-03,1,2025-11-03 01:00:00,-0.01681,False
Línea 2,2025-11-03,2,2025-11-03 02:00:00,0.00563,False
Línea 2,2025-11-03,3,2025-11-03 03:00:00,-0.00536,False
Línea 2,2025-11-03,4,2025-11-03 04:00:00,-0.00999,False
Línea 2,2025-11-03,5,2025-11-03 05:00:00,-0.00061,False
Línea 2,2025-11-03,6,2025-11-03 06:00:00,-0.00632,False
Línea 2,2025-11-03,7,2025-11-03 07:00:00,0.00037,False
Línea 2,2025-11-03,8,2025-11-03 08:00:00,-0.00472,False
Línea 2,2025-11-03,9,2025-11-03 09:00:00,0.00092,False
Línea 2,2025-11-03,10,2025-11-03 10:00:00,0.00443,False
Línea 2,2025-11-03,11,2025-11-03 11:00:00,0.01445,False
Línea 2,2025-11-03,12,2025-11-03 12:00:00,0.01078,False
Línea 2,2025-11-03,13,2025-11-03 13:00:00,0.01156,False
Línea 2,2025-11-03,14,2025-11-03 14:00:00,0.00677,False
Línea 2,2025-11-03,15,2025-11-03 15:00:00,0.01059,False
Línea 2,2025-11-03,16,2025-11-03 16:00:00,-0.00124,False
Línea 2,2025-11-03,17,2025-11-03 17:00:00,-0.00233,False
Línea 2,2025-11-03,18,2025-11-03 18:00:00,0.00245,False
Línea 2,2025-11-03,19,2025-11-03 19:00:00,-0.00375,False
Línea 2,2025-11-03,20,2025-11-03 20:00:00,-0.00408,False
Línea 2,2025-11-03,21,2025-11-03 21:00:00,-0.00664,False
Línea 2,2025-11-03,22,2025-11-03 22:00:00,0.00059,False
Línea 2,2025-11-03,23,2025-11-03 23:00:00,0.00011,False
Línea 2,2025-11-04,0,2025-11-04 00:00:00,-0.00611,False
Línea 2,2025-11-04,1,2025-11-04 01:00:00,-0.01264,False
Línea 2,2025-11-04,2,2025-11-04 02:00:00,-0.00555,False
Línea 2,2025-11-04,3,2025-11-04 03:00:00,-0.00539,False
Línea 2,2025-11-04,4,2025-11-04 04:00:00,0.00664,False
Línea 2,2025-11-04,5,2025-11-04 05:00:00,0.0091,False
Línea 2,2025-11-04,6,2025-11-04 06:00:00,-0.00054,False
Línea 2,2025-11-04,7,2025-11-04 07:00:00,0.00319,False
Línea 2,2025-11-04,8,2025-11-04 08:00:00,0.00077,False
Línea 2,2025-11-04,9,2025-11-04 09:00:00,0.01211,False
Línea 2,2025-11-04,10,2025-11-04 10:00:00,0.01231,False
Línea 2,2025-11-04,11,2025-11-04 11:00:00,0.01811,False
Línea 2,2025-11-04,12,2025-11-04 12:00:00,0.01663,False
Línea 2,2025-11-04,13,2025-11-04 13:00:00,0.01704,False
Línea 2,2025-11-04,14,2025-11-04 14:00:00,0.00332,False
Línea 2,2025-11-04,15,2025-11-04 15:00:00,0.00755,False
Línea 2,2025-11-04,16,2025-11-04 16:00:00,0.01534,False
Línea 2,2025-11-04,17,2025-11-04 17:00:00,0.00449,False
Línea 2,2025-11-04,18,2025-11-04 18:00:00,-0.00412,False
Línea 2,2025-11-04,19,2025-11-04 19:00:00,0.00843,False
Línea 2,2025-11-04,20,2025-11-04 20:00:00,-0.00182,False
Línea 2,2025-11-04,21,2025-11-04 21:00:00,0.00637,False
Línea 2,2025-11-04,22,2025-11-04 22:00:00,-0.00139,False
Línea 2,2025-11-04,23,2025-11-04 23:00:00,-0.00374,False
Línea 2,2025-11-05,0,2025-11-05 00:00:00,0.01852,False
Línea 2,2025-11-05,1,2025-11-05 01:00:00,0.00279,False
Línea 2,2025-11-05,2,2025-11-05 02:00:00,0.02001,False
Línea 2,2025-11-05,3,2025-11-05 03:00:00,0.00884,False
Línea 2,2025-11-05,4,2025-11-05 04:00:00,0.01531,False
Línea 2,2025-11-05,5,2025-11-05 05:00:00,0.0173,False
Línea 2,2025-11-05,6,2025-11-05 06:00:00,0.01578,False
Línea 2,2025-11-05,7,2025-11-05 07:00:00,0.01584,False
Línea 2,2025-11-05,8,2025-11-05 08:00:00,0.02012,False
Línea 2,2025-11-05,9,2025-11-05 09:00:00,0.01791,False
Línea 2,2025-11-05,10,2025-11-05 10:00:00,0.03704,False
Línea 2,2025-11-05,11,2025-11-05 11:00:00,0.02318,False
Línea 2,2025-11-05,12,2025-11-05 12:00:00,0.03329,False
Línea 2,2025-11-05,13,2025-11-05 13:00:00,0.03223,False
Línea 2,2025-11-05,14,2025-11-05 14:00:00,0.02744,False
Línea 2,2025-11-05,15,2025-11-05 15:00:00,0.02318,False
Línea 2,2025-11-05,16,2025-11-05 16:00:00,0.0235,False
Línea 2,2025-11-05,17,2025-11-05 17:00:00,0.02384,False
Línea 2,2025-11-05,18,2025-11-05 18:00:00,0.01894,False
Línea 2,2025-11-05,19,2025-11-05 19:00:00,0.00687,False
Línea 2,2025-11-05,20,2025-11-05 20:00:00,0.00343,False
Línea 2,2025-11-05,21,2025-11-05 21:00:00,0.02173,False
Línea 2,2025-11-05,22,2025-11-05 22:00:00,-0.0044,False
Línea 2,2025-11-05,23,2025-11-05 23:00:00,0.01178,False
Línea 2,2025-11-06,0,2025-11-06 00:00:00,0.0191,False
Línea 2,2025-11-06,1,2025-11-06 01:00:00,0.02175,False
Línea 2,2025-11-06,2,2025-11-06 02:00:00,0.01475,False
Línea 2,2025-11-06,3,2025-11-06 03:00:00,0.02496,False
Línea 2,2025-11-06,4,2025-11-06 04:00:00,0.02575,False
Línea 2,2025-11-06,5,2025-11-06 05:00:00,0.04301,False
Línea 2,2025-11-06,6,2025-11-06 06:00:00,0.02929,False
Línea 2,2025-11-06,7,2025-11-06 07:00:00,0.03867,False
Línea 2,2025-11-06,8,2025-11-06 08:00:00,0.02352,False
Línea 2,2025-11-06,9,2025-11-06 09:00:00,0.04029,False
Línea 2,2025-11-06,10,2025-11-06 10:00:00,0.0368,False
Línea 2,2025-11-06,11,2025-11-06 11:00:00,0.03786,False
Línea 2,2025-11-06,12,2025-11-06 12:00:00,0.03822,False
Línea 2,2025-11-06,13,2025-11-06 13:00:00,0.04648,False
Línea 2,2025-11-06,14,2025-11-06 14:00:00,0.03697,False
Línea 2,2025-11-06,15,2025-11-06 15:00:00,0.02947,False
Línea 2,2025-11-06,16,2025-11-06 16:00:00,0.02882,False
Línea 2,2025-11-06,17,2025-11-06 17:00:00,0.03549,False
Línea 2,2025-11-06,18,2025-11-06 18:00:00,0.0312,False
Línea 2,2025-11-06,19,2025-11-06 19:00:00,0.01726,False
Línea 2,2025-11-06,20,2025-11-06 20:00:00,0.0276,False
Línea 2,2025-11-06,21,2025-11-06 21:00:00,0.01636,False
Línea 2,2025-11-06,22,2025-11-06 22:00:00,0.02422,False
Línea 2,2025-11-06,23,2025-11-06 23:00:00,0.01595,False
Línea 2,2025-11-07,0,2025-11-07 00:00:00,0.01883,False
Línea 2,2025-11-07,1,2025-11-07 01:00:00,0.01752,False
Línea 2,2025-11-07,2,2025-11-07 02:00:00,0.0307,False
Línea 2,2025-11-07,3,2025-11-07 03:00:00,0.02527,False
Línea 2,2025-11-07,4,2025-11-07 04:00:00,0.03208,False
Línea 2,2025-11-07,5,2025-11-07 05:00:00,0.04382,False
Línea 2,2025-11-07,6,2025-11-07 06:00:00,0.0288,False
Línea 2,2025-11-07,7,2025-11-07 07:00:00,0.0396,False
Línea 2,2025-11-07,8,2025-11-07 08:00:00,0.02832,False
Línea 2,2025-11-07,9,2025-11-07 09:00:00,0.0417,False
Línea 2,2025-11-07,10,2025-11-07 10:00:00,0.0306,False
Línea 2,2025-11-07,11,2025-11-07 11:00:00,0.03613,False
Línea 2,2025-11-07,12,2025-11-07 12:00:00,0.03974,False
Línea 2,2025-11-07,13,2025-11-07 13:00:00,0.04041,False
Línea 2,2025-11-07,14,2025-11-07 14:00:00,0.02781,False
Línea 2,2025-11-07,15,2025-11-07 15:00:00,0.02897,False
Línea 2,2025-11-07,16,2025-11-07 16:00:00,0.03618,False
Línea 2,2025-11-07,17,2025-11-07 17:00:00,0.02838,False
Línea 2,2025-11-07,18,2025-11-07 18:00:00,0.02013,False
Línea 2,2025-11-07,19,2025-11-07 19:00:00,0.02602,False
Línea 2,2025-11-07,20,2025-11-07 20:00:00,0.0238,False
Línea 2,2025-11-07,21,2025-11-07 21:00:00,0.02392,False
Línea 2,2025-11-07,22,2025-11-07 22:00:00,0.02476,False
Línea 2,2025-11-07,23,2025-11-07 23:00:00,0.02358,False
Línea 2,2025-11-08,0,2025-11-08 00:00:00,0.00573,False
Línea 2,2025-11-08,1,2025-11-08 01:00:00,0.00815,False
Línea 2,2025-11-08,2,2025-11-08 02:00:00,0.01698,False
Línea 2,2025-11-08,3,2025-11-08 03:00:00,0.00942,False
Línea 2,2025-11-08,4,2025-11-08 04:00:00,0.01197,False
Línea 2,2025-11-08,5,2025-11-08 05:00:00,0.00724,False
Línea 2,2025-11-08,6,2025-11-08 06:00:00,0.01817,False
Línea 2,2025-11-08,7,2025-11-08 07:00:00,0.02248,False
Línea 2,2025-11-08,8,2025-11-08 08:00:00,0.01048,False
Línea 2,2025-11-08,9,2025-11-08 09:00:00,0.01757,False
Línea 2,2025-11-08,10,2025-11-08 10:00:00,0.01674,False
Línea 2,2025-11-08,11,2025-11-08 11:00:00,0.0308,False
Línea 2,2025-11-08,12,2025-11-08 12:00:00,0.01486,False
Línea 2,2025-11-08,13,2025-11-08 13:00:00,0.02559,False
Línea 2,2025-11-08,14,2025-11-08 14:00:00,0.02957,False
Línea 2,2025-11-08,15,2025-11-08 15:00:00,0.02512,False
Línea 2,2025-11-08,16,2025-11-08 16:00:00,0.0197,False
Línea 2,2025-11-08,17,2025-11-08 17:00:00,0.02249,False
Línea 2,2025-11-08,18,2025-11-08 18:00:00,0.02456,False
Línea 2,2025-11-08,19,2025-11-08 19:00:00,0.01562,False
Línea 2,2025-11-08,20,2025-11-08 20:00:00,0.0009,False
Línea 2,2025-11-08,21,2025-11-08 21:00:00,0.01957,False
Línea 2,2025-11-08,22,2025-11-08 22:00:00,0.01381,False
Línea 2,2025-11-08,23,2025-11-08 23:00:00,0.01041,False
Línea 2,2025-11-09,0,2025-11-09 00:00:00,-0.01423,False
Línea 2,2025-11-09,1,2025-11-09 01:00:00,-0.00387,False
Línea 2,2025-11-09,2,2025-11-09 02:00:00,-0.00653,False
Línea 2,2025-11-09,3,2025-11-09 03:00:00,-0.00731,False
Línea 2,2025-11-09,4,2025-11-09 04:00:00,0.00083,False
Línea 2,2025-11-09,5,2025-11-09 05:00:00,0.00036,False
Línea 2,2025-11-09,6,2025-11-09 06:00:00,0.00283,False
Línea 2,2025-11-09,7,2025-11-09 07:00:00,0.01216,False
Línea 2,2025-11-09,8,2025-11-09 08:00:00,0.01118,False
Línea 2,2025-11-09,9,2025-11-09 09:00:00,0.00833,False
Línea 2,2025-11-09,10,2025-11-09 10:00:00,0.00884,False
Línea 2,2025-11-09,11,2025-11-09 11:00:00,0.01065,False
Línea 2,2025-11-09,12,2025-11-09 12:00:00,0.01216,False
Línea 2,2025-11-09,13,2025-11-09 13:00:00,0.01688,False
Línea 2,2025-11-09,14,2025-11-09 14:00:00,0.00632,False
Línea 2,2025-11-09,15,2025-11-09 15:00:00,0.02006,False
Línea 2,2025-11-09,16,2025-11-09 16:00:00,0.01316,False
Línea 2,2025-11-09,17,2025-11-09 17:00:00,-0.00871,False
Línea 2,2025-11-09,18,2025-11-09 18:00:00,0.00616,False
Línea 2,2025-11-09,19,2025-11-09 19:00:00,0.00982,False
Línea 2,2025-11-09,20,2025-11-09 20:00:00,0.00398,False
Línea 2,2025-11-09,21,2025-11-09 21:00:00,-0.00248,False
Línea 2,2025-11-09,22,2025-11-09 22:00:00,-0.00165,False
Línea 2,2025-11-09,23,2025-11-09 23:00:00,-0.00101,False
Línea 2,2025-11-10,0,2025-11-10 00:00:00,-0.00338,False
Línea 2,2025-11-10,1,2025-11-10 01:00:00,-0.01622,False
Línea 2,2025-11-10,2,2025-11-10 02:00:00,-0.01056,False
Línea 2,2025-11-10,3,2025-11-10 03:00:00,0.00417,False
Línea 2,2025-11-10,4,2025-11-10 04:00:00,-0.0038,False
Línea 2,2025-11-10,5,2025-11-10 05:00:00,0.0071,False
Línea 2,2025-11-10,6,2025-11-10 06:00:00,0.01791,False
Línea 2,2025-11-10,7,2025-11-10 07:00:00,-0.00088,False
Línea 2,2025-11-10,8,2025-11-10 08:00:00,-0.00318,False
Línea 2,2025-11-10,9,2025-11-10 09:00:00,0.00406,False
Línea 2,2025-11-10,10,2025-11-10 10:00:00,0.01352,False
Línea 2,2025-11-10,11,2025-11-10 11:00:00,0.01516,False
Línea 2,2025-11-10,12,2025-11-10 12:00:00,0.02163,False
Línea 2,2025-11-10,13,2025-11-10 13:00:00,0.00751,False
Línea 2,2025-11-10,14,2025-11-10 14:00:00,0.00986,False
Línea 2,2025-11-10,15,2025-11-10 15:00:00,0.00139,False
Línea 2,2025-11-10,16,2025-11-10 16:00:00,-0.01104,False
Línea 2,2025-11-10,17,2025-11-10 17:00:00,0.00183,False
Línea 2,2025-11-10,18,2025-11-10 18:00:00,-0.00692,False
Línea 2,2025-11-10,19,2025-11-10 19:00:00,0.00179,False
Línea 2,2025-11-10,20,2025-11-10 20:00:00,-0.01529,False
Línea 2,2025-11-10,21,2025-11-10 21:00:00,-0.01009,False
Línea 2,2025-11-10,22,2025-11-10 22:00:00,-0.00532,False
Línea 2,2025-11-10,23,2025-11-10 23:00:00,-0.00549,False
Línea 2,2025-11-11,0,2025-11-11 00:00:00,-0.00264,False
Línea 2,2025-11-11,1,2025-11-11 01:00:00,0.00912,False
Línea 2,2025-11-11,2,2025-11-11 02:00:00,0.00814,False
Línea 2,2025-11-11,3,2025-11-11 03:00:00,-0.00412,False
Línea 2,2025-11-11,4,2025-11-11 04:00:00,0.0113,False
Línea 2,2025-11-11,5,2025-11-11 05:00:00,0.01415,False
Línea 2,2025-11-11,6,2025-11-11 06:00:00,0.0049,False
Línea 2,2025-11-11,7,2025-11-11 07:00:00,0.00799,False
Línea 2,2025-11-11,8,2025-11-11 08:00:00,0.00934,False
Línea 2,2025-11-11,9,2025-11-11 09:00:00,0.00743,False
Línea 2,2025-11-11,10,2025-11-11 10:00:00,0.0093,False
Línea 2,2025-11-11,11,2025-11-11 11:00:00,0.02129,False
Línea 2,2025-11-11,12,2025-11-11 12:00:00,0.01627,False
Línea 2,2025-11-11,13,2025-11-11 13:00:00,0.01005,False
Línea 2,2025-11-11,14,2025-11-11 14:00:00,0.00702,False
Línea 2,2025-11-11,15,2025-11-11 15:00:00,0.00676,False
Línea 2,2025-11-11,16,2025-11-11 16:00:00,0.00866,False
Línea 2,2025-11-11,17,2025-11-11 17:00:00,0.0132,False
Línea 2,2025-11-11,18,2025-11-11 18:00:00,0.00049,False
Línea 2,2025-11-11,19,2025-11-11 19:00:00,0.00899,False
Línea 2,2025-11-11,20,2025-11-11 20:00:00,0.00283,False
Línea 2,2025-11-11,21,2025-11-11 21:00:00,0.00085,False
Línea 2,2025-11-11,22,2025-11-11 22:00:00,0.00487,False
Línea 2,2025-11-11,23,2025-11-11 23:00:00,0.00298,False
Línea 2,2025-11-12,0,2025-11-12 00:00:00,0.00191,False
Línea 2,2025-11-12,1,2025-11-12 01:00:00,0.00411,False
Línea 2,2025-11-12,2,2025-11-12 02:00:00,0.01003,False
Línea 2,2025-11-12,3,2025-11-12 03:00:00,0.01482,False
Línea 2,2025-11-12,4,2025-11-12 04:00:00,0.02253,False
Línea 2,2025-11-12,5,2025-11-12 05:00:00,0.01666,False
Línea 2,2025-11-12,6,2025-11-12 06:00:00,0.02856,False
Línea 2,2025-11-12,7,2025-11-12 07:00:00,0.01617,False
Línea 2,2025-11-12,8,2025-11-12 08:00:00,0.01911,False
Línea 2,2025-11-12,9,2025-11-12 09:00:00,0.02216,False
Línea 2,2025-11-12,10,2025-11-12 10:00:00,0.02036,False
Línea 2,2025-11-12,11,2025-11-12 11:00:00,0.03302,False
Línea 2,2025-11-12,12,2025-11-12 12:00:00,0.00972,False
Línea 2,2025-11-12,13,2025-11-12 13:00:00,0.02304,False
Línea 2,2025-11-12,14,2025-11-12 14:00:00,0.03216,False
Línea 2,2025-11-12,15,2025-11-12 15:00:00,0.02212,False
Línea 2,2025-11-12,16,2025-11-12 16:00:00,0.02878,False
Línea 2,2025-11-12,17,2025-11-12 17:00:00,0.03359,False
Línea 2,2025-11-12,18,2025-11-12 18:00:00,0.01882,False
Línea 2,2025-11-12,19,2025-11-12 19:00:00,0.02328,False
Línea 2,2025-11-12,20,2025-11-12 20:00:00,0.02885,False
Línea 2,2025-11-12,21,2025-11-12 21:00:00,0.01509,False
Línea 2,2025-11-12,22,2025-11-12 22:00:00,0.01112,False
Línea 2,2025-11-12,23,2025-11-12 23:00:00,0.01603,False
Línea 2,2025-11-13,0,2025-11-13 00:00:00,0.02762,False
Línea 2,2025-11-13,1,2025-11-13 01:00:00,0.02055,False
Línea 2,2025-11-13,2,2025-11-13 02:00:00,0.01868,False
Línea 2,2025-11-13,3,2025-11-13 03:00:00,0.03316,False
Línea 2,2025-11-13,4,2025-11-13 04:00:00,0.02289,False
Línea 2,2025-11-13,5,2025-11-13 05:00:00,0.03361,False
Línea 2,2025-11-13,6,2025-11-13 06:00:00,0.03009,False
Línea 2,2025-11-13,7,2025-11-13 07:00:00,0.04155,False
Línea 2,2025-11-13,8,2025-11-13 08:00:00,0.02742,False
Línea 2,2025-11-13,9,2025-11-13 09:00:00,0.02907,False
Línea 2,2025-11-13,10,2025-11-13 10:00:00,0.04057,False
Línea 2,2025-11-13,11,2025-11-13 11:00:00,0.02946,False
Línea 2,2025-11-13,12,2025-11-13 12:00:00,0.03721,False
Línea 2,2025-11-13,13,2025-11-13 13:00:00,0.04553,False
Línea 2,2025-11-13,14,2025-11-13 14:00:00,0.02473,False
Línea 2,2025-11-13,15,2025-11-13 15:00:00,0.03658,False
Línea 2,2025-11-13,16,2025-11-13 16:00:00,0.03979,False
Línea 2,2025-11-13,17,2025-11-13 17:00:00,0.03043,False
Línea 2,2025-11-13,18,2025-11-13 18:00:00,0.02295,False
Línea 2,2025-11-13,19,2025-11-13 19:00:00,0.02487,False
Línea 2,2025-11-13,20,2025-11-13 20:00:00,0.01948,False
Línea 2,2025-11-13,21,2025-11-13 21:00:00,0.02327,False
Línea 2,2025-11-13,22,2025-11-13 22:00:00,0.01993,False
Línea 2,2025-11-13,23,2025-11-13 23:00:00,0.01771,False
Línea 2,2025-11-14,0,2025-11-14 00:00:00,0.02331,False
Línea 2,2025-11-14,1,2025-11-14 01:00:00,0.03026,False
Línea 2,2025-11-14,2,2025-11-14 02:00:00,0.02355,False
Línea 2,2025-11-14,3,2025-11-14 03:00:00,0.03092,False
Línea 2,2025-11-14,4,2025-11-14 04:00:00,0.03399,False
Línea 2,2025-11-14,5,2025-11-14 05:00:00,0.02292,False
Línea 2,2025-11-14,6,2025-11-14 06:00:00,0.03016,False
Línea 2,2025-11-14,7,2025-11-14 07:00:00,0.02804,False
Línea 2,2025-11-14,8,2025-11-14 08:00:00,0.02362,False
Línea 2,2025-11-14,9,2025-11-14 09:00:00,0.03631,False
Línea 2,2025-11-14,10,2025-11-14 10:00:00,0.02913,False
Línea 2,2025-11-14,11,2025-11-14 11:00:00,0.03915,False
Línea 2,2025-11-14,12,2025-11-14 12:00:00,0.02718,False
Línea 2,2025-11-14,13,2025-11-14 13:00:00,0.03727,False
Línea 2,2025-11-14,14,2025-11-14 14:00:00,0.02602,False
Línea 2,2025-11-14,15,2025-11-14 15:00:00,0.03821,False
Línea 2,2025-11-14,16,2025-11-14 16:00:00,0.03015,False
Línea 2,2025-11-14,17,2025-11-14 17:00:00,0.02765,False
Línea 2,2025-11-14,18,2025-11-14 18:00:00,0.03527,False
Línea 2,2025-11-14,19,2025-11-14 19:00:00,0.02451,False
Línea 2,2025-11-14,20,2025-11-14 20:00:00,0.02518,False
Línea 2,2025-11-14,21,2025-11-14 21:00:00,0.02167,False
Línea 2,2025-11-14,22,2025-11-14 22:00:00,0.02463,False
Línea 2,2025-11-14,23,2025-11-14 23:00:00,0.02704,False
Línea 2,2025-11-15,0,2025-11-15 00:00:00,0.01535,False
Línea 2,2025-11-15,1,2025-11-15 01:00:00,0.00781,False
Línea 2,2025-11-15,2,2025-11-15 02:00:00,0.01866,False
Línea 2,2025-11-15,3,2025-11-15 03:00:00,0.00718,False
Línea 2,2025-11-15,4,2025-11-15 04:00:00,0.00988,False
Línea 2,2025-11-15,5,2025-11-15 05:00:00,0.0155,False
Línea 2,2025-11-15,6,2025-11-15 06:00:00,0.02462,False
Línea 2,2025-11-15,7,2025-11-15 07:00:00,0.01339,False
Línea 2,2025-11-15,8,2025-11-15 08:00:00,0.02769,False
Línea 2,2025-11-15,9,2025-11-15 09:00:00,0.02367,False
Línea 2,2025-11-15,10,2025-11-15 10:00:00,0.02266,False
Línea 2,2025-11-15,11,2025-11-15 11:00:00,0.03265,False
Línea 2,2025-11-15,12,2025-11-15 12:00:00,0.02152,False
Línea 2,2025-11-15,13,2025-11-15 13:00:00,0.03978,False
Línea 2,2025-11-15,14,2025-11-15 14:00:00,0.02421,False
Línea 2,2025-11-15,15,2025-11-15 15:00:00,0.02489,False
Línea 2,2025-11-15,16,2025-11-15 16:00:00,0.0316,False
Línea 2,2025-11-15,17,2025-11-15 17:00:00,0.02146,False
Línea 2,2025-11-15,18,2025-11-15 18:00:00,0.02547,False
Línea 2,2025-11-15,19,2025-11-15 19:00:00,0.00455,False
Línea 2,2025-11-15,20,2025-11-15 20:00:00,0.01168,False
Línea 2,2025-11-15,21,2025-11-15 21:00:00,0.01506,False
Línea 2,2025-11-15,22,2025-11-15 22:00:00,0.0179,False
Línea 2,2025-11-15,23,2025-11-15 23:00:00,0.01523,False
Línea 2,2025-11-16,0,2025-11-16 00:00:00,0.0017,False
Línea 2,2025-11-16,1,2025-11-16 01:00:00,0.00429,False
Línea 2,2025-11-16,2,2025-11-16 02:00:00,0.00157,False
Línea 2,2025-11-16,3,2025-11-16 03:00:00,-0.01287,False
Línea 2,2025-11-16,4,2025-11-16 04:00:00,0.0103,False
Línea 2,2025-11-16,5,2025-11-16 05:00:00,-0.00145,False
Línea 2,2025-11-16,6,2025-11-16 06:00:00,0.00753,False
Línea 2,2025-11-16,7,2025-11-16 07:00:00,0.0088,False
Línea 2,2025-11-16,8,2025-11-16 08:00:00,0.00993,False
Línea 2,2025-11-16,9,2025-11-16 09:00:00,0.00467,False
Línea 2,2025-11-16,10,2025-11-16 10:00:00,0.00094,False
Línea 2,2025-11-16,11,2025-11-16 11:00:00,0.00736,False
Línea 2,2025-11-16,12,2025-11-16 12:00:00,0.01861,False
Línea 2,2025-11-16,13,2025-11-16 13:00:00,0.0047,False
Línea 2,2025-11-16,14,2025-11-16 14:00:00,0.00729,False
Línea 2,2025-11-16,15,2025-11-16 15:00:00,0.01381,False
Línea 2,2025-11-16,16,2025-11-16 16:00:00,0.00348,False
Línea 2,2025-11-16,17,2025-11-16 17:00:00,0.00446,False
Línea 2,2025-11-16,18,2025-11-16 18:00:00,0.00614,False
Línea 2,2025-11-16,19,2025-11-16 19:00:00,0.00527,False
Línea 2,2025-11-16,20,2025-11-16 20:00:00,-0.00464,False
Línea 2,2025-11-16,21,2025-11-16 21:00:00,0.00084,False
Línea 2,2025-11-16,22,2025-11-16 22:00:00,0.00111,False
Línea 2,2025-11-16,23,2025-11-16 23:00:00,-0.00972,False
Línea 2,2025-11-17,0,2025-11-17 00:00:00,-0.00671,False
Línea 2,2025-11-17,1,2025-11-17 01:00:00,-0.01203,False
Línea 2,2025-11-17,2,2025-11-17 02:00:00,-0.00618,False
Línea 2,2025-11-17,3,2025-11-17 03:00:00,-0.00132,False
Línea 2,2025-11-17,4,2025-11-17 04:00:00,-0.00506,False
Línea 2,2025-11-17,5,2025-11-17 05:00:00,0.00341,False
Línea 2,2025-11-17,6,2025-11-17 06:00:00,0.00474,False
Línea 2,2025-11-17,7,2025-11-17 07:00:00,0.00752,False
Línea 2,2025-11-17,8,2025-11-17 08:00:00,0.00642,False
Línea 2,2025-11-17,9,2025-11-17 09:00:00,0.01226,False
Línea 2,2025-11-17,10,2025-11-17 10:00:00,0.00924,False
Línea 2,2025-11-17,11,2025-11-17 11:00:00,-0.00228,False
Línea 2,2025-11-17,12,2025-11-17 12:00:00,0.00325,False
Línea 2,2025-11-17,13,2025-11-17 13:00:00,0.00646,False
Línea 2,2025-11-17,14,2025-11-17 14:00:00,0.0064,False
Línea 2,2025-11-17,15,2025-11-17 15:00:00,0.0078,False
Línea 2,2025-11-17,16,2025-11-17 16:00:00,-0.00084,False
Línea 2,2025-11-17,17,2025-11-17 17:00:00,0.01412,False
Línea 2,2025-11-17,18,2025-11-17 18:00:00,-0.00061,False
Línea 2,2025-11-17,19,2025-11-17 19:00:00,-0.00212,False
Línea 2,2025-11-17,20,2025-11-17 20:00:00,-0.00802,False
Línea 2,2025-11-17,21,2025-11-17 21:00:00,-0.01168,False
Línea 2,2025-11-17,22,2025-11-17 22:00:00,-0.00769,False
Línea 2,2025-11-17,23,2025-11-17 23:00:00,-0.00756,False
Línea 2,2025-11-18,0,2025-11-18 00:00:00,-0.00287,False
Línea 2,2025-11-18,1,2025-11-18 01:00:00,0.00785,False
Línea 2,2025-11-18,2,2025-11-18 02:00:00,-0.00204,False
Línea 2,2025-11-18,3,2025-11-18 03:00:00,-0.00052,False
Línea 2,2025-11-18,4,2025-11-18 04:00:00,0.00654,False
Línea 2,2025-11-18,5,2025-11-18 05:00:00,0.00255,False
Línea 2,2025-11-18,6,2025-11-18 06:00:00,0.00888,False
Línea 2,2025-11-18,7,2025-11-18 07:00:00,4e-05,False
Línea 2,2025-11-18,8,2025-11-18 08:00:00,0.00202,False
Línea 2,2025-11-18,9,2025-11-18 09:00:00,0.01204,False
Línea 2,2025-11-18,10,2025-11-18 10:00:00,0.01119,False
Línea 2,2025-11-18,11,2025-11-18 11:00:00,0.00852,False
Línea 2,2025-11-18,12,2025-11-18 12:00:00,0.01438,False
Línea 2,2025-11-18,13,2025-11-18 13:00:00,0.01463,False
Línea 2,2025-11-18,14,2025-11-18 14:00:00,0.00832,False
Línea 2,2025-11-18,15,2025-11-18 15:00:00,0.00819,False
Línea 2,2025-11-18,16,2025-11-18 16:00:00,0.01095,False
Línea 2,2025-11-18,17,2025-11-18 17:00:00,0.00159,False
Línea 2,2025-11-18,18,2025-11-18 18:00:00,0.00202,False
Línea 2,2025-11-18,19,2025-11-18 19:00:00,0.00678,False
Línea 2,2025-11-18,20,2025-11-18 20:00:00,0.0015,False
Línea 2,2025-11-18,21,2025-11-18 21:00:00,-0.00287,False
Línea 2,2025-11-18,22,2025-11-18 22:00:00,-0.0067,False
Línea 2,2025-11-18,23,2025-11-18 23:00:00,-0.00816,False
Línea 2,2025-11-19,0,2025-11-19 00:00:00,0.00955,False
Línea 2,2025-11-19,1,2025-11-19 01:00:00,0.02277,False
Línea 2,2025-11-19,2,2025-11-19 02:00:00,0.0148,False
Línea 2,2025-11-19,3,2025-11-19 03:00:00,0.00468,False
Línea 2,2025-11-19,4,2025-11-19 04:00:00,0.01858,False
Línea 2,2025-11-19,5,2025-11-19 05:00:00,0.01171,False
Línea 2,2025-11-19,6,2025-11-19 06:00:00,0.01831,False
Línea 2,2025-11-19,7,2025-11-19 07:00:00,0.01688,False
Línea 2,2025-11-19,8,2025-11-19 08:00:00,0.03447,False
Línea 2,2025-11-19,9,2025-11-19 09:00:00,0.01719,False
Línea 2,2025-11-19,10,2025-11-19 10:00:00,0.02715,False
Línea 2,2025-11-19,11,2025-11-19 11:00:00,0.02195,False
Línea 2,2025-11-19,12,2025-11-19 12:00:00,0.03077,False
Línea 2,2025-11-19,13,2025-11-19 13:00:00,0.02783,False
Línea 2,2025-11-19,14,2025-11-19 14:00:00,0.03279,False
Línea 2,2025-11-19,15,2025-11-19 15:00:00,0.0283,False
Línea 2,2025-11-19,16,2025-11-19 16:00:00,0.01818,False
Línea 2,2025-11-19,17,2025-11-19 17:00:00,0.03791,False
Línea 2,2025-11-19,18,2025-11-19 18:00:00,0.02167,False
Línea 2,2025-11-19,19,2025-11-19 19:00:00,0.01296,False
Línea 2,2025-11-19,20,2025-11-19 20:00:00,0.01557,False
Línea 2,2025-11-19,21,2025-11-19 21:00:00,0.01647,False
Línea 2,2025-11-19,22,2025-11-19 22:00:00,0.01497,False
Línea 2,2025-11-19,23,2025-11-19 23:00:00,0.01359,False
Línea 2,2025-11-20,0,2025-11-20 00:00:00,0.02631,False
Línea 2,2025-11-20,1,2025-11-20 01:00:00,0.026,False
Línea 2,2025-11-20,2,2025-11-20 02:00:00,0.0165,False
Línea 2,2025-11-20,3,2025-11-20 03:00:00,0.03551,False
Línea 2,2025-11-20,4,2025-11-20 04:00:00,0.03633,False
Línea 2,2025-11-20,5,2025-11-20 05:00:00,0.03125,False
Línea 2,2025-11-20,6,2025-11-20 06:00:00,0.02875,False
Línea 2,2025-11-20,7,2025-11-20 07:00:00,0.03092,False
Línea 2,2025-11-20,8,2025-11-20 08:00:00,0.03057,False
Línea 2,2025-11-20,9,2025-11-20 09:00:00,0.03301,False
Línea 2,2025-11-20,10,2025-11-20 10:00:00,0.02232,False
Línea 2,2025-11-20,11,2025-11-20 11:00:00,0.04542,False
Línea 2,2025-11-20,12,2025-11-20 12:00:00,0.04358,False
Línea 2,2025-11-20,13,2025-11-20 13:00:00,0.02618,False
Línea 2,2025-11-20,14,2025-11-20 14:00:00,0.04078,False
Línea 2,2025-11-20,15,2025-11-20 15:00:00,0.03413,False
Línea 2,2025-11-20,16,2025-11-20 16:00:00,0.03132,False
Línea 2,2025-11-20,17,2025-11-20 17:00:00,0.03354,False
Línea 2,2025-11-20,18,2025-11-20 18:00:00,0.01806,False
Línea 2,2025-11-20,19,2025-11-20 19:00:00,0.02638,False
Línea 2,2025-11-20,20,2025-11-20 20:00:00,0.02499,False
Línea 2,2025-11-20,21,2025-11-20 21:00:00,0.02334,False
Línea 2,2025-11-20,22,2025-11-20 22:00:00,0.01338,False
Línea 2,2025-11-20,23,2025-11-20 23:00:00,0.02347,False
Línea 2,2025-11-21,0,2025-11-21 00:00:00,0.02687,False
Línea 2,2025-11-21,1,2025-11-21 01:00:00,0.02323,False
Línea 2,2025-11-21,2,2025-11-21 02:00:00,0.02021,False
Línea 2,2025-11-21,3,2025-11-21 03:00:00,0.03899,False
Línea 2,2025-11-21,4,2025-11-21 04:00:00,0.01897,False
Línea 2,2025-11-21,5,2025-11-21 05:00:00,0.03108,False
Línea 2,2025-11-21,6,2025-11-21 06:00:00,0.02997,False
Línea 2,2025-11-21,7,2025-11-21 07:00:00,0.04266,False
Línea 2,2025-11-21,8,2025-11-21 08:00:00,0.03484,False
Línea 2,2025-11-21,9,2025-11-21 09:00:00,0.03778,False
Línea 2,2025-11-21,10,2025-11-21 10:00:00,0.03848,False
Línea 2,2025-11-21,11,2025-11-21 11:00:00,0.02989,False
Línea 2,2025-11-21,12,2025-11-21 12:00:00,0.0313,False
Línea 2,2025-11-21,13,2025-11-21 13:00:00,0.03459,False
Línea 2,2025-11-21,14,2025-11-21 14:00:00,0.04119,False
Línea 2,2025-11-21,15,2025-11-21 15:00:00,0.03557,False
Línea 2,2025-11-21,16,2025-11-21 16:00:00,0.03127,False
Línea 2,2025-11-21,17,2025-11-21 17:00:00,0.03882,False
Línea 2,2025-11-21,18,2025-11-21 18:00:00,0.01662,False
Línea 2,2025-11-21,19,2025-11-21 19:00:00,0.01867,False
Línea 2,2025-11-21,20,2025-11-21 20:00:00,0.00953,False
Línea 2,2025-11-21,21,2025-11-21 21:00:00,0.03011,False
Línea 2,2025-11-21,22,2025-11-21 22:00:00,0.02101,False
Línea 2,2025-11-21,23,2025-11-21 23:00:00,0.02658,False
Línea 2,2025-11-22,0,2025-11-22 00:00:00,0.00968,False
Línea 2,2025-11-22,1,2025-11-22 01:00:00,0.01675,False
Línea 2,2025-11-22,2,2025-11-22 02:00:00,0.01065,False
Línea 2,2025-11-22,3,2025-11-22 03:00:00,0.01514,False
Línea 2,2025-11-22,4,2025-11-22 04:00:00,0.01592,False
Línea 2,2025-11-22,5,2025-11-22 05:00:00,0.01829,False
Línea 2,2025-11-22,6,2025-11-22 06:00:00,0.02845,False
Línea 2,2025-11-22,7,2025-11-22 07:00:00,0.01066,False
Línea 2,2025-11-22,8,2025-11-22 08:00:00,0.02193,False
Línea 2,2025-11-22,9,2025-11-22 09:00:00,0.02518,False
Línea 2,2025-11-22,10,2025-11-22 10:00:00,0.02556,False
Línea 2,2025-11-22,11,2025-11-22 11:00:00,0.02368,False
Línea 2,2025-11-22,12,2025-11-22 12:00:00,0.02313,False
Línea 2,2025-11-22,13,2025-11-22 13:00:00,0.03525,False
Línea 2,2025-11-22,14,2025-11-22 14:00:00,0.02484,False
Línea 2,2025-11-22,15,2025-11-22 15:00:00,0.03862,False
Línea 2,2025-11-22,16,2025-11-22 16:00:00,0.02551,False
Línea 2,2025-11-22,17,2025-11-22 17:00:00,0.01867,False
Línea 2,2025-11-22,18,2025-11-22 18:00:00,0.02165,False
Línea 2,2025-11-22,19,2025-11-22 19:00:00,0.01692,False
Línea 2,2025-11-22,20,2025-11-22 20:00:00,0.02239,False
Línea 2,2025-11-22,21,2025-11-22 21:00:00,0.00567,False
Línea 2,2025-11-22,22,2025-11-22 22:00:00,0.0006,False
Línea 2,2025-11-22,23,2025-11-22 23:00:00,0.01278,False
Línea 2,2025-11-23,0,2025-11-23 00:00:00,0.00266,False
Línea 2,2025-11-23,1,2025-11-23 01:00:00,-0.00036,False
Línea 2,2025-11-23,2,2025-11-23 02:00:00,0.00275,False
Línea 2,2025-11-23,3,2025-11-23 03:00:00,0.00314,False
Línea 2,2025-11-23,4,2025-11-23 04:00:00,-0.00723,False
Línea 2,2025-11-23,5,2025-11-23 05:00:00,0.00526,False
Línea 2,2025-11-23,6,2025-11-23 06:00:00,0.01355,False
Línea 2,2025-11-23,7,2025-11-23 07:00:00,0.00875,False
Línea 2,2025-11-23,8,2025-11-23 08:00:00,0.00179,False
Línea 2,2025-11-23,9,2025-11-23 09:00:00,0.0093,False
Línea 2,2025-11-23,10,2025-11-23 10:00:00,0.01592,False
Línea 2,2025-11-23,11,2025-11-23 11:00:00,0.02415,False
Línea 2,2025-11-23,12,2025-11-23 12:00:00,0.00191,False
Línea 2,2025-11-23,13,2025-11-23 13:00:00,0.01554,False
Línea 2,2025-11-23,14,2025-11-23 14:00:00,0.00698,False
Línea 2,2025-11-23,15,2025-11-23 15:00:00,0.01435,False
Línea 2,2025-11-23,16,2025-11-23 16:00:00,0.01317,False
Línea 2,2025-11-23,17,2025-11-23 17:00:00,0.00632,False
Línea 2,2025-11-23,18,2025-11-23 18:00:00,0.00944,False
Línea 2,2025-11-23,19,2025-11-23 19:00:00,0.01042,False
Línea 2,2025-11-23,20,2025-11-23 20:00:00,0.00066,False
Línea 2,2025-11-23,21,2025-11-23 21:00:00,-0.00803,False
Línea 2,2025-11-23,22,2025-11-23 22:00:00,0.00727,False
Línea 2,2025-11-23,23,2025-11-23 23:00:00,0.00289,False
Línea 2,2025-11-24,0,2025-11-24 00:00:00,-0.00462,False
Línea 2,2025-11-24,1,2025-11-24 01:00:00,-0.01187,False
Línea 2,2025-11-24,2,2025-11-24 02:00:00,-0.00102,False
Línea 2,2025-11-24,3,2025-11-24 03:00:00,0.0066,False
Línea 2,2025-11-24,4,2025-11-24 04:00:00,-0.00473,False
Línea 2,2025-11-24,5,2025-11-24 05:00:00,-0.0015,False
Línea 2,2025-11-24,6,2025-11-24 06:00:00,-0.00639,False
Línea 2,2025-11-24,7,2025-11-24 07:00:00,-0.00225,False
Línea 2,2025-11-24,8,2025-11-24 08:00:00,-0.00245,False
Línea 2,2025-11-24,9,2025-11-24 09:00:00,0.00644,False
Línea 2,2025-11-24,10,2025-11-24 10:00:00,0.00488,False
Línea 2,2025-11-24,11,2025-11-24 11:00:00,0.00996,False
Línea 2,2025-11-24,12,2025-11-24 12:00:00,0.00265,False
Línea 2,2025-11-24,13,2025-11-24 13:00:00,0.00672,False
Línea 2,2025-11-24,14,2025-11-24 14:00:00,0.00121,False
Línea 2,2025-11-24,15,2025-11-24 15:00:00,0.00678,False
Línea 2,2025-11-24,16,2025-11-24 16:00:00,-0.00579,False
Línea 2,2025-11-24,17,2025-11-24 17:00:00,0.00298,False
Línea 2,2025-11-24,18,2025-11-24 18:00:00,-0.00167,False
Línea 2,2025-11-24,19,2025-11-24 19:00:00,-0.00098,False
Línea 2,2025-11-24,20,2025-11-24 20:00:00,-0.01391,False
Línea 2,2025-11-24,21,2025-11-24 21:00:00,-0.00173,False
Línea 2,2025-11-24,22,2025-11-24 22:00:00,-0.00872,False
Línea 2,2025-11-24,23,2025-11-24 23:00:00,-0.00642,False
Línea 2,2025-11-25,0,2025-11-25 00:00:00,-0.01357,False
Línea 2,2025-11-25,1,2025-11-25 01:00:00,-0.00954,False
Línea 2,2025-11-25,2,2025-11-25 02:00:00,-0.00362,False
Línea 2,2025-11-25,3,2025-11-25 03:00:00,0.00824,False
Línea 2,2025-11-25,4,2025-11-25 04:00:00,0.00481,False
Línea 2,2025-11-25,5,2025-11-25 05:00:00,0.00436,False
Línea 2,2025-11-25,6,2025-11-25 06:00:00,0.0001,False
Línea 2,2025-11-25,7,2025-11-25 07:00:00,0.00108,False
Línea 2,2025-11-25,8,2025-11-25 08:00:00,0.01131,False
Línea 2,2025-11-25,9,2025-11-25 09:00:00,0.01551,False
Línea 2,2025-11-25,10,2025-11-25 10:00:00,0.0206,True
Línea 2,2025-11-25,11,2025-11-25 11:00:00,0.05396,True
Línea 2,2025-11-25,12,2025-11-25 12:00:00,0.05955,True
Línea 2,2025-11-25,13,2025-11-25 13:00:00,0.04478,True
Línea 2,2025-11-25,14,2025-11-25 14:00:00,0.00918,True
Línea 2,2025-11-25,15,2025-11-25 15:00:00,0.01257,False
Línea 2,2025-11-25,16,2025-11-25 16:00:00,0.01846,False
Línea 2,2025-11-25,17,2025-11-25 17:00:00,0.00147,False
Línea 2,2025-11-25,18,2025-11-25 18:00:00,0.0107,False
Línea 2,2025-11-25,19,2025-11-25 19:00:00,0.01222,False
Línea 2,2025-11-25,20,2025-11-25 20:00:00,-0.00249,False
Línea 2,2025-11-25,21,2025-11-25 21:00:00,0.00279,False
Línea 2,2025-11-25,22,2025-11-25 22:00:00,0.0082,False
Línea 2,2025-11-25,23,2025-11-25 23:00:00,-0.0007,False
Línea 2,2025-11-26,0,2025-11-26 00:00:00,0.01506,False
Línea 2,2025-11-26,1,2025-11-26 01:00:00,-3e-05,False
Línea 2,2025-11-26,2,2025-11-26 02:00:00,0.01499,False
Línea 2,2025-11-26,3,2025-11-26 03:00:00,0.01578,False
Línea 2,2025-11-26,4,2025-11-26 04:00:00,0.00638,False
Línea 2,2025-11-26,5,2025-11-26 05:00:00,0.01048,False
Línea 2,2025-11-26,6,2025-11-26 06:00:00,0.02196,False
Línea 2,2025-11-26,7,2025-11-26 07:00:00,0.01859,False
Línea 2,2025-11-26,8,2025-11-26 08:00:00,0.02901,False
Línea 2,2025-11-26,9,2025-11-26 09:00:00,0.02586,False
Línea 2,2025-11-26,10,2025-11-26 10:00:00,0.0256,False
Línea 2,2025-11-26,11,2025-11-26 11:00:00,0.02504,False
Línea 2,2025-11-26,12,2025-11-26 12:00:00,0.02809,False
Línea 2,2025-11-26,13,2025-11-26 13:00:00,0.03088,False
Línea 2,2025-11-26,14,2025-11-26 14:00:00,0.02847,False
Línea 2,2025-11-26,15,2025-11-26 15:00:00,0.02146,False
Línea 2,2025-11-26,16,2025-11-26 16:00:00,0.02977,False
Línea 2,2025-11-26,17,2025-11-26 17:00:00,0.02435,False
Línea 2,2025-11-26,18,2025-11-26 18:00:00,0.02065,False
Línea 2,2025-11-26,19,2025-11-26 19:00:00,0.01682,False
Línea 2,2025-11-26,20,2025-11-26 20:00:00,0.01734,False
Línea 2,2025-11-26,21,2025-11-26 21:00:00,0.00169,False
Línea 2,2025-11-26,22,2025-11-26 22:00:00,0.01286,False
Línea 2,2025-11-26,23,2025-11-26 23:00:00,0.02045,False
Línea 2,2025-11-27,0,2025-11-27 00:00:00,0.02183,False
Línea 2,2025-11-27,1,2025-11-27 01:00:00,0.02129,False
Línea 2,2025-11-27,2,2025-11-27 02:00:00,0.01801,False
Línea 2,2025-11-27,3,2025-11-27 03:00:00,0.02581,False
Línea 2,2025-11-27,4,2025-11-27 04:00:00,0.02334,False
Línea 2,2025-11-27,5,2025-11-27 05:00:00,0.0343,False
Línea 2,2025-11-27,6,2025-11-27 06:00:00,0.02333,False
Línea 2,2025-11-27,7,2025-11-27 07:00:00,0.02787,False
Línea 2,2025-11-27,8,2025-11-27 08:00:00,0.02891,False
Línea 2,2025-11-27,9,2025-11-27 09:00:00,0.04518,False
Línea 2,2025-11-27,10,2025-11-27 10:00:00,0.0343,False
Línea 2,2025-11-27,11,2025-11-27 11:00:00,0.03295,False
Línea 2,2025-11-27,12,2025-11-27 12:00:00,0.02397,False
Línea 2,2025-11-27,13,2025-11-27 13:00:00,0.03077,False
Línea 2,2025-11-27,14,2025-11-27 14:00:00,0.03861,False
Línea 2,2025-11-27,15,2025-11-27 15:00:00,0.03731,False
Línea 2,2025-11-27,16,2025-11-27 16:00:00,0.02861,False
Línea 2,2025-11-27,17,2025-11-27 17:00:00,0.02701,False
Línea 2,2025-11-27,18,2025-11-27 18:00:00,0.03967,False
Línea 2,2025-11-27,19,2025-11-27 19:00:00,0.04262,False
Línea 2,2025-11-27,20,2025-11-27 20:00:00,0.03141,False
Línea 2,2025-11-27,21,2025-11-27 21:00:00,0.03221,False
Línea 2,2025-11-27,22,2025-11-27 22:00:00,0.03221,False
Línea 2,2025-11-27,23,2025-11-27 23:00:00,0.03407,False
Línea 2,2025-11-28,0,2025-11-28 00:00:00,0.0187,False
Línea 2,2025-11-28,1,2025-11-28 01:00:00,0.01552,False
Línea 2,2025-11-28,2,2025-11-28 02:00:00,0.03259,False
Línea 2,2025-11-28,3,2025-11-28 03:00:00,0.01707,False
Línea 2,2025-11-28,4,2025-11-28 04:00:00,0.01834,False
Línea 2,2025-11-28,5,2025-11-28 05:00:00,0.02041,False
Línea 2,2025-11-28,6,2025-11-28 06:00:00,0.02773,False
Línea 2,2025-11-28,7,2025-11-28 07:00:00,0.01868,False
Línea 2,2025-11-28,8,2025-11-28 08:00:00,0.02392,False
Línea 2,2025-11-28,9,2025-11-28 09:00:00,0.03044,False
Línea 2,2025-11-28,10,2025-11-28 10:00:00,0.02827,False
Línea 2,2025-11-28,11,2025-11-28 11:00:00,0.04262,False
Línea 2,2025-11-28,12,2025-11-28 12:00:00,0.03655,False
Línea 2,2025-11-28,13,2025-11-28 13:00:00,0.0397,False
Línea 2,2025-11-28,14,2025-11-28 14:00:00,0.03825,False
Línea 2,2025-11-28,15,2025-11-28 15:00:00,0.03293,False
Línea 2,2025-11-28,16,2025-11-28 16:00:00,0.03844,False
Línea 2,2025-11-28,17,2025-11-28 17:00:00,0.0333,False
Línea 2,2025-11-28,18,2025-11-28 18:00:00,0.0266,False
Línea 2,2025-11-28,19,2025-11-28 19:00:00,0.01634,False
Línea 2,2025-11-28,20,2025-11-28 20:00:00,0.02764,False
Línea 2,2025-11-28,21,2025-11-28 21:00:00,0.01529,False
Línea 2,2025-11-28,22,2025-11-28 22:00:00,0.02387,False
Línea 2,2025-11-28,23,2025-11-28 23:00:00,0.02126,False
Línea 2,2025-11-29,0,2025-11-29 00:00:00,0.00218,False
Línea 2,2025-11-29,1,2025-11-29 01:00:00,0.01216,False
Línea 2,2025-11-29,2,2025-11-29 02:00:00,0.01256,False
Línea 2,2025-11-29,3,2025-11-29 03:00:00,0.01385,False
Línea 2,2025-11-29,4,2025-11-29 04:00:00,0.01522,False
Línea 2,2025-11-29,5,2025-11-29 05:00:00,0.01235,False
Línea 2,2025-11-29,6,2025-11-29 06:00:00,0.02189,False
Línea 2,2025-11-29,7,2025-11-29 07:00:00,0.01628,False
Línea 2,2025-11-29,8,2025-11-29 08:00:00,0.01589,False
Línea 2,2025-11-29,9,2025-11-29 09:00:00,0.02804,False
Línea 2,2025-11-29,10,2025-11-29 10:00:00,0.03088,False
Línea 2,2025-11-29,11,2025-11-29 11:00:00,0.0297,False
Línea 2,2025-11-29,12,2025-11-29 12:00:00,0.02509,False
Línea 2,2025-11-29,13,2025-11-29 13:00:00,0.01443,False
Línea 2,2025-11-29,14,2025-11-29 14:00:00,0.03416,False
Línea 2,2025-11-29,15,2025-11-29 15:00:00,0.01226,False
Línea 2,2025-11-29,16,2025-11-29 16:00:00,0.02585,False
Línea 2,2025-11-29,17,2025-11-29 17:00:00,0.03307,False
Línea 2,2025-11-29,18,2025-11-29 18:00:00,0.01923,False
Línea 2,2025-11-29,19,2025-11-29 19:00:00,0.01801,False
Línea 2,2025-11-29,20,2025-11-29 20:00:00,0.01661,False
Línea 2,2025-11-29,21,2025-11-29 21:00:00,0.01387,False
Línea 2,2025-11-29,22,2025-11-29 22:00:00,0.02551,False
Línea 2,2025-11-29,23,2025-11-29 23:00:00,0.00555,False
Línea 2,2025-11-30,0,2025-11-30 00:00:00,-0.00816,False
Línea 2,2025-11-30,1,2025-11-30 01:00:00,-0.00404,False
Línea 2,2025-11-30,2,2025-11-30 02:00:00,0.00916,False
Línea 2,2025-11-30,3,2025-11-30 03:00:00,-0.00347,False
Línea 2,2025-11-30,4,2025-11-30 04:00:00,0.00423,False
Línea 2,2025-11-30,5,2025-11-30 05:00:00,0.01,False
Línea 2,2025-11-30,6,2025-11-30 06:00:00,0.01032,False
Línea 2,2025-11-30,7,2025-11-30 07:00:00,0.01383,False
Línea 2,2025-11-30,8,2025-11-30 08:00:00,0.01816,False
Línea 2,2025-11-30,9,2025-11-30 09:00:00,0.01315,False
Línea 2,2025-11-30,10,2025-11-30 10:00:00,0.00983,False
Línea 2,2025-11-30,11,2025-11-30 11:00:00,0.01426,False
Línea 2,2025-11-30,12,2025-11-30 12:00:00,0.01161,False
Línea 2,2025-11-30,13,2025-11-30 13:00:00,0.0285,False
Línea 2,2025-11-30,14,2025-11-30 14:00:00,0.00938,False
Línea 2,2025-11-30,15,2025-11-30 15:00:00,0.0142,False
Línea 2,2025-11-30,16,2025-11-30 16:00:00,0.00064,False
Línea 2,2025-11-30,17,2025-11-30 17:00:00,0.00852,False
Línea 2,2025-11-30,18,2025-11-30 18:00:00,0.00393,False
Línea 2,2025-11-30,19,2025-11-30 19:00:00,0.00763,False
Línea 2,2025-11-30,20,2025-11-30 20:00:00,0.00586,False
Línea 2,2025-11-30,21,2025-11-30 21:00:00,0.00849,False
Línea 2,2025-11-30,22,2025-11-30 22:00:00,0.00674,False
Línea 2,2025-11-30,23,2025-11-30 23:00:00,-0.00248,False
Línea 2,2025-12-01,0,2025-12-01 00:00:00,-0.01367,False
Línea 2,2025-12-01,1,2025-12-01 01:00:00,-0.01269,False
Línea 2,2025-12-01,2,2025-12-01 02:00:00,-0.00511,False
Línea 2,2025-12-01,3,2025-12-01 03:00:00,-0.00471,False
Línea 2,2025-12-01,4,2025-12-01 04:00:00,-0.00245,False
Línea 2,2025-12-01,5,2025-12-01 05:00:00,-0.00528,False
Línea 2,2025-12-01,6,2025-12-01 06:00:00,0.00862,False
Línea 2,2025-12-01,7,2025-12-01 07:00:00,-0.00677,False
Línea 2,2025-12-01,8,2025-12-01 08:00:00,0.00046,False
Línea 2,2025-12-01,9,2025-12-01 09:00:00,-0.00081,False
Línea 2,2025-12-01,10,2025-12-01 10:00:00,0.00567,False
Línea 2,2025-12-01,11,2025-12-01 11:00:00,0.01521,False
Línea 2,2025-12-01,12,2025-12-01 12:00:00,0.00627,False
Línea 2,2025-12-01,13,2025-12-01 13:00:00,0.00834,False
Línea 2,2025-12-01,14,2025-12-01 14:00:00,0.01091,False
Línea 2,2025-12-01,15,2025-12-01 15:00:00,0.00364,False
Línea 2,2025-12-01,16,2025-12-01 16:00:00,0.0063,False
Línea 2,2025-12-01,17,2025-12-01 17:00:00,0.00358,False
Línea 2,2025-12-01,18,2025-12-01 18:00:00,-0.00678,False
Línea 2,2025-12-01,19,2025-12-01 19:00:00,-0.00486,False
Línea 2,2025-12-01,20,2025-12-01 20:00:00,-0.00187,False
Línea 2,2025-12-01,21,2025-12-01 21:00:00,0.00204,False
Línea 2,2025-12-01,22,2025-12-01 22:00:00,0.00076,False
Línea 2,2025-12-01,23,2025-12-01 23:00:00,0.00485,False
Línea 2,2025-12-02,0,2025-12-02 00:00:00,0.00056,False
Línea 2,2025-12-02,1,2025-12-02 01:00:00,-0.00456,False
Línea 2,2025-12-02,2,2025-12-02 02:00:00,-0.00166,False
Línea 2,2025-12-02,3,2025-12-02 03:00:00,-0.00069,False
Línea 2,2025-12-02,4,2025-12-02 04:00:00,-0.0008,False
Línea 2,2025-12-02,5,2025-12-02 05:00:00,0.00587,False
Línea 2,2025-12-02,6,2025-12-02 06:00:00,0.00822,False
Línea 2,2025-12-02,7,2025-12-02 07:00:00,0.00068,False
Línea 2,2025-12-02,8,2025-12-02 08:00:00,0.01618,False
Línea 2,2025-12-02,9,2025-12-02 09:00:00,0.00028,False
Línea 2,2025-12-02,10,2025-12-02 10:00:00,0.01124,False
Línea 2,2025-12-02,11,2025-12-02 11:00:00,0.02027,False
Línea 2,2025-12-02,12,2025-12-02 12:00:00,0.01729,False
Línea 2,2025-12-02,13,2025-12-02 13:00:00,0.01123,False
Línea 2,2025-12-02,14,2025-12-02 14:00:00,0.02439,False
Línea 2,2025-12-02,15,2025-12-02 15:00:00,0.00866,False
Línea 2,2025-12-02,16,2025-12-02 16:00:00,-0.00236,False
Línea 2,2025-12-02,17,2025-12-02 17:00:00,0.01043,False
Línea 2,2025-12-02,18,2025-12-02 18:00:00,-0.00502,False
Línea 2,2025-12-02,19,2025-12-02 19:00:00,-0.00141,False
Línea 2,2025-12-02,20,2025-12-02 20:00:00,0.00538,False
Línea 2,2025-12-02,21,2025-12-02 21:00:00,-0.00277,False
Línea 2,2025-12-02,22,2025-12-02 22:00:00,0.0022,False
Línea 2,2025-12-02,23,2025-12-02 23:00:00,-0.00903,False
Línea 2,2025-12-03,0,2025-12-03 00:00:00,0.01549,False
Línea 2,2025-12-03,1,2025-12-03 01:00:00,0.00046,False
Línea 2,2025-12-03,2,2025-12-03 02:00:00,0.01932,False
Línea 2,2025-12-03,3,2025-12-03 03:00:00,0.00983,False
Línea 2,2025-12-03,4,2025-12-03 04:00:00,0.02352,False
Línea 2,2025-12-03,5,2025-12-03 05:00:00,0.01122,False
Línea 2,2025-12-03,6,2025-12-03 06:00:00,0.02989,False
Línea 2,2025-12-03,7,2025-12-03 07:00:00,0.01466,False
Línea 2,2025-12-03,8,2025-12-03 08:00:00,0.01157,False
Línea 2,2025-12-03,9,2025-12-03 09:00:00,0.02425,False
Línea 2,2025-12-03,10,2025-12-03 10:00:00,0.03267,False
Línea 2,2025-12-03,11,2025-12-03 11:00:00,0.03081,False
Línea 2,2025-12-03,12,2025-12-03 12:00:00,0.03332,False
Línea 2,2025-12-03,13,2025-12-03 13:00:00,0.03093,False
Línea 2,2025-12-03,14,2025-12-03 14:00:00,0.02034,False
Línea 2,2025-12-03,15,2025-12-03 15:00:00,0.02859,False
Línea 2,2025-12-03,16,2025-12-03 16:00:00,0.02289,False
Línea 2,2025-12-03,17,2025-12-03 17:00:00,0.01615,False
Línea 2,2025-12-03,18,2025-12-03 18:00:00,0.01941,False
Línea 2,2025-12-03,19,2025-12-03 19:00:00,0.01593,False
Línea 2,2025-12-03,20,2025-12-03 20:00:00,0.02283,False
Línea 2,2025-12-03,21,2025-12-03 21:00:00,0.00959,False
Línea 2,2025-12-03,22,2025-12-03 22:00:00,0.00804,False
Línea 2,2025-12-03,23,2025-12-03 23:00:00,0.00642,False
Línea 2,2025-12-04,0,2025-12-04 00:00:00,0.0319,False
Línea 2,2025-12-04,1,2025-12-04 01:00:00,0.01693,False
Línea 2,2025-12-04,2,2025-12-04 02:00:00,0.02937,False
Línea 2,2025-12-04,3,2025-12-04 03:00:00,0.01667,False
Línea 2,2025-12-04,4,2025-12-04 04:00:00,0.02755,False
Línea 2,2025-12-04,5,2025-12-04 05:00:00,0.02802,False
Línea 2,2025-12-04,6,2025-12-04 06:00:00,0.03591,False
Línea 2,2025-12-04,7,2025-12-04 07:00:00,0.03712,False
Línea 2,2025-12-04,8,2025-12-04 08:00:00,0.03301,False
Línea 2,2025-12-04,9,2025-12-04 09:00:00,0.03095,False
Línea 2,2025-12-04,10,2025-12-04 10:00:00,0.04519,False
Línea 2,2025-12-04,11,2025-12-04 11:00:00,0.03242,False
Línea 2,2025-12-04,12,2025-12-04 12:00:00,0.02291,False
Línea 2,2025-12-04,13,2025-12-04 13:00:00,0.02509,False
Línea 2,2025-12-04,14,2025-12-04 14:00:00,0.02575,False
Línea 2,2025-12-04,15,2025-12-04 15:00:00,0.03775,False
Línea 2,2025-12-04,16,2025-12-04 16:00:00,0.0458,False
Línea 2,2025-12-04,17,2025-12-04 17:00:00,0.01835,False
Línea 2,2025-12-04,18,2025-12-04 18:00:00,0.02382,False
Línea 2,2025-12-04,19,2025-12-04 19:00:00,0.02698,False
Línea 2,2025-12-04,20,2025-12-04 20:00:00,0.03379,False
Línea 2,2025-12-04,21,2025-12-04 21:00:00,0.01813,False
Línea 2,2025-12-04,22,2025-12-04 22:00:00,0.02513,False
Línea 2,2025-12-04,23,2025-12-04 23:00:00,0.01929,False
Línea 2,2025-12-05,0,2025-12-05 00:00:00,0.03616,False
Línea 2,2025-12-05,1,2025-12-05 01:00:00,0.02165,False
Línea 2,2025-12-05,2,2025-12-05 02:00:00,0.02372,False
Línea 2,2025-12-05,3,2025-12-05 03:00:00,0.02336,False
Línea 2,2025-12-05,4,2025-12-05 04:00:00,0.02203,False
Línea 2,2025-12-05,5,2025-12-05 05:00:00,0.03214,False
Línea 2,2025-12-05,6,2025-12-05 06:00:00,0.02156,False
Línea 2,2025-12-05,7,2025-12-05 07:00:00,0.01857,False
Línea 2,2025-12-05,8,2025-12-05 08:00:00,0.03161,False
Línea 2,2025-12-05,9,2025-12-05 09:00:00,0.03906,False
Línea 2,2025-12-05,10,2025-12-05 10:00:00,0.03196,False
Línea 2,2025-12-05,11,2025-12-05 11:00:00,0.03736,False
Línea 2,2025-12-05,12,2025-12-05 12:00:00,0.02919,False
Línea 2,2025-12-05,13,2025-12-05 13:00:00,0.04262,False
Línea 2,2025-12-05,14,2025-12-05 14:00:00,0.03935,False
Línea 2,2025-12-05,15,2025-12-05 15:00:00,0.03429,False
Línea 2,2025-12-05,16,2025-12-05 16:00:00,0.03353,False
Línea 2,2025-12-05,17,2025-12-05 17:00:00,0.02222,False
Línea 2,2025-12-05,18,2025-12-05 18:00:00,0.02042,False
Línea 2,2025-12-05,19,2025-12-05 19:00:00,0.02571,False
Línea 2,2025-12-05,20,2025-12-05 20:00:00,0.0276,False
Línea 2,2025-12-05,21,2025-12-05 21:00:00,0.02624,False
Línea 2,2025-12-05,22,2025-12-05 22:00:00,0.01941,False
Línea 2,2025-12-05,23,2025-12-05 23:00:00,0.02526,False
Línea 2,2025-12-06,0,2025-12-06 00:00:00,0.01886,False
Línea 2,2025-12-06,1,2025-12-06 01:00:00,0.01008,False
Línea 2,2025-12-06,2,2025-12-06 02:00:00,0.01327,False
Línea 2,2025-12-06,3,2025-12-06 03:00:00,0.01143,False
Línea 2,2025-12-06,4,2025-12-06 04:00:00,0.01358,False
Línea 2,2025-12-06,5,2025-12-06 05:00:00,0.01728,False
Línea 2,2025-12-06,6,2025-12-06 06:00:00,0.02856,False
Línea 2,2025-12-06,7,2025-12-06 07:00:00,0.0259,False
Línea 2,2025-12-06,8,2025-12-06 08:00:00,0.02729,False
Línea 2,2025-12-06,9,2025-12-06 09:00:00,0.02127,False
Línea 2,2025-12-06,10,2025-12-06 10:00:00,0.01988,False
Línea 2,2025-12-06,11,2025-12-06 11:00:00,0.0284,False
Línea 2,2025-12-06,12,2025-12-06 12:00:00,0.0338,False
Línea 2,2025-12-06,13,2025-12-06 13:00:00,0.03641,False
Línea 2,2025-12-06,14,2025-12-06 14:00:00,0.01055,False
Línea 2,2025-12-06,15,2025-12-06 15:00:00,0.03867,False
Línea 2,2025-12-06,16,2025-12-06 16:00:00,0.02484,False
Línea 2,2025-12-06,17,2025-12-06 17:00:00,0.02586,False
Línea 2,2025-12-06,18,2025-12-06 18:00:00,0.0079,False
Línea 2,2025-12-06,19,2025-12-06 19:00:00,0.01485,False
Línea 2,2025-12-06,20,2025-12-06 20:00:00,0.01927,False
Línea 2,2025-12-06,21,2025-12-06 21:00:00,0.00563,False
Línea 2,2025-12-06,22,2025-12-06 22:00:00,-0.00592,False
Línea 2,2025-12-06,23,2025-12-06 23:00:00,0.01262,False
Línea 2,2025-12-07,0,2025-12-07 00:00:00,-0.00265,False
Línea 2,2025-12-07,1,2025-12-07 01:00:00,0.00657,False
Línea 2,2025-12-07,2,2025-12-07 02:00:00,-0.00224,False
Línea 2,2025-12-07,3,2025-12-07 03:00:00,-0.00053,False
Línea 2,2025-12-07,4,2025-12-07 04:00:00,0.00583,False
Línea 2,2025-12-07,5,2025-12-07 05:00:00,0.00978,False
Línea 2,2025-12-07,6,2025-12-07 06:00:00,0.0014,False
Línea 2,2025-12-07,7,2025-12-07 07:00:00,0.01339,False
Línea 2,2025-12-07,8,2025-12-07 08:00:00,0.00652,False
Línea 2,2025-12-07,9,2025-12-07 09:00:00,0.0114,False
Línea 2,2025-12-07,10,2025-12-07 10:00:00,0.0166,False
Línea 2,2025-12-07,11,2025-12-07 11:00:00,0.01845,False
Línea 2,2025-12-07,12,2025-12-07 12:00:00,0.01556,False
Línea 2,2025-12-07,13,2025-12-07 13:00:00,0.00689,False
Línea 2,2025-12-07,14,2025-12-07 14:00:00,0.00135,False
Línea 2,2025-12-07,15,2025-12-07 15:00:00,0.01018,False
Línea 2,2025-12-07,16,2025-12-07 16:00:00,0.01548,False
Línea 2,2025-12-07,17,2025-12-07 17:00:00,0.01042,False
Línea 2,2025-12-07,18,2025-12-07 18:00:00,0.0071,False
Línea 2,2025-12-07,19,2025-12-07 19:00:00,0.00353,False
Línea 2,2025-12-07,20,2025-12-07 20:00:00,0.0035,False
Línea 2,2025-12-07,21,2025-12-07 21:00:00,-0.00597,False
Línea 2,2025-12-07,22,2025-12-07 22:00:00,0.0034,False
Línea 2,2025-12-07,23,2025-12-07 23:00:00,0.003,False
Línea 2,2025-12-08,0,2025-12-08 00:00:00,-0.01013,False
Línea 2,2025-12-08,1,2025-12-08 01:00:00,-0.00511,False
Línea 2,2025-12-08,2,2025-12-08 02:00:00,-0.01723,False
Línea 2,2025-12-08,3,2025-12-08 03:00:00,-0.00458,False
Línea 2,2025-12-08,4,2025-12-08 04:00:00,-0.0048,False
Línea 2,2025-12-08,5,2025-12-08 05:00:00,0.00548,False
Línea 2,2025-12-08,6,2025-12-08 06:00:00,-0.00119,False
Línea 2,2025-12-08,7,2025-12-08 07:00:00,0.00728,False
Línea 2,2025-12-08,8,2025-12-08 08:00:00,0.00165,False
Línea 2,2025-12-08,9,2025-12-08 09:00:00,-0.00806,False
Línea 2,2025-12-08,10,2025-12-08 10:00:00,0.00557,False
Línea 2,2025-12-08,11,2025-12-08 11:00:00,0.00891,False
Línea 2,2025-12-08,12,2025-12-08 12:00:00,0.00891,False
Línea 2,2025-12-08,13,2025-12-08 13:00:00,0.00872,False
Línea 2,2025-12-08,14,2025-12-08 14:00:00,0.00389,False
Línea 2,2025-12-08,15,2025-12-08 15:00:00,0.00371,False
Línea 2,2025-12-08,16,2025-12-08 16:00:00,-0.00276,False
Línea 2,2025-12-08,17,2025-12-08 17:00:00,-0.00991,False
Línea 2,2025-12-08,18,2025-12-08 18:00:00,-0.00064,False
Línea 2,2025-12-08,19,2025-12-08 19:00:00,-0.00654,False
Línea 2,2025-12-08,20,2025-12-08 20:00:00,0.00248,False
Línea 2,2025-12-08,21,2025-12-08 21:00:00,-0.01875,False
Línea 2,2025-12-08,22,2025-12-08 22:00:00,-0.00518,False
Línea 2,2025-12-08,23,2025-12-08 23:00:00,0.005,False
Línea 2,2025-12-09,0,2025-12-09 00:00:00,-0.00345,False
Línea 2,2025-12-09,1,2025-12-09 01:00:00,-0.0021,False
Línea 2,2025-12-09,2,2025-12-09 02:00:00,0.00128,False
Línea 2,2025-12-09,3,2025-12-09 03:00:00,0.00302,False
Línea 2,2025-12-09,4,2025-12-09 04:00:00,-0.0008,False
Línea 2,2025-12-09,5,2025-12-09 05:00:00,-0.00247,False
Línea 2,2025-12-09,6,2025-12-09 06:00:00,0.00956,False
Línea 2,2025-12-09,7,2025-12-09 07:00:00,-0.00373,False
Línea 2,2025-12-09,8,2025-12-09 08:00:00,0.01464,False
Línea 2,2025-12-09,9,2025-12-09 09:00:00,0.00895,False
Línea 2,2025-12-09,10,2025-12-09 10:00:00,0.01259,False
Línea 2,2025-12-09,11,2025-12-09 11:00:00,0.01022,False
Línea 2,2025-12-09,12,2025-12-09 12:00:00,0.02223,False
Línea 2,2025-12-09,13,2025-12-09 13:00:00,0.01487,False
Línea 2,2025-12-09,14,2025-12-09 14:00:00,0.01065,False
Línea 2,2025-12-09,15,2025-12-09 15:00:00,0.00921,False
Línea 2,2025-12-09,16,2025-12-09 16:00:00,0.00876,False
Línea 2,2025-12-09,17,2025-12-09 17:00:00,0.0221,False
Línea 2,2025-12-09,18,2025-12-09 18:00:00,-0.00225,False
Línea 2,2025-12-09,19,2025-12-09 19:00:00,0.01007,False
Línea 2,2025-12-09,20,2025-12-09 20:00:00,0.00506,False
Línea 2,2025-12-09,21,2025-12-09 21:00:00,0.00923,False
Línea 2,2025-12-09,22,2025-12-09 22:00:00,0.00249,False
Línea 2,2025-12-09,23,2025-12-09 23:00:00,-0.00206,False
Línea 2,2025-12-10,0,2025-12-10 00:00:00,0.01646,False
Línea 2,2025-12-10,1,2025-12-10 01:00:00,0.01199,False
Línea 2,2025-12-10,2,2025-12-10 02:00:00,0.01594,False
Línea 2,2025-12-10,3,2025-12-10 03:00:00,0.02125,False
Línea 2,2025-12-10,4,2025-12-10 04:00:00,0.01489,False
Línea 2,2025-12-10,5,2025-12-10 05:00:00,0.01372,False
Línea 2,2025-12-10,6,2025-12-10 06:00:00,0.01447,False
Línea 2,2025-12-10,7,2025-12-10 07:00:00,0.02311,False
Línea 2,2025-12-10,8,2025-12-10 08:00:00,0.01707,False
Línea 2,2025-12-10,9,2025-12-10 09:00:00,0.0219,False
Línea 2,2025-12-10,10,2025-12-10 10:00:00,0.01946,False
Línea 2,2025-12-10,11,2025-12-10 11:00:00,0.02912,False
Línea 2,2025-12-10,12,2025-12-10 12:00:00,0.02182,False
Línea 2,2025-12-10,13,2025-12-10 13:00:00,0.01834,False
Línea 2,2025-12-10,14,2025-12-10 14:00:00,0.0186,False
Línea 2,2025-12-10,15,2025-12-10 15:00:00,0.02057,False
Línea 2,2025-12-10,16,2025-12-10 16:00:00,0.01946,False
Línea 2,2025-12-10,17,2025-12-10 17:00:00,0.02192,False
Línea 2,2025-12-10,18,2025-12-10 18:00:00,0.01737,False
Línea 2,2025-12-10,19,2025-12-10 19:00:00,0.01849,False
Línea 2,2025-12-10,20,2025-12-10 20:00:00,0.01704,False
Línea 2,2025-12-10,21,2025-12-10 21:00:00,0.01712,False
Línea 2,2025-12-10,22,2025-12-10 22:00:00,-4e-05,False
Línea 2,2025-12-10,23,2025-12-10 23:00:00,0.00385,False
Línea 2,2025-12-11,0,2025-12-11 00:00:00,0.02384,False
Línea 2,2025-12-11,1,2025-12-11 01:00:00,0.02206,False
Línea 2,2025-12-11,2,2025-12-11 02:00:00,0.02745,False
Línea 2,2025-12-11,3,2025-12-11 03:00:00,0.01359,False
Línea 2,2025-12-11,4,2025-12-11 04:00:00,0.02166,False
Línea 2,2025-12-11,5,2025-12-11 05:00:00,0.02467,False
Línea 2,2025-12-11,6,2025-12-11 06:00:00,0.02951,False
Línea 2,2025-12-11,7,2025-12-11 07:00:00,0.0308,False
Línea 2,2025-12-11,8,2025-12-11 08:00:00,0.03533,False
Línea 2,2025-12-11,9,2025-12-11 09:00:00,0.03348,False
Línea 2,2025-12-11,10,2025-12-11 10:00:00,0.04368,False
Línea 2,2025-12-11,11,2025-12-11 11:00:00,0.04639,False
Línea 2,2025-12-11,12,2025-12-11 12:00:00,0.02981,False
Línea 2,2025-12-11,13,2025-12-11 13:00:00,0.03651,False
Línea 2,2025-12-11,14,2025-12-11 14:00:00,0.04023,False
Línea 2,2025-12-11,15,2025-12-11 15:00:00,0.03768,False
Línea 2,2025-12-11,16,2025-12-11 16:00:00,0.03007,False
Línea 2,2025-12-11,17,2025-12-11 17:00:00,0.03211,False
Línea 2,2025-12-11,18,2025-12-11 18:00:00,0.01901,False
Línea 2,2025-12-11,19,2025-12-11 19:00:00,0.02633,False
Línea 2,2025-12-11,20,2025-12-11 20:00:00,0.01575,False
Línea 2,2025-12-11,21,2025-12-11 21:00:00,0.02591,False
Línea 2,2025-12-11,22,2025-12-11 22:00:00,0.01489,False
Línea 2,2025-12-11,23,2025-12-11 23:00:00,0.02177,False
Línea 2,2025-12-12,0,2025-12-12 00:00:00,0.02243,False
Línea 2,2025-12-12,1,2025-12-12 01:00:00,0.02124,False
Línea 2,2025-12-12,2,2025-12-12 02:00:00,0.01779,False
Línea 2,2025-12-12,3,2025-12-12 03:00:00,0.0216,False
Línea 2,2025-12-12,4,2025-12-12 04:00:00,0.0316,False
Línea 2,2025-12-12,5,2025-12-12 05:00:00,0.0239,False
Línea 2,2025-12-12,6,2025-12-12 06:00:00,0.02864,False
Línea 2,2025-12-12,7,2025-12-12 07:00:00,0.02724,False
Línea 2,2025-12-12,8,2025-12-12 08:00:00,0.03864,False
Línea 2,2025-12-12,9,2025-12-12 09:00:00,0.03464,False
Línea 2,2025-12-12,10,2025-12-12 10:00:00,0.03086,False
Línea 2,2025-12-12,11,2025-12-12 11:00:00,0.03628,False
Línea 2,2025-12-12,12,2025-12-12 12:00:00,0.03507,False
Línea 2,2025-12-12,13,2025-12-12 13:00:00,0.0446,False
Línea 2,2025-12-12,14,2025-12-12 14:00:00,0.03517,False
Línea 2,2025-12-12,15,2025-12-12 15:00:00,0.02587,False
Línea 2,2025-12-12,16,2025-12-12 16:00:00,0.03551,False
Línea 2,2025-12-12,17,2025-12-12 17:00:00,0.0413,False
Línea 2,2025-12-12,18,2025-12-12 18:00:00,0.0357,False
Línea 2,2025-12-12,19,2025-12-12 19:00:00,0.01983,False
Línea 2,2025-12-12,20,2025-12-12 20:00:00,0.0229,False
Línea 2,2025-12-12,21,2025-12-12 21:00:00,0.02267,False
Línea 2,2025-12-12,22,2025-12-12 22:00:00,0.02148,False
Línea 2,2025-12-12,23,2025-12-12 23:00:00,0.02307,False
Línea 2,2025-12-13,0,2025-12-13 00:00:00,0.00827,False
Línea 2,2025-12-13,1,2025-12-13 01:00:00,0.00512,False
Línea 2,2025-12-13,2,2025-12-13 02:00:00,0.01712,False
Línea 2,2025-12-13,3,2025-12-13 03:00:00,0.00594,False
Línea 2,2025-12-13,4,2025-12-13 04:00:00,0.00953,False
Línea 2,2025-12-13,5,2025-12-13 05:00:00,0.00949,False
Línea 2,2025-12-13,6,2025-12-13 06:00:00,0.02201,False
Línea 2,2025-12-13,7,2025-12-13 07:00:00,0.02105,False
Línea 2,2025-12-13,8,2025-12-13 08:00:00,0.02764,False
Línea 2,2025-12-13,9,2025-12-13 09:00:00,0.01928,False
Línea 2,2025-12-13,10,2025-12-13 10:00:00,0.01775,False
Línea 2,2025-12-13,11,2025-12-13 11:00:00,0.0234,False
Línea 2,2025-12-13,12,2025-12-13 12:00:00,0.02524,False
Línea 2,2025-12-13,13,2025-12-13 13:00:00,0.02732,False
Línea 2,2025-12-13,14,2025-12-13 14:00:00,0.01517,False
Línea 2,2025-12-13,15,2025-12-13 15:00:00,0.02687,False
Línea 2,2025-12-13,16,2025-12-13 16:00:00,0.01697,False
Línea 2,2025-12-13,17,2025-12-13 17:00:00,0.01652,False
Línea 2,2025-12-13,18,2025-12-13 18:00:00,0.02538,False
Línea 2,2025-12-13,19,2025-12-13 19:00:00,0.00317,False
Línea 2,2025-12-13,20,2025-12-13 20:00:00,0.01627,False
Línea 2,2025-12-13,21,2025-12-13 21:00:00,0.01459,False
Línea 2,2025-12-13,22,2025-12-13 22:00:00,0.0065,False
Línea 2,2025-12-13,23,2025-12-13 23:00:00,0.00793,False
Línea 2,2025-12-14,0,2025-12-14 00:00:00,0.00497,False
Línea 2,2025-12-14,1,2025-12-14 01:00:00,0.0097,False
Línea 2,2025-12-14,2,2025-12-14 02:00:00,0.00511,False
Línea 2,2025-12-14,3,2025-12-14 03:00:00,0.01131,False
Línea 2,2025-12-14,4,2025-12-14 04:00:00,-0.0025,False
Línea 2,2025-12-14,5,2025-12-14 05:00:00,-0.0059,False
Línea 2,2025-12-14,6,2025-12-14 06:00:00,0.00533,False
Línea 2,2025-12-14,7,2025-12-14 07:00:00,0.01255,False
Línea 2,2025-12-14,8,2025-12-14 08:00:00,-0.00148,False
Línea 2,2025-12-14,9,2025-12-14 09:00:00,0.00575,False
Línea 2,2025-12-14,10,2025-12-14 10:00:00,0.00768,False
Línea 2,2025-12-14,11,2025-12-14 11:00:00,0.01551,False
Línea 2,2025-12-14,12,2025-12-14 12:00:00,0.01501,False
Línea 2,2025-12-14,13,2025-12-14 13:00:00,0.00872,False
Línea 2,2025-12-14,14,2025-12-14 14:00:00,0.01365,False
Línea 2,2025-12-14,15,2025-12-14 15:00:00,0.00444,False
Línea 2,2025-12-14,16,2025-12-14 16:00:00,0.00709,False
Línea 2,2025-12-14,17,2025-12-14 17:00:00,0.00013,False
Línea 2,2025-12-14,18,2025-12-14 18:00:00,0.00475,False
Línea 2,2025-12-14,19,2025-12-14 19:00:00,-0.00123,False
Línea 2,2025-12-14,20,2025-12-14 20:00:00,0.00579,False
Línea 2,2025-12-14,21,2025-12-14 21:00:00,-0.00017,False
Línea 2,2025-12-14,22,2025-12-14 22:00:00,-0.00264,False
Línea 2,2025-12-14,23,2025-12-14 23:00:00,0.00853,False
Línea 2,2025-12-15,0,2025-12-15 00:00:00,-0.0057,False
Línea 2,2025-12-15,1,2025-12-15 01:00:00,-0.00994,False
Línea 2,2025-12-15,2,2025-12-15 02:00:00,-0.01043,False
Línea 2,2025-12-15,3,2025-12-15 03:00:00,-0.01274,False
Línea 2,2025-12-15,4,2025-12-15 04:00:00,-0.0044,False
Línea 2,2025-12-15,5,2025-12-15 05:00:00,-0.00022,False
Línea 2,2025-12-15,6,2025-12-15 06:00:00,-0.01149,False
Línea 2,2025-12-15,7,2025-12-15 07:00:00,-0.00611,False
Línea 2,2025-12-15,8,2025-12-15 08:00:00,0.0009,False
Línea 2,2025-12-15,9,2025-12-15 09:00:00,-0.00093,False
Línea 2,2025-12-15,10,2025-12-15 10:00:00,0.00719,False
Línea 2,2025-12-15,11,2025-12-15 11:00:00,0.00882,False
Línea 2,2025-12-15,12,2025-12-15 12:00:00,0.00727,False
Línea 2,2025-12-15,13,2025-12-15 13:00:00,0.01103,False
Línea 2,2025-12-15,14,2025-12-15 14:00:00,0.00342,False
Línea 2,2025-12-15,15,2025-12-15 15:00:00,0.00538,False
Línea 2,2025-12-15,16,2025-12-15 16:00:00,-0.00202,False
Línea 2,2025-12-15,17,2025-12-15 17:00:00,0.00378,False
Línea 2,2025-12-15,18,2025-12-15 18:00:00,0.00046,False
Línea 2,2025-12-15,19,2025-12-15 19:00:00,-0.00926,False
Línea 2,2025-12-15,20,2025-12-15 20:00:00,-0.00493,False
Línea 2,2025-12-15,21,2025-12-15 21:00:00,-0.00588,False
Línea 2,2025-12-15,22,2025-12-15 22:00:00,-0.00524,False
Línea 2,2025-12-15,23,2025-12-15 23:00:00,-0.00582,False
Línea 2,2025-12-16,0,2025-12-16 00:00:00,-0.00668,False
Línea 2,2025-12-16,1,2025-12-16 01:00:00,0.0025,False
Línea 2,2025-12-16,2,2025-12-16 02:00:00,0.00186,False
Línea 2,2025-12-16,3,2025-12-16 03:00:00,-0.00436,False
Línea 2,2025-12-16,4,2025-12-16 04:00:00,-0.00521,False
Línea 2,2025-12-16,5,2025-12-16 05:00:00,-0.00031,False
Línea 2,2025-12-16,6,2025-12-16 06:00:00,-0.00318,False
Línea 2,2025-12-16,7,2025-12-16 07:00:00,0.00897,False
Línea 2,2025-12-16,8,2025-12-16 08:00:00,0.01675,False
Línea 2,2025-12-16,9,2025-12-16 09:00:00,0.01983,False
Línea 2,2025-12-16,10,2025-12-16 10:00:00,0.00604,False
Línea 2,2025-12-16,11,2025-12-16 11:00:00,0.0181,False
Línea 2,2025-12-16,12,2025-12-16 12:00:00,0.01415,False
Línea 2,2025-12-16,13,2025-12-16 13:00:00,-0.001,False
Línea 2,2025-12-16,14,2025-12-16 14:00:00,0.01058,False
Línea 2,2025-12-16,15,2025-12-16 15:00:00,0.00864,False
Línea 2,2025-12-16,16,2025-12-16 16:00:00,0.01691,False
Línea 2,2025-12-16,17,2025-12-16 17:00:00,0.00249,False
Línea 2,2025-12-16,18,2025-12-16 18:00:00,0.00903,False
Línea 2,2025-12-16,19,2025-12-16 19:00:00,0.00293,False
Línea 2,2025-12-16,20,2025-12-16 20:00:00,-0.00703,False
Línea 2,2025-12-16,21,2025-12-16 21:00:00,-0.00332,False
Línea 2,2025-12-16,22,2025-12-16 22:00:00,0.00791,False
Línea 2,2025-12-16,23,2025-12-16 23:00:00,-0.00312,False
Línea 2,2025-12-17,0,2025-12-17 00:00:00,0.01577,False
Línea 2,2025-12-17,1,2025-12-17 01:00:00,0.01572,False
Línea 2,2025-12-17,2,2025-12-17 02:00:00,0.00872,False
Línea 2,2025-12-17,3,2025-12-17 03:00:00,0.00498,False
Línea 2,2025-12-17,4,2025-12-17 04:00:00,0.00743,False
Línea 2,2025-12-17,5,2025-12-17 05:00:00,0.02498,False
Línea 2,2025-12-17,6,2025-12-17 06:00:00,0.01925,False
Línea 2,2025-12-17,7,2025-12-17 07:00:00,0.01001,False
Línea 2,2025-12-17,8,2025-12-17 08:00:00,0.02734,False
Línea 2,2025-12-17,9,2025-12-17 09:00:00,0.01327,False
Línea 2,2025-12-17,10,2025-12-17 10:00:00,0.02708,True
Línea 2,2025-12-17,11,2025-12-17 11:00:00,0.05688,True
Línea 2,2025-12-17,12,2025-12-17 12:00:00,0.09146,True
Línea 2,2025-12-17,13,2025-12-17 13:00:00,0.06129,True
Línea 2,2025-12-17,14,2025-12-17 14:00:00,0.02914,True
Línea 2,2025-12-17,15,2025-12-17 15:00:00,0.02416,False
Línea 2,2025-12-17,16,2025-12-17 16:00:00,0.02786,False
Línea 2,2025-12-17,17,2025-12-17 17:00:00,0.02894,False
Línea 2,2025-12-17,18,2025-12-17 18:00:00,0.01685,False
Línea 2,2025-12-17,19,2025-12-17 19:00:00,0.01496,False
Línea 2,2025-12-17,20,2025-12-17 20:00:00,0.00936,False
Línea 2,2025-12-17,21,2025-12-17 21:00:00,0.01667,False
Línea 2,2025-12-17,22,2025-12-17 22:00:00,0.01757,False
Línea 2,2025-12-17,23,2025-12-17 23:00:00,-0.00102,False
Línea 2,2025-12-18,0,2025-12-18 00:00:00,0.01813,False
Línea 2,2025-12-18,1,2025-12-18 01:00:00,0.01351,False
Línea 2,2025-12-18,2,2025-12-18 02:00:00,0.02249,False
Línea 2,2025-12-18,3,2025-12-18 03:00:00,0.01543,False
Línea 2,2025-12-18,4,2025-12-18 04:00:00,0.01659,False
Línea 2,2025-12-18,5,2025-12-18 05:00:00,0.03319,False
Línea 2,2025-12-18,6,2025-12-18 06:00:00,0.02752,False
Línea 2,2025-12-18,7,2025-12-18 07:00:00,0.03023,False
Línea 2,2025-12-18,8,2025-12-18 08:00:00,0.0351,False
Línea 2,2025-12-18,9,2025-12-18 09:00:00,0.04,False
Línea 2,2025-12-18,10,2025-12-18 10:00:00,0.03293,False
Línea 2,2025-12-18,11,2025-12-18 11:00:00,0.03386,False
Línea 2,2025-12-18,12,2025-12-18 12:00:00,0.03416,False
Línea 2,2025-12-18,13,2025-12-18 13:00:00,0.04273,False
Línea 2,2025-12-18,14,2025-12-18 14:00:00,0.03503,False
Línea 2,2025-12-18,15,2025-12-18 15:00:00,0.03242,False
Línea 2,2025-12-18,16,2025-12-18 16:00:00,0.03486,False
Línea 2,2025-12-18,17,2025-12-18 17:00:00,0.04157,False
Línea 2,2025-12-18,18,2025-12-18 18:00:00,0.02896,False
Línea 2,2025-12-18,19,2025-12-18 19:00:00,0.02483,False
Línea 2,2025-12-18,20,2025-12-18 20:00:00,0.03617,False
Línea 2,2025-12-18,21,2025-12-18 21:00:00,0.03084,False
Línea 2,2025-12-18,22,2025-12-18 22:00:00,0.0287,False
Línea 2,2025-12-18,23,2025-12-18 23:00:00,0.01778,False
Línea 2,2025-12-19,0,2025-12-19 00:00:00,0.01692,False
Línea 2,2025-12-19,1,2025-12-19 01:00:00,0.00978,False
Línea 2,2025-12-19,2,2025-12-19 02:00:00,0.02738,False
Línea 2,2025-12-19,3,2025-12-19 03:00:00,0.02332,False
Línea 2,2025-12-19,4,2025-12-19 04:00:00,0.01371,False
Línea 2,2025-12-19,5,2025-12-19 05:00:00,0.03366,False
Línea 2,2025-12-19,6,2025-12-19 06:00:00,0.02649,False
Línea 2,2025-12-19,7,2025-12-19 07:00:00,0.0293,False
Línea 2,2025-12-19,8,2025-12-19 08:00:00,0.02344,False
Línea 2,2025-12-19,9,2025-12-19 09:00:00,0.03712,False
Línea 2,2025-12-19,10,2025-12-19 10:00:00,0.03845,False
Línea 2,2025-12-19,11,2025-12-19 11:00:00,0.03595,False
Línea 2,2025-12-19,12,2025-12-19 12:00:00,0.03401,False
Línea 2,2025-12-19,13,2025-12-19 13:00:00,0.052,False
Línea 2,2025-12-19,14,2025-12-19 14:00:00,0.02822,False
Línea 2,2025-12-19,15,2025-12-19 15:00:00,0.02984,False
Línea 2,2025-12-19,16,2025-12-19 16:00:00,0.03676,False
Línea 2,2025-12-19,17,2025-12-19 17:00:00,0.0245,False
Línea 2,2025-12-19,18,2025-12-19 18:00:00,0.02199,False
Línea 2,2025-12-19,19,2025-12-19 19:00:00,0.03323,False
Línea 2,2025-12-19,20,2025-12-19 20:00:00,0.02815,False
Línea 2,2025-12-19,21,2025-12-19 21:00:00,0.02576,False
Línea 2,2025-12-19,22,2025-12-19 22:00:00,0.02268,False
Línea 2,2025-12-19,23,2025-12-19 23:00:00,0.01663,False
Línea 2,2025-12-20,0,2025-12-20 00:00:00,0.00882,False
Línea 2,2025-12-20,1,2025-12-20 01:00:00,0.01014,False
Línea 2,2025-12-20,2,2025-12-20 02:00:00,0.01649,False
Línea 2,2025-12-20,3,2025-12-20 03:00:00,0.01524,False
Línea 2,2025-12-20,4,2025-12-20 04:00:00,0.00877,False
Línea 2,2025-12-20,5,2025-12-20 05:00:00,0.021,False
Línea 2,2025-12-20,6,2025-12-20 06:00:00,0.00827,False
Línea 2,2025-12-20,7,2025-12-20 07:00:00,0.01849,False
Línea 2,2025-12-20,8,2025-12-20 08:00:00,0.01549,False
Línea 2,2025-12-20,9,2025-12-20 09:00:00,0.01885,False
Línea 2,2025-12-20,10,2025-12-20 10:00:00,0.03683,False
Línea 2,2025-12-20,11,2025-12-20 11:00:00,0.01724,False
Línea 2,2025-12-20,12,2025-12-20 12:00:00,0.02142,False
Línea 2,2025-12-20,13,2025-12-20 13:00:00,0.02913,False
Línea 2,2025-12-20,14,2025-12-20 14:00:00,0.02245,False
Línea 2,2025-12-20,15,2025-12-20 15:00:00,0.02493,False
Línea 2,2025-12-20,16,2025-12-20 16:00:00,0.03092,False
Línea 2,2025-12-20,17,2025-12-20 17:00:00,0.02434,False
Línea 2,2025-12-20,18,2025-12-20 18:00:00,0.01553,False
Línea 2,2025-12-20,19,2025-12-20 19:00:00,0.01546,False
Línea 2,2025-12-20,20,2025-12-20 20:00:00,0.01752,False
Línea 2,2025-12-20,21,2025-12-20 21:00:00,0.01649,False
Línea 2,2025-12-20,22,2025-12-20 22:00:00,0.01153,False
Línea 2,2025-12-20,23,2025-12-20 23:00:00,0.01277,False
Línea 2,2025-12-21,0,2025-12-21 00:00:00,-0.00018,False
Línea 2,2025-12-21,1,2025-12-21 01:00:00,-0.00263,False
Línea 2,2025-12-21,2,2025-12-21 02:00:00,-0.00491,False
Línea 2,2025-12-21,3,2025-12-21 03:00:00,0.00445,False
Línea 2,2025-12-21,4,2025-12-21 04:00:00,0.0034,False
Línea 2,2025-12-21,5,2025-12-21 05:00:00,-0.00891,False
Línea 2,2025-12-21,6,2025-12-21 06:00:00,0.00069,False
Línea 2,2025-12-21,7,2025-12-21 07:00:00,0.00483,False
Línea 2,2025-12-21,8,2025-12-21 08:00:00,0.00844,False
Línea 2,2025-12-21,9,2025-12-21 09:00:00,0.01853,False
Línea 2,2025-12-21,10,2025-12-21 10:00:00,0.03179,False
Línea 2,2025-12-21,11,2025-12-21 11:00:00,-0.00138,False
Línea 2,2025-12-21,12,2025-12-21 12:00:00,0.01547,False
Línea 2,2025-12-21,13,2025-12-21 13:00:00,0.01379,False
Línea 2,2025-12-21,14,2025-12-21 14:00:00,0.01149,False
Línea 2,2025-12-21,15,2025-12-21 15:00:00,0.01456,False
Línea 2,2025-12-21,16,2025-12-21 16:00:00,0.01055,False
Línea 2,2025-12-21,17,2025-12-21 17:00:00,0.00555,False
Línea 2,2025-12-21,18,2025-12-21 18:00:00,0.00582,False
Línea 2,2025-12-21,19,2025-12-21 19:00:00,0.00692,False
Línea 2,2025-12-21,20,2025-12-21 20:00:00,0.00442,False
Línea 2,2025-12-21,21,2025-12-21 21:00:00,0.00112,False
Línea 2,2025-12-21,22,2025-12-21 22:00:00,-0.00478,False
Línea 2,2025-12-21,23,2025-12-21 23:00:00,0.01484,False
Línea 2,2025-12-22,0,2025-12-22 00:00:00,-0.00584,False
Línea 2,2025-12-22,1,2025-12-22 01:00:00,-0.00315,False
Línea 2,2025-12-22,2,2025-12-22 02:00:00,-0.00998,False
Línea 2,2025-12-22,3,2025-12-22 03:00:00,-0.00452,False
Línea 2,2025-12-22,4,2025-12-22 04:00:00,-0.00291,False
Línea 2,2025-12-22,5,2025-12-22 05:00:00,-0.01354,False
Línea 2,2025-12-22,6,2025-12-22 06:00:00,-0.0043,False
Línea 2,2025-12-22,7,2025-12-22 07:00:00,-0.00234,False
Línea 2,2025-12-22,8,2025-12-22 08:00:00,0.0004,False
Línea 2,2025-12-22,9,2025-12-22 09:00:00,-0.00076,False
Línea 2,2025-12-22,10,2025-12-22 10:00:00,0.00719,False
Línea 2,2025-12-22,11,2025-12-22 11:00:00,0.01611,False
Línea 2,2025-12-22,12,2025-12-22 12:00:00,0.00878,False
Línea 2,2025-12-22,13,2025-12-22 13:00:00,0.00064,False
Línea 2,2025-12-22,14,2025-12-22 14:00:00,0.00074,False
Línea 2,2025-12-22,15,2025-12-22 15:00:00,0.00339,False
Línea 2,2025-12-22,16,2025-12-22 16:00:00,-0.00449,False
Línea 2,2025-12-22,17,2025-12-22 17:00:00,0.0039,False
Línea 2,2025-12-22,18,2025-12-22 18:00:00,0.00812,False
Línea 2,2025-12-22,19,2025-12-22 19:00:00,-0.00553,False
Línea 2,2025-12-22,20,2025-12-22 20:00:00,-0.00354,False
Línea 2,2025-12-22,21,2025-12-22 21:00:00,-0.00823,False
Línea 2,2025-12-22,22,2025-12-22 22:00:00,-0.01071,False
Línea 2,2025-12-22,23,2025-12-22 23:00:00,-0.00659,False
Línea 2,2025-12-23,0,2025-12-23 00:00:00,-0.00633,False
Línea 2,2025-12-23,1,2025-12-23 01:00:00,-0.00693,False
Línea 2,2025-12-23,2,2025-12-23 02:00:00,-0.011,False
Línea 2,2025-12-23,3,2025-12-23 03:00:00,0.00038,False
Línea 2,2025-12-23,4,2025-12-23 04:00:00,0.00805,False
Línea 2,2025-12-23,5,2025-12-23 05:00:00,0.00782,False
Línea 2,2025-12-23,6,2025-12-23 06:00:00,0.0146,False
Línea 2,2025-12-23,7,2025-12-23 07:00:00,0.00367,False
Línea 2,2025-12-23,8,2025-12-23 08:00:00,0.01475,False
Línea 2,2025-12-23,9,2025-12-23 09:00:00,0.00469,False
Línea 2,2025-12-23,10,2025-12-23 10:00:00,0.01683,False
Línea 2,2025-12-23,11,2025-12-23 11:00:00,0.02324,False
Línea 2,2025-12-23,12,2025-12-23 12:00:00,0.01664,False
Línea 2,2025-12-23,13,2025-12-23 13:00:00,0.02335,False
Línea 2,2025-12-23,14,2025-12-23 14:00:00,0.00898,False
Línea 2,2025-12-23,15,2025-12-23 15:00:00,0.0105,False
Línea 2,2025-12-23,16,2025-12-23 16:00:00,0.00415,False
Línea 2,2025-12-23,17,2025-12-23 17:00:00,0.00793,False
Línea 2,2025-12-23,18,2025-12-23 18:00:00,0.00727,False
Línea 2,2025-12-23,19,2025-12-23 19:00:00,0.00373,False
Línea 2,2025-12-23,20,2025-12-23 20:00:00,-0.0012,False
Línea 2,2025-12-23,21,2025-12-23 21:00:00,-0.00295,False
Línea 2,2025-12-23,22,2025-12-23 22:00:00,0.00079,False
Línea 2,2025-12-23,23,2025-12-23 23:00:00,-0.00304,False
Línea 2,2025-12-24,0,2025-12-24 00:00:00,0.00343,False
Línea 2,2025-12-24,1,2025-12-24 01:00:00,-0.00077,False
Línea 2,2025-12-24,2,2025-12-24 02:00:00,0.00784,False
Línea 2,2025-12-24,3,2025-12-24 03:00:00,0.00439,False
Línea 2,2025-12-24,4,2025-12-24 04:00:00,0.00932,False
Línea 2,2025-12-24,5,2025-12-24 05:00:00,0.01373,False
Línea 2,2025-12-24,6,2025-12-24 06:00:00,0.01746,False
Línea 2,2025-12-24,7,2025-12-24 07:00:00,0.01641,False
Línea 2,2025-12-24,8,2025-12-24 08:00:00,0.03549,False
Línea 2,2025-12-24,9,2025-12-24 09:00:00,0.01643,False
Línea 2,2025-12-24,10,2025-12-24 10:00:00,0.03252,False
Línea 2,2025-12-24,11,2025-12-24 11:00:00,0.02509,False
Línea 2,2025-12-24,12,2025-12-24 12:00:00,0.02239,False
Línea 2,2025-12-24,13,2025-12-24 13:00:00,0.02959,False
Línea 2,2025-12-24,14,2025-12-24 14:00:00,0.02255,False
Línea 2,2025-12-24,15,2025-12-24 15:00:00,0.01915,False
Línea 2,2025-12-24,16,2025-12-24 16:00:00,0.03308,False
Línea 2,2025-12-24,17,2025-12-24 17:00:00,0.00724,False
Línea 2,2025-12-24,18,2025-12-24 18:00:00,0.01687,False
Línea 2,2025-12-24,19,2025-12-24 19:00:00,0.01741,False
Línea 2,2025-12-24,20,2025-12-24 20:00:00,0.02279,False
Línea 2,2025-12-24,21,2025-12-24 21:00:00,0.01029,False
Línea 2,2025-12-24,22,2025-12-24 22:00:00,0.02738,False
Línea 2,2025-12-24,23,2025-12-24 23:00:00,0.01517,False
Línea 2,2025-12-25,0,2025-12-25 00:00:00,0.00631,False
Línea 2,2025-12-25,1,2025-12-25 01:00:00,0.01207,False
Línea 2,2025-12-25,2,2025-12-25 02:00:00,0.02301,False
Línea 2,2025-12-25,3,2025-12-25 03:00:00,0.01599,False
Línea 2,2025-12-25,4,2025-12-25 04:00:00,0.0278,False
Línea 2,2025-12-25,5,2025-12-25 05:00:00,0.02372,False
Línea 2,2025-12-25,6,2025-12-25 06:00:00,0.02134,False
Línea 2,2025-12-25,7,2025-12-25 07:00:00,0.0248,False
Línea 2,2025-12-25,8,2025-12-25 08:00:00,0.03763,False
Línea 2,2025-12-25,9,2025-12-25 09:00:00,0.02203,False
Línea 2,2025-12-25,10,2025-12-25 10:00:00,0.04171,False
Línea 2,2025-12-25,11,2025-12-25 11:00:00,0.04269,False
Línea 2,2025-12-25,12,2025-12-25 12:00:00,0.03453,False
Línea 2,2025-12-25,13,2025-12-25 13:00:00,0.02782,False
Línea 2,2025-12-25,14,2025-12-25 14:00:00,0.03878,False
Línea 2,2025-12-25,15,2025-12-25 15:00:00,0.03125,False
Línea 2,2025-12-25,16,2025-12-25 16:00:00,0.02342,False
Línea 2,2025-12-25,17,2025-12-25 17:00:00,0.04204,False
Línea 2,2025-12-25,18,2025-12-25 18:00:00,0.02321,False
Línea 2,2025-12-25,19,2025-12-25 19:00:00,0.01761,False
Línea 2,2025-12-25,20,2025-12-25 20:00:00,0.02622,False
Línea 2,2025-12-25,21,2025-12-25 21:00:00,0.02245,False
Línea 2,2025-12-25,22,2025-12-25 22:00:00,0.0305,False
Línea 2,2025-12-25,23,2025-12-25 23:00:00,0.0185,False
Línea 2,2025-12-26,0,2025-12-26 00:00:00,0.01829,False
Línea 2,2025-12-26,1,2025-12-26 01:00:00,0.0228,False
Línea 2,2025-12-26,2,2025-12-26 02:00:00,0.02278,False
Línea 2,2025-12-26,3,2025-12-26 03:00:00,0.02424,False
Línea 2,2025-12-26,4,2025-12-26 04:00:00,0.02615,False
Línea 2,2025-12-26,5,2025-12-26 05:00:00,0.02743,False
Línea 2,2025-12-26,6,2025-12-26 06:00:00,0.02602,False
Línea 2,2025-12-26,7,2025-12-26 07:00:00,0.03558,False
Línea 2,2025-12-26,8,2025-12-26 08:00:00,0.03036,False
Línea 2,2025-12-26,9,2025-12-26 09:00:00,0.039,False
Línea 2,2025-12-26,10,2025-12-26 10:00:00,0.04377,False
Línea 2,2025-12-26,11,2025-12-26 11:00:00,0.03218,False
Línea 2,2025-12-26,12,2025-12-26 12:00:00,0.05094,False
Línea 2,2025-12-26,13,2025-12-26 13:00:00,0.03197,False
Línea 2,2025-12-26,14,2025-12-26 14:00:00,0.03121,False
Línea 2,2025-12-26,15,2025-12-26 15:00:00,0.03741,False
Línea 2,2025-12-26,16,2025-12-26 16:00:00,0.03516,False
Línea 2,2025-12-26,17,2025-12-26 17:00:00,0.03102,False
Línea 2,2025-12-26,18,2025-12-26 18:00:00,0.03342,False
Línea 2,2025-12-26,19,2025-12-26 19:00:00,0.02796,False
Línea 2,2025-12-26,20,2025-12-26 20:00:00,0.03691,False
Línea 2,2025-12-26,21,2025-12-26 21:00:00,0.02254,False
Línea 2,2025-12-26,22,2025-12-26 22:00:00,0.01646,False
Línea 2,2025-12-26,23,2025-12-26 23:00:00,0.01748,False
Línea 2,2025-12-27,0,2025-12-27 00:00:00,0.01317,False
Línea 2,2025-12-27,1,2025-12-27 01:00:00,0.01353,False
Línea 2,2025-12-27,2,2025-12-27 02:00:00,0.01265,False
Línea 2,2025-12-27,3,2025-12-27 03:00:00,0.00758,False
Línea 2,2025-12-27,4,2025-12-27 04:00:00,0.02099,False
Línea 2,2025-12-27,5,2025-12-27 05:00:00,0.02789,False
Línea 2,2025-12-27,6,2025-12-27 06:00:00,0.01851,False
Línea 2,2025-12-27,7,2025-12-27 07:00:00,0.03127,False
Línea 2,2025-12-27,8,2025-12-27 08:00:00,0.02754,False
Línea 2,2025-12-27,9,2025-12-27 09:00:00,0.03731,False
Línea 2,2025-12-27,10,2025-12-27 10:00:00,0.0281,False
Línea 2,2025-12-27,11,2025-12-27 11:00:00,0.02688,False
Línea 2,2025-12-27,12,2025-12-27 12:00:00,0.03139,False
Línea 2,2025-12-27,13,2025-12-27 13:00:00,0.02346,False
Línea 2,2025-12-27,14,2025-12-27 14:00:00,0.02771,False
Línea 2,2025-12-27,15,2025-12-27 15:00:00,0.03198,False
Línea 2,2025-12-27,16,2025-12-27 16:00:00,0.02725,False
Línea 2,2025-12-27,17,2025-12-27 17:00:00,0.02022,False
Línea 2,2025-12-27,18,2025-12-27 18:00:00,0.01954,False
Línea 2,2025-12-27,19,2025-12-27 19:00:00,0.02081,False
Línea 2,2025-12-27,20,2025-12-27 20:00:00,0.01868,False
Línea 2,2025-12-27,21,2025-12-27 21:00:00,0.01718,False
Línea 2,2025-12-27,22,2025-12-27 22:00:00,0.01345,False
Línea 2,2025-12-27,23,2025-12-27 23:00:00,0.00566,False
Línea 2,2025-12-28,0,2025-12-28 00:00:00,-0.00634,False
Línea 2,2025-12-28,1,2025-12-28 01:00:00,0.00069,False
Línea 2,2025-12-28,2,2025-12-28 02:00:00,0.00371,False
Línea 2,2025-12-28,3,2025-12-28 03:00:00,0.0042,False
Línea 2,2025-12-28,4,2025-12-28 04:00:00,-0.0024,False
Línea 2,2025-12-28,5,2025-12-28 05:00:00,0.00267,False
Línea 2,2025-12-28,6,2025-12-28 06:00:00,-0.0014,False
Línea 2,2025-12-28,7,2025-12-28 07:00:00,-0.00063,False
Línea 2,2025-12-28,8,2025-12-28 08:00:00,0.01014,False
Línea 2,2025-12-28,9,2025-12-28 09:00:00,0.01945,False
Línea 2,2025-12-28,10,2025-12-28 10:00:00,0.01317,False
Línea 2,2025-12-28,11,2025-12-28 11:00:00,0.02482,False
Línea 2,2025-12-28,12,2025-12-28 12:00:00,0.01266,False
Línea 2,2025-12-28,13,2025-12-28 13:00:00,0.01356,False
Línea 2,2025-12-28,14,2025-12-28 14:00:00,0.00663,False
Línea 2,2025-12-28,15,2025-12-28 15:00:00,0.00922,False
Línea 2,2025-12-28,16,2025-12-28 16:00:00,0.00251,False
Línea 2,2025-12-28,17,2025-12-28 17:00:00,-0.00155,False
Línea 2,2025-12-28,18,2025-12-28 18:00:00,-0.00139,False
Línea 2,2025-12-28,19,2025-12-28 19:00:00,0.00409,False
Línea 2,2025-12-28,20,2025-12-28 20:00:00,-0.00277,False
Línea 2,2025-12-28,21,2025-12-28 21:00:00,-0.00301,False
Línea 2,2025-12-28,22,2025-12-28 22:00:00,0.00118,False
Línea 2,2025-12-28,23,2025-12-28 23:00:00,-0.01137,False
Línea 2,2025-12-29,0,2025-12-29 00:00:00,-0.00751,False
Línea 2,2025-12-29,1,2025-12-29 01:00:00,-0.00264,False
Línea 2,2025-12-29,2,2025-12-29 02:00:00,-0.00132,False
Línea 2,2025-12-29,3,2025-12-29 03:00:00,-0.00256,False
Línea 2,2025-12-29,4,2025-12-29 04:00:00,-0.00431,False
Línea 2,2025-12-29,5,2025-12-29 05:00:00,-0.00581,False
Línea 2,2025-12-29,6,2025-12-29 06:00:00,-0.00049,False
Línea 2,2025-12-29,7,2025-12-29 07:00:00,0.01199,False
Línea 2,2025-12-29,8,2025-12-29 08:00:00,0.00564,False
Línea 2,2025-12-29,9,2025-12-29 09:00:00,0.00502,False
Línea 2,2025-12-29,10,2025-12-29 10:00:00,0.01031,False
Línea 2,2025-12-29,11,2025-12-29 11:00:00,0.00803,False
Línea 2,2025-12-29,12,2025-12-29 12:00:00,0.00935,False
Línea 2,2025-12-29,13,2025-12-29 13:00:00,0.00625,False
Línea 2,2025-12-29,14,2025-12-29 14:00:00,0.00444,False
Línea 2,2025-12-29,15,2025-12-29 15:00:00,0.01163,False
Línea 2,2025-12-29,16,2025-12-29 16:00:00,-0.0077,False
Línea 2,2025-12-29,17,2025-12-29 17:00:00,0.00494,False
Línea 2,2025-12-29,18,2025-12-29 18:00:00,-0.00286,False
Línea 2,2025-12-29,19,2025-12-29 19:00:00,-0.0135,False
Línea 2,2025-12-29,20,2025-12-29 20:00:00,-0.00985,False
Línea 2,2025-12-29,21,2025-12-29 21:00:00,-0.00587,False
Línea 2,2025-12-29,22,2025-12-29 22:00:00,-0.00632,False
Línea 2,2025-12-29,23,2025-12-29 23:00:00,-0.00329,False
Línea 2,2025-12-30,0,2025-12-30 00:00:00,0.0025,False
Línea 2,2025-12-30,1,2025-12-30 01:00:00,-0.01136,False
Línea 2,2025-12-30,2,2025-12-30 02:00:00,0.00098,False
Línea 2,2025-12-30,3,2025-12-30 03:00:00,0.00436,False
Línea 2,2025-12-30,4,2025-12-30 04:00:00,0.00296,False
Línea 2,2025-12-30,5,2025-12-30 05:00:00,0.00659,False
Línea 2,2025-12-30,6,2025-12-30 06:00:00,-0.00595,False
Línea 2,2025-12-30,7,2025-12-30 07:00:00,0.00178,False
Línea 2,2025-12-30,8,2025-12-30 08:00:00,0.01784,False
Línea 2,2025-12-30,9,2025-12-30 09:00:00,0.00963,False
Línea 2,2025-12-30,10,2025-12-30 10:00:00,0.02591,False
Línea 2,2025-12-30,11,2025-12-30 11:00:00,0.0057,False
Línea 2,2025-12-30,12,2025-12-30 12:00:00,0.02303,False
Línea 2,2025-12-30,13,2025-12-30 13:00:00,0.00971,False
Línea 2,2025-12-30,14,2025-12-30 14:00:00,0.01775,False
Línea 2,2025-12-30,15,2025-12-30 15:00:00,0.00953,False
Línea 2,2025-12-30,16,2025-12-30 16:00:00,0.01034,False
Línea 2,2025-12-30,17,2025-12-30 17:00:00,0.01129,False
Línea 2,2025-12-30,18,2025-12-30 18:00:00,0.00197,False
Línea 2,2025-12-30,19,2025-12-30 19:00:00,0.00838,False
Línea 2,2025-12-30,20,2025-12-30 20:00:00,5e-05,False
Línea 2,2025-12-30,21,2025-12-30 21:00:00,0.00106,False
Línea 2,2025-12-30,22,2025-12-30 22:00:00,-0.01715,False
Línea 2,2025-12-30,23,2025-12-30 23:00:00,-0.0041,False
Línea 2,2025-12-31,0,2025-12-31 00:00:00,0.01792,False
Línea 2,2025-12-31,1,2025-12-31 01:00:00,0.01478,False
Línea 2,2025-12-31,2,2025-12-31 02:00:00,0.01673,False
Línea 2,2025-12-31,3,2025-12-31 03:00:00,0.013,False
Línea 2,2025-12-31,4,2025-12-31 04:00:00,0.0244,False
Línea 2,2025-12-31,5,2025-12-31 05:00:00,0.018,False
Línea 2,2025-12-31,6,2025-12-31 06:00:00,0.01438,False
Línea 2,2025-12-31,7,2025-12-31 07:00:00,0.02554,False
Línea 2,2025-12-31,8,2025-12-31 08:00:00,0.02787,False
Línea 2,2025-12-31,9,2025-12-31 09:00:00,0.02777,False
Línea 2,2025-12-31,10,2025-12-31 10:00:00,0.02285,False
Línea 2,2025-12-31,11,2025-12-31 11:00:00,0.02775,False
Línea 2,2025-12-31,12,2025-12-31 12:00:00,0.0347,False
Línea 2,2025-12-31,13,2025-12-31 13:00:00,0.02893,False
Línea 2,2025-12-31,14,2025-12-31 14:00:00,0.0164,False
Línea 2,2025-12-31,15,2025-12-31 15:00:00,0.02022,False
Línea 2,2025-12-31,16,2025-12-31 16:00:00,0.01829,False
Línea 2,2025-12-31,17,2025-12-31 17:00:00,0.01588,False
Línea 2,2025-12-31,18,2025-12-31 18:00:00,0.00567,False
Línea 2,2025-12-31,19,2025-12-31 19:00:00,0.02761,False
Línea 2,2025-12-31,20,2025-12-31 20:00:00,0.00908,False
Línea 2,2025-12-31,21,2025-12-31 21:00:00,0.00786,False
Línea 2,2025-12-31,22,2025-12-31 22:00:00,-0.00024,False
Línea 2,2025-12-31,23,2025-12-31 23:00:00,0.01581,False
Línea 2,2026-01-01,0,2026-01-01 00:00:00,0.01997,False
Línea 2,2026-01-01,1,2026-01-01 01:00:00,0.01868,False
Línea 2,2026-01-01,2,2026-01-01 02:00:00,0.0198,False
Línea 2,2026-01-01,3,2026-01-01 03:00:00,0.02638,False
Línea 2,2026-01-01,4,2026-01-01 04:00:00,0.02163,False
Línea 2,2026-01-01,5,2026-01-01 05:00:00,0.01451,False
Línea 2,2026-01-01,6,2026-01-01 06:00:00,0.02077,False
Línea 2,2026-01-01,7,2026-01-01 07:00:00,0.02252,False
Línea 2,2026-01-01,8,2026-01-01 08:00:00,0.03417,False
Línea 2,2026-01-01,9,2026-01-01 09:00:00,0.03975,False
Línea 2,2026-01-01,10,2026-01-01 10:00:00,0.04424,False
Línea 2,2026-01-01,11,2026-01-01 11:00:00,0.02643,False
Línea 2,2026-01-01,12,2026-01-01 12:00:00,0.04024,False
Línea 2,2026-01-01,13,2026-01-01 13:00:00,0.03255,False
Línea 2,2026-01-01,14,2026-01-01 14:00:00,0.05298,False
Línea 2,2026-01-01,15,2026-01-01 15:00:00,0.04247,False
Línea 2,2026-01-01,16,2026-01-01 16:00:00,0.04273,False
Línea 2,2026-01-01,17,2026-01-01 17:00:00,0.0354,False
Línea 2,2026-01-01,18,2026-01-01 18:00:00,0.03081,False
Línea 2,2026-01-01,19,2026-01-01 19:00:00,0.02403,False
Línea 2,2026-01-01,20,2026-01-01 20:00:00,0.02092,False
Línea 2,2026-01-01,21,2026-01-01 21:00:00,0.01806,False
Línea 2,2026-01-01,22,2026-01-01 22:00:00,0.02529,False
Línea 2,2026-01-01,23,2026-01-01 23:00:00,0.03015,False
Línea 2,2026-01-02,0,2026-01-02 00:00:00,0.01837,False
Línea 2,2026-01-02,1,2026-01-02 01:00:00,0.01645,False
Línea 2,2026-01-02,2,2026-01-02 02:00:00,0.01269,False
Línea 2,2026-01-02,3,2026-01-02 03:00:00,0.02433,False
Línea 2,2026-01-02,4,2026-01-02 04:00:00,0.03189,False
Línea 2,2026-01-02,5,2026-01-02 05:00:00,0.03412,False
Línea 2,2026-01-02,6,2026-01-02 06:00:00,0.03679,False
Línea 2,2026-01-02,7,2026-01-02 07:00:00,0.03308,False
Línea 2,2026-01-02,8,2026-01-02 08:00:00,0.03306,False
Línea 2,2026-01-02,9,2026-01-02 09:00:00,0.04186,False
Línea 2,2026-01-02,10,2026-01-02 10:00:00,0.02878,False
Línea 2,2026-01-02,11,2026-01-02 11:00:00,0.0336,False
Línea 2,2026-01-02,12,2026-01-02 12:00:00,0.04678,False
Línea 2,2026-01-02,13,2026-01-02 13:00:00,0.02979,False
Línea 2,2026-01-02,14,2026-01-02 14:00:00,0.03524,False
Línea 2,2026-01-02,15,2026-01-02 15:00:00,0.03796,False
Línea 2,2026-01-02,16,2026-01-02 16:00:00,0.03301,False
Línea 2,2026-01-02,17,2026-01-02 17:00:00,0.03748,False
Línea 2,2026-01-02,18,2026-01-02 18:00:00,0.03767,False
Línea 2,2026-01-02,19,2026-01-02 19:00:00,0.02932,False
Línea 2,2026-01-02,20,2026-01-02 20:00:00,0.03285,False
Línea 2,2026-01-02,21,2026-01-02 21:00:00,0.01729,False
Línea 2,2026-01-02,22,2026-01-02 22:00:00,0.02064,False
Línea 2,2026-01-02,23,2026-01-02 23:00:00,0.03522,False
Línea 2,2026-01-03,0,2026-01-03 00:00:00,0.022,False
Línea 2,2026-01-03,1,2026-01-03 01:00:00,0.00295,False
Línea 2,2026-01-03,2,2026-01-03 02:00:00,0.01133,False
Línea 2,2026-01-03,3,2026-01-03 03:00:00,0.0135,False
Línea 2,2026-01-03,4,2026-01-03 04:00:00,0.01684,False
Línea 2,2026-01-03,5,2026-01-03 05:00:00,0.02391,False
Línea 2,2026-01-03,6,2026-01-03 06:00:00,0.02937,False
Línea 2,2026-01-03,7,2026-01-03 07:00:00,0.02063,False
Línea 2,2026-01-03,8,2026-01-03 08:00:00,0.02907,False
Línea 2,2026-01-03,9,2026-01-03 09:00:00,0.02788,False
Línea 2,2026-01-03,10,2026-01-03 10:00:00,0.02514,False
Línea 2,2026-01-03,11,2026-01-03 11:00:00,0.01588,False
Línea 2,2026-01-03,12,2026-01-03 12:00:00,0.03245,False
Línea 2,2026-01-03,13,2026-01-03 13:00:00,0.0297,False
Línea 2,2026-01-03,14,2026-01-03 14:00:00,0.0276,False
Línea 2,2026-01-03,15,2026-01-03 15:00:00,0.01811,False
Línea 2,2026-01-03,16,2026-01-03 16:00:00,0.03409,False
Línea 2,2026-01-03,17,2026-01-03 17:00:00,0.02132,False
Línea 2,2026-01-03,18,2026-01-03 18:00:00,0.01149,False
Línea 2,2026-01-03,19,2026-01-03 19:00:00,0.00845,False
Línea 2,2026-01-03,20,2026-01-03 20:00:00,0.0184,False
Línea 2,2026-01-03,21,2026-01-03 21:00:00,0.01692,False
Línea 2,2026-01-03,22,2026-01-03 22:00:00,0.00863,False
Línea 2,2026-01-03,23,2026-01-03 23:00:00,0.01339,False
Línea 2,2026-01-04,0,2026-01-04 00:00:00,0.00165,False
Línea 2,2026-01-04,1,2026-01-04 01:00:00,-0.00124,False
Línea 2,2026-01-04,2,2026-01-04 02:00:00,-0.00549,False
Línea 2,2026-01-04,3,2026-01-04 03:00:00,0.00576,False
Línea 2,2026-01-04,4,2026-01-04 04:00:00,0.00667,False
Línea 2,2026-01-04,5,2026-01-04 05:00:00,0.00698,False
Línea 2,2026-01-04,6,2026-01-04 06:00:00,0.00065,False
Línea 2,2026-01-04,7,2026-01-04 07:00:00,-0.00027,False
Línea 2,2026-01-04,8,2026-01-04 08:00:00,0.01011,False
Línea 2,2026-01-04,9,2026-01-04 09:00:00,0.01688,False
Línea 2,2026-01-04,10,2026-01-04 10:00:00,0.01882,False
Línea 2,2026-01-04,11,2026-01-04 11:00:00,0.01688,False
Línea 2,2026-01-04,12,2026-01-04 12:00:00,0.01094,False
Línea 2,2026-01-04,13,2026-01-04 13:00:00,0.00855,False
Línea 2,2026-01-04,14,2026-01-04 14:00:00,0.01247,False
Línea 2,2026-01-04,15,2026-01-04 15:00:00,0.01126,False
Línea 2,2026-01-04,16,2026-01-04 16:00:00,0.01629,False
Línea 2,2026-01-04,17,2026-01-04 17:00:00,0.00484,False
Línea 2,2026-01-04,18,2026-01-04 18:00:00,0.00327,False
Línea 2,2026-01-04,19,2026-01-04 19:00:00,0.01591,False
Línea 2,2026-01-04,20,2026-01-04 20:00:00,0.01095,False
Línea 2,2026-01-04,21,2026-01-04 21:00:00,-0.00531,False
Línea 2,2026-01-04,22,2026-01-04 22:00:00,0.00753,False
Línea 2,2026-01-04,23,2026-01-04 23:00:00,-0.00881,False
Línea 2,2026-01-05,0,2026-01-05 00:00:00,-0.0106,False
Línea 2,2026-01-05,1,2026-01-05 01:00:00,-0.00965,False
Línea 2,2026-01-05,2,2026-01-05 02:00:00,-0.00739,False
Línea 2,2026-01-05,3,2026-01-05 03:00:00,-0.00194,False
Línea 2,2026-01-05,4,2026-01-05 04:00:00,-0.00336,False
Línea 2,2026-01-05,5,2026-01-05 05:00:00,0.00162,False
Línea 2,2026-01-05,6,2026-01-05 06:00:00,-0.00241,False
Línea 2,2026-01-05,7,2026-01-05 07:00:00,0.00432,False
Línea 2,2026-01-05,8,2026-01-05 08:00:00,0.00447,False
Línea 2,2026-01-05,9,2026-01-05 09:00:00,-0.00267,False
Línea 2,2026-01-05,10,2026-01-05 10:00:00,0.00983,False
Línea 2,2026-01-05,11,2026-01-05 11:00:00,0.0083,False
Línea 2,2026-01-05,12,2026-01-05 12:00:00,0.00372,False
Línea 2,2026-01-05,13,2026-01-05 13:00:00,0.00518,False
Línea 2,2026-01-05,14,2026-01-05 14:00:00,0.00453,False
Línea 2,2026-01-05,15,2026-01-05 15:00:00,0.00419,False
Línea 2,2026-01-05,16,2026-01-05 16:00:00,0.01455,False
Línea 2,2026-01-05,17,2026-01-05 17:00:00,0.01461,False
Línea 2,2026-01-05,18,2026-01-05 18:00:00,-0.01636,False
Línea 2,2026-01-05,19,2026-01-05 19:00:00,0.00086,False
Línea 2,2026-01-05,20,2026-01-05 20:00:00,0.00173,False
Línea 2,2026-01-05,21,2026-01-05 21:00:00,-0.00695,False
Línea 2,2026-01-05,22,2026-01-05 22:00:00,-0.00136,False
Línea 2,2026-01-05,23,2026-01-05 23:00:00,0.0022,False
Línea 2,2026-01-06,0,2026-01-06 00:00:00,-0.01058,False
Línea 2,2026-01-06,1,2026-01-06 01:00:00,-0.00128,False
Línea 2,2026-01-06,2,2026-01-06 02:00:00,0.01046,False
Línea 2,2026-01-06,3,2026-01-06 03:00:00,-0.00744,False
Línea 2,2026-01-06,4,2026-01-06 04:00:00,0.00096,False
Línea 2,2026-01-06,5,2026-01-06 05:00:00,0.00089,False
Línea 2,2026-01-06,6,2026-01-06 06:00:00,0.01196,False
Línea 2,2026-01-06,7,2026-01-06 07:00:00,0.01487,False
Línea 2,2026-01-06,8,2026-01-06 08:00:00,0.01062,False
Línea 2,2026-01-06,9,2026-01-06 09:00:00,0.0115,False
Línea 2,2026-01-06,10,2026-01-06 10:00:00,0.00226,False
Línea 2,2026-01-06,11,2026-01-06 11:00:00,0.02191,False
Línea 2,2026-01-06,12,2026-01-06 12:00:00,0.01153,False
Línea 2,2026-01-06,13,2026-01-06 13:00:00,0.01252,False
Línea 2,2026-01-06,14,2026-01-06 14:00:00,0.01841,False
Línea 2,2026-01-06,15,2026-01-06 15:00:00,0.01249,False
Línea 2,2026-01-06,16,2026-01-06 16:00:00,0.01567,False
Línea 2,2026-01-06,17,2026-01-06 17:00:00,0.01134,False
Línea 2,2026-01-06,18,2026-01-06 18:00:00,0.00687,False
Línea 2,2026-01-06,19,2026-01-06 19:00:00,0.00544,False
Línea 2,2026-01-06,20,2026-01-06 20:00:00,-0.00509,False
Línea 2,2026-01-06,21,2026-01-06 21:00:00,-0.0009,False
Línea 2,2026-01-06,22,2026-01-06 22:00:00,0.00522,False
Línea 2,2026-01-06,23,2026-01-06 23:00:00,-0.00747,False
Línea 2,2026-01-07,0,2026-01-07 00:00:00,0.00605,False
Línea 2,2026-01-07,1,2026-01-07 01:00:00,0.00533,False
Línea 2,2026-01-07,2,2026-01-07 02:00:00,0.01233,False
Línea 2,2026-01-07,3,2026-01-07 03:00:00,0.0211,False
Línea 2,2026-01-07,4,2026-01-07 04:00:00,0.01762,False
Línea 2,2026-01-07,5,2026-01-07 05:00:00,0.00321,False
Línea 2,2026-01-07,6,2026-01-07 06:00:00,0.02223,False
Línea 2,2026-01-07,7,2026-01-07 07:00:00,0.01776,False
Línea 2,2026-01-07,8,2026-01-07 08:00:00,0.02539,False
Línea 2,2026-01-07,9,2026-01-07 09:00:00,0.0231,False
Línea 2,2026-01-07,10,2026-01-07 10:00:00,0.0201,False
Línea 2,2026-01-07,11,2026-01-07 11:00:00,0.02564,False
Línea 2,2026-01-07,12,2026-01-07 12:00:00,0.02369,False
Línea 2,2026-01-07,13,2026-01-07 13:00:00,0.02791,False
Línea 2,2026-01-07,14,2026-01-07 14:00:00,0.01995,False
Línea 2,2026-01-07,15,2026-01-07 15:00:00,0.01725,False
Línea 2,2026-01-07,16,2026-01-07 16:00:00,0.02673,False
Línea 2,2026-01-07,17,2026-01-07 17:00:00,0.02706,False
Línea 2,2026-01-07,18,2026-01-07 18:00:00,0.02182,False
Línea 2,2026-01-07,19,2026-01-07 19:00:00,0.01237,False
Línea 2,2026-01-07,20,2026-01-07 20:00:00,0.0099,False
Línea 2,2026-01-07,21,2026-01-07 21:00:00,0.00859,False
Línea 2,2026-01-07,22,2026-01-07 22:00:00,0.01675,False
Línea 2,2026-01-07,23,2026-01-07 23:00:00,0.00566,False
Línea 2,2026-01-08,0,2026-01-08 00:00:00,0.02582,False
Línea 2,2026-01-08,1,2026-01-08 01:00:00,0.02461,False
Línea 2,2026-01-08,2,2026-01-08 02:00:00,0.02901,False
Línea 2,2026-01-08,3,2026-01-08 03:00:00,0.02924,False
Línea 2,2026-01-08,4,2026-01-08 04:00:00,0.02777,False
Línea 2,2026-01-08,5,2026-01-08 05:00:00,0.01763,False
Línea 2,2026-01-08,6,2026-01-08 06:00:00,0.03218,False
Línea 2,2026-01-08,7,2026-01-08 07:00:00,0.03128,False
Línea 2,2026-01-08,8,2026-01-08 08:00:00,0.03028,False
Línea 2,2026-01-08,9,2026-01-08 09:00:00,0.04234,False
Línea 2,2026-01-08,10,2026-01-08 10:00:00,0.03453,False
Línea 2,2026-01-08,11,2026-01-08 11:00:00,0.03307,False
Línea 2,2026-01-08,12,2026-01-08 12:00:00,0.04326,False
Línea 2,2026-01-08,13,2026-01-08 13:00:00,0.03381,False
Línea 2,2026-01-08,14,2026-01-08 14:00:00,0.03197,False
Línea 2,2026-01-08,15,2026-01-08 15:00:00,0.02741,False
Línea 2,2026-01-08,16,2026-01-08 16:00:00,0.02759,False
Línea 2,2026-01-08,17,2026-01-08 17:00:00,0.02618,False
Línea 2,2026-01-08,18,2026-01-08 18:00:00,0.03224,False
Línea 2,2026-01-08,19,2026-01-08 19:00:00,0.02033,False
Línea 2,2026-01-08,20,2026-01-08 20:00:00,0.01337,False
Línea 2,2026-01-08,21,2026-01-08 21:00:00,0.02468,False
Línea 2,2026-01-08,22,2026-01-08 22:00:00,0.01778,False
Línea 2,2026-01-08,23,2026-01-08 23:00:00,0.02069,False
Línea 2,2026-01-09,0,2026-01-09 00:00:00,0.02821,False
Línea 2,2026-01-09,1,2026-01-09 01:00:00,0.02122,False
Línea 2,2026-01-09,2,2026-01-09 02:00:00,0.03064,False
Línea 2,2026-01-09,3,2026-01-09 03:00:00,0.02245,False
Línea 2,2026-01-09,4,2026-01-09 04:00:00,0.03056,False
Línea 2,2026-01-09,5,2026-01-09 05:00:00,0.02316,False
Línea 2,2026-01-09,6,2026-01-09 06:00:00,0.02916,False
Línea 2,2026-01-09,7,2026-01-09 07:00:00,0.02499,False
Línea 2,2026-01-09,8,2026-01-09 08:00:00,0.02763,False
Línea 2,2026-01-09,9,2026-01-09 09:00:00,0.03282,False
Línea 2,2026-01-09,10,2026-01-09 10:00:00,0.02747,False
Línea 2,2026-01-09,11,2026-01-09 11:00:00,0.0372,False
Línea 2,2026-01-09,12,2026-01-09 12:00:00,0.0347,False
Línea 2,2026-01-09,13,2026-01-09 13:00:00,0.03765,False
Línea 2,2026-01-09,14,2026-01-09 14:00:00,0.02756,False
Línea 2,2026-01-09,15,2026-01-09 15:00:00,0.03838,False
Línea 2,2026-01-09,16,2026-01-09 16:00:00,0.0427,False
Línea 2,2026-01-09,17,2026-01-09 17:00:00,0.0395,False
Línea 2,2026-01-09,18,2026-01-09 18:00:00,0.03994,False
Línea 2,2026-01-09,19,2026-01-09 19:00:00,0.0267,False
Línea 2,2026-01-09,20,2026-01-09 20:00:00,0.0224,False
Línea 2,2026-01-09,21,2026-01-09 21:00:00,0.02578,False
Línea 2,2026-01-09,22,2026-01-09 22:00:00,0.02016,False
Línea 2,2026-01-09,23,2026-01-09 23:00:00,0.01034,False
Línea 2,2026-01-10,0,2026-01-10 00:00:00,0.01525,False
Línea 2,2026-01-10,1,2026-01-10 01:00:00,0.0092,False
Línea 2,2026-01-10,2,2026-01-10 02:00:00,0.00261,False
Línea 2,2026-01-10,3,2026-01-10 03:00:00,0.00963,False
Línea 2,2026-01-10,4,2026-01-10 04:00:00,0.01307,False
Línea 2,2026-01-10,5,2026-01-10 05:00:00,0.01634,False
Línea 2,2026-01-10,6,2026-01-10 06:00:00,0.01848,False
Línea 2,2026-01-10,7,2026-01-10 07:00:00,0.02862,False
Línea 2,2026-01-10,8,2026-01-10 08:00:00,0.01461,False
Línea 2,2026-01-10,9,2026-01-10 09:00:00,0.02308,False
Línea 2,2026-01-10,10,2026-01-10 10:00:00,0.01999,False
Línea 2,2026-01-10,11,2026-01-10 11:00:00,0.0336,False
Línea 2,2026-01-10,12,2026-01-10 12:00:00,0.02297,False
Línea 2,2026-01-10,13,2026-01-10 13:00:00,0.024,False
Línea 2,2026-01-10,14,2026-01-10 14:00:00,0.03156,False
Línea 2,2026-01-10,15,2026-01-10 15:00:00,0.03194,False
Línea 2,2026-01-10,16,2026-01-10 16:00:00,0.03117,False
Línea 2,2026-01-10,17,2026-01-10 17:00:00,0.01055,False
Línea 2,2026-01-10,18,2026-01-10 18:00:00,0.02124,False
Línea 2,2026-01-10,19,2026-01-10 19:00:00,0.01789,False
Línea 2,2026-01-10,20,2026-01-10 20:00:00,0.01403,False
Línea 2,2026-01-10,21,2026-01-10 21:00:00,0.01308,False
Línea 2,2026-01-10,22,2026-01-10 22:00:00,0.01912,False
Línea 2,2026-01-10,23,2026-01-10 23:00:00,0.01684,False
Línea 2,2026-01-11,0,2026-01-11 00:00:00,0.00303,False
Línea 2,2026-01-11,1,2026-01-11 01:00:00,-0.00084,False
Línea 2,2026-01-11,2,2026-01-11 02:00:00,0.01234,False
Línea 2,2026-01-11,3,2026-01-11 03:00:00,-0.00241,False
Línea 2,2026-01-11,4,2026-01-11 04:00:00,-0.00805,False
Línea 2,2026-01-11,5,2026-01-11 05:00:00,0.00199,False
Línea 2,2026-01-11,6,2026-01-11 06:00:00,0.00599,False
Línea 2,2026-01-11,7,2026-01-11 07:00:00,0.01554,False
Línea 2,2026-01-11,8,2026-01-11 08:00:00,0.00658,False
Línea 2,2026-01-11,9,2026-01-11 09:00:00,0.01425,False
Línea 2,2026-01-11,10,2026-01-11 10:00:00,0.00371,False
Línea 2,2026-01-11,11,2026-01-11 11:00:00,0.01986,False
Línea 2,2026-01-11,12,2026-01-11 12:00:00,0.01406,False
Línea 2,2026-01-11,13,2026-01-11 13:00:00,0.01169,False
Línea 2,2026-01-11,14,2026-01-11 14:00:00,0.02537,False
Línea 2,2026-01-11,15,2026-01-11 15:00:00,0.01772,False
Línea 2,2026-01-11,16,2026-01-11 16:00:00,0.00341,False
Línea 2,2026-01-11,17,2026-01-11 17:00:00,0.00706,False
Línea 2,2026-01-11,18,2026-01-11 18:00:00,0.02207,False
Línea 2,2026-01-11,19,2026-01-11 19:00:00,0.01545,False
Línea 2,2026-01-11,20,2026-01-11 20:00:00,0.00719,False
Línea 2,2026-01-11,21,2026-01-11 21:00:00,-0.01109,False
Línea 2,2026-01-11,22,2026-01-11 22:00:00,0.00671,False
Línea 2,2026-01-11,23,2026-01-11 23:00:00,-0.00589,False
Línea 2,2026-01-12,0,2026-01-12 00:00:00,-6e-05,False
Línea 2,2026-01-12,1,2026-01-12 01:00:00,-0.01206,False
Línea 2,2026-01-12,2,2026-01-12 02:00:00,-0.004,False
Línea 2,2026-01-12,3,2026-01-12 03:00:00,-0.0095,False
Línea 2,2026-01-12,4,2026-01-12 04:00:00,-0.00618,False
Línea 2,2026-01-12,5,2026-01-12 05:00:00,0.00166,False
Línea 2,2026-01-12,6,2026-01-12 06:00:00,-0.00791,False
Línea 2,2026-01-12,7,2026-01-12 07:00:00,0.01631,False
Línea 2,2026-01-12,8,2026-01-12 08:00:00,-0.00216,False
Línea 2,2026-01-12,9,2026-01-12 09:00:00,-0.00084,False
Línea 2,2026-01-12,10,2026-01-12 10:00:00,0.01068,False
Línea 2,2026-01-12,11,2026-01-12 11:00:00,0.01548,False
Línea 2,2026-01-12,12,2026-01-12 12:00:00,0.00606,False
Línea 2,2026-01-12,13,2026-01-12 13:00:00,0.0013,False
Línea 2,2026-01-12,14,2026-01-12 14:00:00,0.00139,False
Línea 2,2026-01-12,15,2026-01-12 15:00:00,-0.00052,False
Línea 2,2026-01-12,16,2026-01-12 16:00:00,0.00585,False
Línea 2,2026-01-12,17,2026-01-12 17:00:00,0.00165,False
Línea 2,2026-01-12,18,2026-01-12 18:00:00,0.00255,False
Línea 2,2026-01-12,19,2026-01-12 19:00:00,0.00012,False
Línea 2,2026-01-12,20,2026-01-12 20:00:00,0.00095,False
Línea 2,2026-01-12,21,2026-01-12 21:00:00,-0.00812,False
Línea 2,2026-01-12,22,2026-01-12 22:00:00,-0.01136,False
Línea 2,2026-01-12,23,2026-01-12 23:00:00,-0.00679,False
Línea 2,2026-01-13,0,2026-01-13 00:00:00,-0.00268,False
Línea 2,2026-01-13,1,2026-01-13 01:00:00,-0.00056,False
Línea 2,2026-01-13,2,2026-01-13 02:00:00,-0.00555,False
Línea 2,2026-01-13,3,2026-01-13 03:00:00,0.00384,False
Línea 2,2026-01-13,4,2026-01-13 04:00:00,-0.00542,False
Línea 2,2026-01-13,5,2026-01-13 05:00:00,0.00093,False
Línea 2,2026-01-13,6,2026-01-13 06:00:00,0.01242,False
Línea 2,2026-01-13,7,2026-01-13 07:00:00,0.00093,False
Línea 2,2026-01-13,8,2026-01-13 08:00:00,0.01595,False
Línea 2,2026-01-13,9,2026-01-13 09:00:00,0.00285,False
Línea 2,2026-01-13,10,2026-01-13 10:00:00,0.00306,False
Línea 2,2026-01-13,11,2026-01-13 11:00:00,0.00441,False
Línea 2,2026-01-13,12,2026-01-13 12:00:00,0.01435,False
Línea 2,2026-01-13,13,2026-01-13 13:00:00,0.01775,False
Línea 2,2026-01-13,14,2026-01-13 14:00:00,0.02033,False
Línea 2,2026-01-13,15,2026-01-13 15:00:00,0.01858,False
Línea 2,2026-01-13,16,2026-01-13 16:00:00,0.01482,False
Línea 2,2026-01-13,17,2026-01-13 17:00:00,0.00273,False
Línea 2,2026-01-13,18,2026-01-13 18:00:00,0.0006,False
Línea 2,2026-01-13,19,2026-01-13 19:00:00,0.0083,False
Línea 2,2026-01-13,20,2026-01-13 20:00:00,0.01018,False
Línea 2,2026-01-13,21,2026-01-13 21:00:00,-0.0062,False
Línea 2,2026-01-13,22,2026-01-13 22:00:00,0.00648,False
Línea 2,2026-01-13,23,2026-01-13 23:00:00,-0.0136,False
Línea 2,2026-01-14,0,2026-01-14 00:00:00,0.01268,False
Línea 2,2026-01-14,1,2026-01-14 01:00:00,0.00999,False
Línea 2,2026-01-14,2,2026-01-14 02:00:00,0.01018,False
Línea 2,2026-01-14,3,2026-01-14 03:00:00,0.01287,False
Línea 2,2026-01-14,4,2026-01-14 04:00:00,0.00922,False
Línea 2,2026-01-14,5,2026-01-14 05:00:00,0.01894,False
Línea 2,2026-01-14,6,2026-01-14 06:00:00,0.0187,False
Línea 2,2026-01-14,7,2026-01-14 07:00:00,0.02602,False
Línea 2,2026-01-14,8,2026-01-14 08:00:00,0.03188,False
Línea 2,2026-01-14,9,2026-01-14 09:00:00,0.02476,False
Línea 2,2026-01-14,10,2026-01-14 10:00:00,0.02035,False
Línea 2,2026-01-14,11,2026-01-14 11:00:00,0.01924,False
Línea 2,2026-01-14,12,2026-01-14 12:00:00,0.03653,False
Línea 2,2026-01-14,13,2026-01-14 13:00:00,0.03549,False
Línea 2,2026-01-14,14,2026-01-14 14:00:00,0.03059,False
Línea 2,2026-01-14,15,2026-01-14 15:00:00,0.02435,False
Línea 2,2026-01-14,16,2026-01-14 16:00:00,0.02723,False
Línea 2,2026-01-14,17,2026-01-14 17:00:00,0.02824,False
Línea 2,2026-01-14,18,2026-01-14 18:00:00,0.01463,False
Línea 2,2026-01-14,19,2026-01-14 19:00:00,0.01645,False
Línea 2,2026-01-14,20,2026-01-14 20:00:00,0.0077,False
Línea 2,2026-01-14,21,2026-01-14 21:00:00,0.01191,False
Línea 2,2026-01-14,22,2026-01-14 22:00:00,0.02068,False
Línea 2,2026-01-14,23,2026-01-14 23:00:00,0.01708,False
Línea 2,2026-01-15,0,2026-01-15 00:00:00,0.02132,False
Línea 2,2026-01-15,1,2026-01-15 01:00:00,0.00463,False
Línea 2,2026-01-15,2,2026-01-15 02:00:00,0.01765,False
Línea 2,2026-01-15,3,2026-01-15 03:00:00,0.02347,False
Línea 2,2026-01-15,4,2026-01-15 04:00:00,0.02322,False
Línea 2,2026-01-15,5,2026-01-15 05:00:00,0.02664,False
Línea 2,2026-01-15,6,2026-01-15 06:00:00,0.02997,False
Línea 2,2026-01-15,7,2026-01-15 07:00:00,0.02738,False
Línea 2,2026-01-15,8,2026-01-15 08:00:00,0.03247,False
Línea 2,2026-01-15,9,2026-01-15 09:00:00,0.03327,False
Línea 2,2026-01-15,10,2026-01-15 10:00:00,0.03122,False
Línea 2,2026-01-15,11,2026-01-15 11:00:00,0.04732,False
Línea 2,2026-01-15,12,2026-01-15 12:00:00,0.03366,False
Línea 2,2026-01-15,13,2026-01-15 13:00:00,0.02272,False
Línea 2,2026-01-15,14,2026-01-15 14:00:00,0.04614,False
Línea 2,2026-01-15,15,2026-01-15 15:00:00,0.02909,False
Línea 2,2026-01-15,16,2026-01-15 16:00:00,0.03791,False
Línea 2,2026-01-15,17,2026-01-15 17:00:00,0.0265,False
Línea 2,2026-01-15,18,2026-01-15 18:00:00,0.03193,False
Línea 2,2026-01-15,19,2026-01-15 19:00:00,0.02616,False
Línea 2,2026-01-15,20,2026-01-15 20:00:00,0.03052,False
Línea 2,2026-01-15,21,2026-01-15 21:00:00,0.02158,False
Línea 2,2026-01-15,22,2026-01-15 22:00:00,0.01765,False
Línea 2,2026-01-15,23,2026-01-15 23:00:00,0.02233,False
Línea 2,2026-01-16,0,2026-01-16 00:00:00,0.01822,False
Línea 2,2026-01-16,1,2026-01-16 01:00:00,0.00921,False
Línea 2,2026-01-16,2,2026-01-16 02:00:00,0.01798,False
Línea 2,2026-01-16,3,2026-01-16 03:00:00,0.04007,False
Línea 2,2026-01-16,4,2026-01-16 04:00:00,0.01359,False
Línea 2,2026-01-16,5,2026-01-16 05:00:00,0.02789,False
Línea 2,2026-01-16,6,2026-01-16 06:00:00,0.02706,False
Línea 2,2026-01-16,7,2026-01-16 07:00:00,0.0416,False
Línea 2,2026-01-16,8,2026-01-16 08:00:00,0.02585,False
Línea 2,2026-01-16,9,2026-01-16 09:00:00,0.03478,False
Línea 2,2026-01-16,10,2026-01-16 10:00:00,0.03956,False
Línea 2,2026-01-16,11,2026-01-16 11:00:00,0.03517,False
Línea 2,2026-01-16,12,2026-01-16 12:00:00,0.03191,False
Línea 2,2026-01-16,13,2026-01-16 13:00:00,0.03611,False
Línea 2,2026-01-16,14,2026-01-16 14:00:00,0.03359,False
Línea 2,2026-01-16,15,2026-01-16 15:00:00,0.0323,False
Línea 2,2026-01-16,16,2026-01-16 16:00:00,0.0381,False
Línea 2,2026-01-16,17,2026-01-16 17:00:00,0.033,False
Línea 2,2026-01-16,18,2026-01-16 18:00:00,0.03183,False
Línea 2,2026-01-16,19,2026-01-16 19:00:00,0.02843,False
Línea 2,2026-01-16,20,2026-01-16 20:00:00,0.03027,False
Línea 2,2026-01-16,21,2026-01-16 21:00:00,0.03068,False
Línea 2,2026-01-16,22,2026-01-16 22:00:00,0.01987,False
Línea 2,2026-01-16,23,2026-01-16 23:00:00,0.0257,False
Línea 2,2026-01-17,0,2026-01-17 00:00:00,0.00256,False
Línea 2,2026-01-17,1,2026-01-17 01:00:00,-0.00291,False
Línea 2,2026-01-17,2,2026-01-17 02:00:00,0.02237,False
Línea 2,2026-01-17,3,2026-01-17 03:00:00,0.01068,False
Línea 2,2026-01-17,4,2026-01-17 04:00:00,0.01585,False
Línea 2,2026-01-17,5,2026-01-17 05:00:00,0.00892,False
Línea 2,2026-01-17,6,2026-01-17 06:00:00,0.01071,False
Línea 2,2026-01-17,7,2026-01-17 07:00:00,0.01613,False
Línea 2,2026-01-17,8,2026-01-17 08:00:00,0.0262,False
Línea 2,2026-01-17,9,2026-01-17 09:00:00,0.0209,False
Línea 2,2026-01-17,10,2026-01-17 10:00:00,0.02325,False
Línea 2,2026-01-17,11,2026-01-17 11:00:00,0.0216,False
Línea 2,2026-01-17,12,2026-01-17 12:00:00,0.03333,False
Línea 2,2026-01-17,13,2026-01-17 13:00:00,0.03128,False
Línea 2,2026-01-17,14,2026-01-17 14:00:00,0.02236,False
Línea 2,2026-01-17,15,2026-01-17 15:00:00,0.0281,False
Línea 2,2026-01-17,16,2026-01-17 16:00:00,0.02087,False
Línea 2,2026-01-17,17,2026-01-17 17:00:00,0.01838,False
Línea 2,2026-01-17,18,2026-01-17 18:00:00,0.01804,False
Línea 2,2026-01-17,19,2026-01-17 19:00:00,0.02013,False
Línea 2,2026-01-17,20,2026-01-17 20:00:00,0.00898,False
Línea 2,2026-01-17,21,2026-01-17 21:00:00,0.0157,False
Línea 2,2026-01-17,22,2026-01-17 22:00:00,0.0264,False
Línea 2,2026-01-17,23,2026-01-17 23:00:00,0.01171,False
Línea 2,2026-01-18,0,2026-01-18 00:00:00,-0.00214,False
Línea 2,2026-01-18,1,2026-01-18 01:00:00,-0.00258,False
Línea 2,2026-01-18,2,2026-01-18 02:00:00,0.00159,False
Línea 2,2026-01-18,3,2026-01-18 03:00:00,-0.00967,False
Línea 2,2026-01-18,4,2026-01-18 04:00:00,0.01185,False
Línea 2,2026-01-18,5,2026-01-18 05:00:00,0.00946,False
Línea 2,2026-01-18,6,2026-01-18 06:00:00,0.00178,False
Línea 2,2026-01-18,7,2026-01-18 07:00:00,0.00791,False
Línea 2,2026-01-18,8,2026-01-18 08:00:00,0.0063,False
Línea 2,2026-01-18,9,2026-01-18 09:00:00,0.0131,False
Línea 2,2026-01-18,10,2026-01-18 10:00:00,0.01294,False
Línea 2,2026-01-18,11,2026-01-18 11:00:00,0.01475,False
Línea 2,2026-01-18,12,2026-01-18 12:00:00,0.00748,False
Línea 2,2026-01-18,13,2026-01-18 13:00:00,0.01049,False
Línea 2,2026-01-18,14,2026-01-18 14:00:00,0.01945,False
Línea 2,2026-01-18,15,2026-01-18 15:00:00,0.0081,False
Línea 2,2026-01-18,16,2026-01-18 16:00:00,-0.00621,False
Línea 2,2026-01-18,17,2026-01-18 17:00:00,0.00681,False
Línea 2,2026-01-18,18,2026-01-18 18:00:00,0.02012,False
Línea 2,2026-01-18,19,2026-01-18 19:00:00,0.00867,False
Línea 2,2026-01-18,20,2026-01-18 20:00:00,-0.00186,False
Línea 2,2026-01-18,21,2026-01-18 21:00:00,-0.00031,False
Línea 2,2026-01-18,22,2026-01-18 22:00:00,0.0028,False
Línea 2,2026-01-18,23,2026-01-18 23:00:00,-0.01262,False
Línea 2,2026-01-19,0,2026-01-19 00:00:00,-0.01314,False
Línea 2,2026-01-19,1,2026-01-19 01:00:00,-0.00534,False
Línea 2,2026-01-19,2,2026-01-19 02:00:00,0.00264,False
Línea 2,2026-01-19,3,2026-01-19 03:00:00,-0.00829,False
Línea 2,2026-01-19,4,2026-01-19 04:00:00,0.0054,False
Línea 2,2026-01-19,5,2026-01-19 05:00:00,-0.0066,False
Línea 2,2026-01-19,6,2026-01-19 06:00:00,-0.02031,False
Línea 2,2026-01-19,7,2026-01-19 07:00:00,0.00653,False
Línea 2,2026-01-19,8,2026-01-19 08:00:00,0.00724,False
Línea 2,2026-01-19,9,2026-01-19 09:00:00,0.01007,False
Línea 2,2026-01-19,10,2026-01-19 10:00:00,0.01111,False
Línea 2,2026-01-19,11,2026-01-19 11:00:00,0.00888,False
Línea 2,2026-01-19,12,2026-01-19 12:00:00,0.00645,False
Línea 2,2026-01-19,13,2026-01-19 13:00:00,0.0064,False
Línea 2,2026-01-19,14,2026-01-19 14:00:00,0.00417,False
Línea 2,2026-01-19,15,2026-01-19 15:00:00,0.00325,False
Línea 2,2026-01-19,16,2026-01-19 16:00:00,-0.00687,False
Línea 2,2026-01-19,17,2026-01-19 17:00:00,-0.00522,False
Línea 2,2026-01-19,18,2026-01-19 18:00:00,-0.00098,False
Línea 2,2026-01-19,19,2026-01-19 19:00:00,-0.01552,False
Línea 2,2026-01-19,20,2026-01-19 20:00:00,-0.01605,False
Línea 2,2026-01-19,21,2026-01-19 21:00:00,-0.00766,False
Línea 2,2026-01-19,22,2026-01-19 22:00:00,-0.0077,False
Línea 2,2026-01-19,23,2026-01-19 23:00:00,-0.00961,False
Línea 2,2026-01-20,0,2026-01-20 00:00:00,-0.01663,False
Línea 2,2026-01-20,1,2026-01-20 01:00:00,0.00723,False
Línea 2,2026-01-20,2,2026-01-20 02:00:00,-0.0099,False
Línea 2,2026-01-20,3,2026-01-20 03:00:00,-0.00492,False
Línea 2,2026-01-20,4,2026-01-20 04:00:00,-0.00592,False
Línea 2,2026-01-20,5,2026-01-20 05:00:00,0.01137,False
Línea 2,2026-01-20,6,2026-01-20 06:00:00,0.00818,False
Línea 2,2026-01-20,7,2026-01-20 07:00:00,0.00488,False
Línea 2,2026-01-20,8,2026-01-20 08:00:00,0.00639,False
Línea 2,2026-01-20,9,2026-01-20 09:00:00,0.01238,False
Línea 2,2026-01-20,10,2026-01-20 10:00:00,0.0051,False
Línea 2,2026-01-20,11,2026-01-20 11:00:00,0.01566,False
Línea 2,2026-01-20,12,2026-01-20 12:00:00,0.01036,False
Línea 2,2026-01-20,13,2026-01-20 13:00:00,0.01649,False
Línea 2,2026-01-20,14,2026-01-20 14:00:00,0.01549,False
Línea 2,2026-01-20,15,2026-01-20 15:00:00,0.00774,False
Línea 2,2026-01-20,16,2026-01-20 16:00:00,-0.00267,False
Línea 2,2026-01-20,17,2026-01-20 17:00:00,0.00624,False
Línea 2,2026-01-20,18,2026-01-20 18:00:00,-0.00305,False
Línea 2,2026-01-20,19,2026-01-20 19:00:00,0.00405,False
Línea 2,2026-01-20,20,2026-01-20 20:00:00,0.00011,False
Línea 2,2026-01-20,21,2026-01-20 21:00:00,-0.00354,False
Línea 2,2026-01-20,22,2026-01-20 22:00:00,-0.00905,False
Línea 2,2026-01-20,23,2026-01-20 23:00:00,0.00504,False
Línea 2,2026-01-21,0,2026-01-21 00:00:00,0.00762,False
Línea 2,2026-01-21,1,2026-01-21 01:00:00,0.02473,False
Línea 2,2026-01-21,2,2026-01-21 02:00:00,0.01162,False
Línea 2,2026-01-21,3,2026-01-21 03:00:00,0.01479,False
Línea 2,2026-01-21,4,2026-01-21 04:00:00,0.01457,False
Línea 2,2026-01-21,5,2026-01-21 05:00:00,0.01832,False
Línea 2,2026-01-21,6,2026-01-21 06:00:00,0.02489,False
Línea 2,2026-01-21,7,2026-01-21 07:00:00,0.02703,False
Línea 2,2026-01-21,8,2026-01-21 08:00:00,0.01174,False
Línea 2,2026-01-21,9,2026-01-21 09:00:00,0.02913,False
Línea 2,2026-01-21,10,2026-01-21 10:00:00,0.03502,True
Línea 2,2026-01-21,11,2026-01-21 11:00:00,0.05661,True
Línea 2,2026-01-21,12,2026-01-21 12:00:00,0.08661,True
Línea 2,2026-01-21,13,2026-01-21 13:00:00,0.06691,True
Línea 2,2026-01-21,14,2026-01-21 14:00:00,0.03746,True
Línea 2,2026-01-21,15,2026-01-21 15:00:00,0.02073,False
Línea 2,2026-01-21,16,2026-01-21 16:00:00,0.01518,False
Línea 2,2026-01-21,17,2026-01-21 17:00:00,0.02493,False
Línea 2,2026-01-21,18,2026-01-21 18:00:00,0.0265,False
Línea 2,2026-01-21,19,2026-01-21 19:00:00,0.0041,False
Línea 2,2026-01-21,20,2026-01-21 20:00:00,0.02086,False
Línea 2,2026-01-21,21,2026-01-21 21:00:00,0.01115,False
Línea 2,2026-01-21,22,2026-01-21 22:00:00,0.00056,False
Línea 2,2026-01-21,23,2026-01-21 23:00:00,0.01343,False
Línea 2,2026-01-22,0,2026-01-22 00:00:00,0.02597,False
Línea 2,2026-01-22,1,2026-01-22 01:00:00,0.01868,False
Línea 2,2026-01-22,2,2026-01-22 02:00:00,0.01524,False
Línea 2,2026-01-22,3,2026-01-22 03:00:00,0.03313,False
Línea 2,2026-01-22,4,2026-01-22 04:00:00,0.0205,False
Línea 2,2026-01-22,5,2026-01-22 05:00:00,0.0334,False
Línea 2,2026-01-22,6,2026-01-22 06:00:00,0.01944,False
Línea 2,2026-01-22,7,2026-01-22 07:00:00,0.03308,False
Línea 2,2026-01-22,8,2026-01-22 08:00:00,0.03484,False
Línea 2,2026-01-22,9,2026-01-22 09:00:00,0.03941,False
Línea 2,2026-01-22,10,2026-01-22 10:00:00,0.0444,False
Línea 2,2026-01-22,11,2026-01-22 11:00:00,0.03136,False
Línea 2,2026-01-22,12,2026-01-22 12:00:00,0.03964,False
Línea 2,2026-01-22,13,2026-01-22 13:00:00,0.02804,False
Línea 2,2026-01-22,14,2026-01-22 14:00:00,0.02718,False
Línea 2,2026-01-22,15,2026-01-22 15:00:00,0.0307,False
Línea 2,2026-01-22,16,2026-01-22 16:00:00,0.03497,False
Línea 2,2026-01-22,17,2026-01-22 17:00:00,0.04065,False
Línea 2,2026-01-22,18,2026-01-22 18:00:00,0.03967,False
Línea 2,2026-01-22,19,2026-01-22 19:00:00,0.02431,False
Línea 2,2026-01-22,20,2026-01-22 20:00:00,0.02635,False
Línea 2,2026-01-22,21,2026-01-22 21:00:00,0.02852,False
Línea 2,2026-01-22,22,2026-01-22 22:00:00,0.02618,False
Línea 2,2026-01-22,23,2026-01-22 23:00:00,0.01977,False
Línea 2,2026-01-23,0,2026-01-23 00:00:00,0.02097,False
Línea 2,2026-01-23,1,2026-01-23 01:00:00,0.02013,False
Línea 2,2026-01-23,2,2026-01-23 02:00:00,0.02034,False
Línea 2,2026-01-23,3,2026-01-23 03:00:00,0.02081,False
Línea 2,2026-01-23,4,2026-01-23 04:00:00,0.0238,False
Línea 2,2026-01-23,5,2026-01-23 05:00:00,0.02401,False
Línea 2,2026-01-23,6,2026-01-23 06:00:00,0.0217,False
Línea 2,2026-01-23,7,2026-01-23 07:00:00,0.03576,False
Línea 2,2026-01-23,8,2026-01-23 08:00:00,0.03561,False
Línea 2,2026-01-23,9,2026-01-23 09:00:00,0.04543,False
Línea 2,2026-01-23,10,2026-01-23 10:00:00,0.03766,False
Línea 2,2026-01-23,11,2026-01-23 11:00:00,0.03374,False
Línea 2,2026-01-23,12,2026-01-23 12:00:00,0.03276,False
Línea 2,2026-01-23,13,2026-01-23 13:00:00,0.03653,False
Línea 2,2026-01-23,14,2026-01-23 14:00:00,0.03876,False
Línea 2,2026-01-23,15,2026-01-23 15:00:00,0.0327,False
Línea 2,2026-01-23,16,2026-01-23 16:00:00,0.02369,False
Línea 2,2026-01-23,17,2026-01-23 17:00:00,0.02615,False
Línea 2,2026-01-23,18,2026-01-23 18:00:00,0.02862,False
Línea 2,2026-01-23,19,2026-01-23 19:00:00,0.03089,False
Línea 2,2026-01-23,20,2026-01-23 20:00:00,0.0156,False
Línea 2,2026-01-23,21,2026-01-23 21:00:00,0.02445,False
Línea 2,2026-01-23,22,2026-01-23 22:00:00,0.02291,False
Línea 2,2026-01-23,23,2026-01-23 23:00:00,0.01808,False
Línea 2,2026-01-24,0,2026-01-24 00:00:00,0.00682,False
Línea 2,2026-01-24,1,2026-01-24 01:00:00,0.00619,False
Línea 2,2026-01-24,2,2026-01-24 02:00:00,0.01225,False
Línea 2,2026-01-24,3,2026-01-24 03:00:00,0.01944,False
Línea 2,2026-01-24,4,2026-01-24 04:00:00,0.02152,False
Línea 2,2026-01-24,5,2026-01-24 05:00:00,0.00952,False
Línea 2,2026-01-24,6,2026-01-24 06:00:00,0.01722,False
Línea 2,2026-01-24,7,2026-01-24 07:00:00,0.00725,False
Línea 2,2026-01-24,8,2026-01-24 08:00:00,0.02299,False
Línea 2,2026-01-24,9,2026-01-24 09:00:00,0.02758,False
Línea 2,2026-01-24,10,2026-01-24 10:00:00,0.03469,False
Línea 2,2026-01-24,11,2026-01-24 11:00:00,0.01535,False
Línea 2,2026-01-24,12,2026-01-24 12:00:00,0.01981,False
Línea 2,2026-01-24,13,2026-01-24 13:00:00,0.02693,False
Línea 2,2026-01-24,14,2026-01-24 14:00:00,0.01556,False
Línea 2,2026-01-24,15,2026-01-24 15:00:00,0.02503,False
Línea 2,2026-01-24,16,2026-01-24 16:00:00,0.02608,False
Línea 2,2026-01-24,17,2026-01-24 17:00:00,0.01272,False
Línea 2,2026-01-24,18,2026-01-24 18:00:00,0.01913,False
Línea 2,2026-01-24,19,2026-01-24 19:00:00,0.00899,False
Línea 2,2026-01-24,20,2026-01-24 20:00:00,0.02259,False
Línea 2,2026-01-24,21,2026-01-24 21:00:00,0.01392,False
Línea 2,2026-01-24,22,2026-01-24 22:00:00,0.00757,False
Línea 2,2026-01-24,23,2026-01-24 23:00:00,0.00318,False
Línea 2,2026-01-25,0,2026-01-25 00:00:00,-2e-05,False
Línea 2,2026-01-25,1,2026-01-25 01:00:00,0.00607,False
Línea 2,2026-01-25,2,2026-01-25 02:00:00,-0.00591,False
Línea 2,2026-01-25,3,2026-01-25 03:00:00,-0.00265,False
Línea 2,2026-01-25,4,2026-01-25 04:00:00,-0.00287,False
Línea 2,2026-01-25,5,2026-01-25 05:00:00,0.01291,False
Línea 2,2026-01-25,6,2026-01-25 06:00:00,-0.0058,False
Línea 2,2026-01-25,7,2026-01-25 07:00:00,0.01543,False
Línea 2,2026-01-25,8,2026-01-25 08:00:00,0.00738,False
Línea 2,2026-01-25,9,2026-01-25 09:00:00,0.01087,False
Línea 2,2026-01-25,10,2026-01-25 10:00:00,0.01053,False
Línea 2,2026-01-25,11,2026-01-25 11:00:00,0.01481,False
Línea 2,2026-01-25,12,2026-01-25 12:00:00,0.00927,False
Línea 2,2026-01-25,13,2026-01-25 13:00:00,0.01973,False
Línea 2,2026-01-25,14,2026-01-25 14:00:00,0.01917,False
Línea 2,2026-01-25,15,2026-01-25 15:00:00,0.0054,False
Línea 2,2026-01-25,16,2026-01-25 16:00:00,0.01365,False
Línea 2,2026-01-25,17,2026-01-25 17:00:00,0.00558,False
Línea 2,2026-01-25,18,2026-01-25 18:00:00,0.00596,False
Línea 2,2026-01-25,19,2026-01-25 19:00:00,0.01273,False
Línea 2,2026-01-25,20,2026-01-25 20:00:00,-0.0024,False
Línea 2,2026-01-25,21,2026-01-25 21:00:00,0.00555,False
Línea 2,2026-01-25,22,2026-01-25 22:00:00,0.00146,False
Línea 2,2026-01-25,23,2026-01-25 23:00:00,-0.00324,False
Línea 2,2026-01-26,0,2026-01-26 00:00:00,-0.0058,False
Línea 2,2026-01-26,1,2026-01-26 01:00:00,-0.00624,False
Línea 2,2026-01-26,2,2026-01-26 02:00:00,-0.01388,False
Línea 2,2026-01-26,3,2026-01-26 03:00:00,-0.0093,False
Línea 2,2026-01-26,4,2026-01-26 04:00:00,-0.01027,False
Línea 2,2026-01-26,5,2026-01-26 05:00:00,-0.00373,False
Línea 2,2026-01-26,6,2026-01-26 06:00:00,0.00807,False
Línea 2,2026-01-26,7,2026-01-26 07:00:00,0.00556,False
Línea 2,2026-01-26,8,2026-01-26 08:00:00,-0.0046,False
Línea 2,2026-01-26,9,2026-01-26 09:00:00,0.00402,False
Línea 2,2026-01-26,10,2026-01-26 10:00:00,0.00833,False
Línea 2,2026-01-26,11,2026-01-26 11:00:00,0.01219,False
Línea 2,2026-01-26,12,2026-01-26 12:00:00,0.0041,False
Línea 2,2026-01-26,13,2026-01-26 13:00:00,0.0003,False
Línea 2,2026-01-26,14,2026-01-26 14:00:00,0.00659,False
Línea 2,2026-01-26,15,2026-01-26 15:00:00,0.00907,False
Línea 2,2026-01-26,16,2026-01-26 16:00:00,0.00541,False
Línea 2,2026-01-26,17,2026-01-26 17:00:00,-0.00324,False
Línea 2,2026-01-26,18,2026-01-26 18:00:00,0.01053,False
Línea 2,2026-01-26,19,2026-01-26 19:00:00,-0.00266,False
Línea 2,2026-01-26,20,2026-01-26 20:00:00,-0.00284,False
Línea 2,2026-01-26,21,2026-01-26 21:00:00,-0.00963,False
Línea 2,2026-01-26,22,2026-01-26 22:00:00,-0.00029,False
Línea 2,2026-01-26,23,2026-01-26 23:00:00,-0.0043,False
Línea 2,2026-01-27,0,2026-01-27 00:00:00,-0.00046,False
Línea 2,2026-01-27,1,2026-01-27 01:00:00,-0.00899,False
Línea 2,2026-01-27,2,2026-01-27 02:00:00,0.00528,False
Línea 2,2026-01-27,3,2026-01-27 03:00:00,0.00453,False
Línea 2,2026-01-27,4,2026-01-27 04:00:00,0.00774,False
Línea 2,2026-01-27,5,2026-01-27 05:00:00,0.0038,False
Línea 2,2026-01-27,6,2026-01-27 06:00:00,0.0052,False
Línea 2,2026-01-27,7,2026-01-27 07:00:00,0.00663,False
Línea 2,2026-01-27,8,2026-01-27 08:00:00,0.02332,False
Línea 2,2026-01-27,9,2026-01-27 09:00:00,0.00805,False
Línea 2,2026-01-27,10,2026-01-27 10:00:00,0.00546,False
Línea 2,2026-01-27,11,2026-01-27 11:00:00,0.01114,False
Línea 2,2026-01-27,12,2026-01-27 12:00:00,0.01045,False
Línea 2,2026-01-27,13,2026-01-27 13:00:00,0.02093,False
Línea 2,2026-01-27,14,2026-01-27 14:00:00,0.00444,False
Línea 2,2026-01-27,15,2026-01-27 15:00:00,0.00794,False
Línea 2,2026-01-27,16,2026-01-27 16:00:00,0.01079,False
Línea 2,2026-01-27,17,2026-01-27 17:00:00,0.01533,False
Línea 2,2026-01-27,18,2026-01-27 18:00:00,0.00993,False
Línea 2,2026-01-27,19,2026-01-27 19:00:00,0.01329,False
Línea 2,2026-01-27,20,2026-01-27 20:00:00,0.00372,False
Línea 2,2026-01-27,21,2026-01-27 21:00:00,-0.00123,False
Línea 2,2026-01-27,22,2026-01-27 22:00:00,0.00385,False
Línea 2,2026-01-27,23,2026-01-27 23:00:00,-0.01028,False
Línea 2,2026-01-28,0,2026-01-28 00:00:00,8e-05,False
Línea 2,2026-01-28,1,2026-01-28 01:00:00,0.01647,False
Línea 2,2026-01-28,2,2026-01-28 02:00:00,0.01267,False
Línea 2,2026-01-28,3,2026-01-28 03:00:00,0.01846,False
Línea 2,2026-01-28,4,2026-01-28 04:00:00,0.00922,False
Línea 2,2026-01-28,5,2026-01-28 05:00:00,0.02398,False
Línea 2,2026-01-28,6,2026-01-28 06:00:00,0.02236,False
Línea 2,2026-01-28,7,2026-01-28 07:00:00,0.02022,False
Línea 2,2026-01-28,8,2026-01-28 08:00:00,0.02358,False
Línea 2,2026-01-28,9,2026-01-28 09:00:00,0.02608,False
Línea 2,2026-01-28,10,2026-01-28 10:00:00,0.02013,False
Línea 2,2026-01-28,11,2026-01-28 11:00:00,0.02376,False
Línea 2,2026-01-28,12,2026-01-28 12:00:00,0.02832,False
Línea 2,2026-01-28,13,2026-01-28 13:00:00,0.02351,False
Línea 2,2026-01-28,14,2026-01-28 14:00:00,0.01645,False
Línea 2,2026-01-28,15,2026-01-28 15:00:00,0.02576,False
Línea 2,2026-01-28,16,2026-01-28 16:00:00,0.02735,False
Línea 2,2026-01-28,17,2026-01-28 17:00:00,0.02682,False
Línea 2,2026-01-28,18,2026-01-28 18:00:00,0.02153,False
Línea 2,2026-01-28,19,2026-01-28 19:00:00,0.02118,False
Línea 2,2026-01-28,20,2026-01-28 20:00:00,0.02026,False
Línea 2,2026-01-28,21,2026-01-28 21:00:00,0.01316,False
Línea 2,2026-01-28,22,2026-01-28 22:00:00,-0.0013,False
Línea 2,2026-01-28,23,2026-01-28 23:00:00,0.01757,False
